Unity Editor version:    6000.0.74f1 (7685f01dc6be)
Branch:                  6000.0/staging
Build type:              Release
Batch mode:              YES
macOS version:           Version 26.6 (Build 25G72)
Darwin version:          25.6.0
Architecture:            arm64
Running under Rosetta:   NO
Available memory:        16384 MB
[Licensing::Module] Trying to connect to existing licensing client channel...
[Licensing::IpcConnector] Successfully connected to: "LicenseClient-robert" at "2026-08-03T18:11:50.384721Z"
Launching external process: /Applications/Unity/Hub/Editor/6000.0.74f1/Unity.app/Contents/Resources/PackageManager/Server/UnityPackageManager

COMMAND LINE ARGUMENTS:
/Applications/Unity/Hub/Editor/6000.0.74f1/Unity.app/Contents/MacOS/Unity
-batchmode
-projectPath
/Users/robert/gibiworld/clients/gw-mobile
-executeMethod
Gibi.Editor.AndroidBuild.BuildDevForCI
-logFile
/Users/robert/gibiworld/clients/gw-mobile/AndroidBuild-Final.log
Successfully changed project path to: /Users/robert/gibiworld/clients/gw-mobile
/Users/robert/gibiworld/clients/gw-mobile
[UnityMemory] Configuration Parameters - Can be set up in boot.config
    "memorysetup-bucket-allocator-granularity=16"
    "memorysetup-bucket-allocator-bucket-count=8"
    "memorysetup-bucket-allocator-block-size=33554432"
    "memorysetup-bucket-allocator-block-count=8"
    "memorysetup-main-allocator-block-size=16777216"
    "memorysetup-thread-allocator-block-size=16777216"
    "memorysetup-gfx-main-allocator-block-size=16777216"
    "memorysetup-gfx-thread-allocator-block-size=16777216"
    "memorysetup-cache-allocator-block-size=4194304"
    "memorysetup-typetree-allocator-block-size=2097152"
    "memorysetup-profiler-bucket-allocator-granularity=16"
    "memorysetup-profiler-bucket-allocator-bucket-count=8"
    "memorysetup-profiler-bucket-allocator-block-size=33554432"
    "memorysetup-profiler-bucket-allocator-block-count=8"
    "memorysetup-profiler-allocator-block-size=16777216"
    "memorysetup-profiler-editor-allocator-block-size=1048576"
    "memorysetup-temp-allocator-size-main=16777216"
    "memorysetup-job-temp-allocator-block-size=2097152"
    "memorysetup-job-temp-allocator-block-size-background=1048576"
    "memorysetup-job-temp-allocator-reduction-small-platforms=262144"
    "memorysetup-allocator-temp-initial-block-size-main=262144"
    "memorysetup-allocator-temp-initial-block-size-worker=262144"
    "memorysetup-temp-allocator-size-background-worker=32768"
    "memorysetup-temp-allocator-size-job-worker=262144"
    "memorysetup-temp-allocator-size-preload-manager=33554432"
    "memorysetup-temp-allocator-size-nav-mesh-worker=65536"
    "memorysetup-temp-allocator-size-audio-worker=65536"
    "memorysetup-temp-allocator-size-cloud-worker=32768"
    "memorysetup-temp-allocator-size-gi-baking-worker=262144"
    "memorysetup-temp-allocator-size-gi-baking-worker=262144"
    "memorysetup-temp-allocator-size-gi-baking-worker=262144"
    "memorysetup-temp-allocator-size-gi-baking-worker=262144"
    "memorysetup-temp-allocator-size-gi-baking-worker=262144"
    "memorysetup-temp-allocator-size-gfx=262144"
Player connection [8472846720]  Target information:

Player connection [8472846720]  * "[IP] 192.168.1.166 [Port] 55504 [Flags] 2 [Guid] 1059796513 [EditorId] 1059796513 [Version] 1048832 [Id] OSXEditor(0,Josues-MacBook-Air.local) [Debug] 1 [PackageName] OSXEditor [ProjectName] Editor" 

Player connection [8472846720]  * "[IP] 10.2.0.2 [Port] 55504 [Flags] 2 [Guid] 1059796513 [EditorId] 1059796513 [Version] 1048832 [Id] OSXEditor(0,Josues-MacBook-Air.local) [Debug] 1 [PackageName] OSXEditor [ProjectName] Editor" 

Player connection [8472846720] Host joined multi-casting on [225.0.0.222:54997]...
Player connection [8472846720] Host joined alternative multi-casting on [225.0.0.222:34997]...
Input System module state changed to: Initialized.
[Physics::Module] Initialized fallback backend.
[Physics::Module] Id: 0xdecafbad
[Licensing::Client] Handshaking with LicensingClient:
  Version:                 1.17.4+4293ba1
  Session Id:              a9e7810eed0b46be92b0815ca139b896
  Correlation Id:          349fd2c03b0bf2358cefe1a809b1b70d
  External correlation Id: 2470939664767565794
  Machine Id:              TcPFx+nwCFyGybMG/Aujf3QESrw=
[Licensing::Module] Successfully connected to LicensingClient on channel: "LicenseClient-robert" (connect: 0.00s, validation: 0.00s, handshake: 0.35s)
[Licensing::IpcConnector] Successfully connected to: "LicenseClient-robert-notifications" at "2026-08-03T18:11:50.740272Z"
[Licensing::Module] Error: Access token is unavailable; failed to update
[Licensing::Client] Successfully resolved entitlement details
[Licensing::Module] License group:
  Id: 20067576345846-UnityPersXXXX
  Product: Unity Personal
  Type: Assigned
  Expiration: Unlimited
[Licensing::Client] Successfully updated license, isAsync: True, time: 0.00
[Licensing::Client] Successfully resolved entitlement details
[Licensing::Module] Licensing Background thread has ended after 0.36s
[Package Manager] Connected to IPC stream "Upm-8938" after 0.4 seconds.
Library Redirect Path: Library/
[Physics::Module] Selected backend.
[Physics::Module] Name: PhysX
[Physics::Module] Id: 0xf2b8ea05
[Physics::Module] SDK Version: 4.1.2
[Physics::Module] Integration Version: 1.0.0
[Physics::Module] Threading Mode: Multi-Threaded
Artifact Garbage Collection - Removed 1 unused hashed content files[Licensing::Client] Successfully resolved entitlement details
Refreshing native plugins compatible for Editor in 0.14 ms, found 0 plugins.
Preloading 0 native plugins for Editor in 0.00 ms.
Initialize engine version: 6000.0.74f1 (7685f01dc6be)
[Subsystems] Discovering subsystems at path /Applications/Unity/Hub/Editor/6000.0.74f1/Unity.app/Contents/Resources/UnitySubsystems
[Subsystems] Discovering subsystems at path /Users/robert/gibiworld/clients/gw-mobile/Assets
GfxDevice: creating device client; kGfxThreadingModeNonThreaded
 preferred device: Apple M2 (high power)
Metal devices available: 1
0: Apple M2 (high power)
Using device Apple M2 (high power)
Initializing Metal device caps: Apple M2
Initialize mono
Mono path[0] = '/Applications/Unity/Hub/Editor/6000.0.74f1/Unity.app/Contents/Managed'
Mono path[1] = '/Applications/Unity/Hub/Editor/6000.0.74f1/Unity.app/Contents/MonoBleedingEdge/lib/mono/unityjit-macos'
Mono config path = '/Applications/Unity/Hub/Editor/6000.0.74f1/Unity.app/Contents/MonoBleedingEdge/etc'
Using monoOptions --debugger-agent=transport=dt_socket,embedding=1,server=y,suspend=n,address=127.0.0.1:56938
Using cacheserver namespaces - metadata:defaultmetadata, artifacts:defaultartifacts
Using cacheserver namespaces - metadata:defaultmetadata, artifacts:defaultartifacts
ImportWorker Server TCP listen port: 0
AcceleratorClientConnectionCallback - disconnected - :0
Begin MonoManager ReloadAssembly
Registering precompiled unity dll's ...
Register platform support module: /Applications/Unity/Hub/Editor/6000.0.74f1/Unity.app/Contents/PlaybackEngines/MacStandaloneSupport/UnityEditor.OSXStandalone.Extensions.dll
Register platform support module: /Applications/Unity/Hub/Editor/6000.0.74f1/PlaybackEngines/AndroidPlayer/UnityEditor.Android.Extensions.dll
[Licensing::Client] Successfully resolved entitlement details
Register platform support module: /Applications/Unity/Hub/Editor/6000.0.74f1/PlaybackEngines/iOSSupport/UnityEditor.iOS.Extensions.dll
Registered in 0.002164 seconds.
- Loaded All Assemblies, in  0.192 seconds
[usbmuxd] Start listen thread
[usbmuxd] Listen thread started
[usbmuxd] Send listen message
Native extension for iOS target not found
Native extension for Android target not found
Android Extension - Scanning For ADB Devices 3073 ms
Native extension for OSXStandalone target not found
Package Manager log level set to [2]
Mono: successfully reloaded assembly
- Finished resetting the current domain, in  3.353 seconds
Domain Reload Profiling: 3546ms
	BeginReloadAssembly (42ms)
		ExecutionOrderSort (0ms)
		DisableScriptedObjects (0ms)
		BackupInstance (0ms)
		ReleaseScriptingObjects (0ms)
		CreateAndSetChildDomain (0ms)
	RebuildCommonClasses (21ms)
	RebuildNativeTypeToScriptingClass (8ms)
	initialDomainReloadingComplete (25ms)
	LoadAllAssembliesAndSetupDomain (96ms)
		LoadAssemblies (42ms)
		RebuildTransferFunctionScriptingTraits (0ms)
		AnalyzeDomain (94ms)
			TypeCache.Refresh (93ms)
				TypeCache.ScanAssembly (85ms)
			BuildScriptInfoCaches (0ms)
			ResolveRequiredComponents (0ms)
	FinalizeReload (3354ms)
		ReleaseScriptCaches (0ms)
		RebuildScriptCaches (0ms)
		SetupLoadedEditorAssemblies (3333ms)
			LogAssemblyErrors (0ms)
			InitializePlatformSupportModulesInManaged (3176ms)
			SetLoadedEditorAssemblies (6ms)
			BeforeProcessingInitializeOnLoad (52ms)
			ProcessInitializeOnLoadAttributes (70ms)
			ProcessInitializeOnLoadMethodAttributes (28ms)
			AfterProcessingInitializeOnLoad (0ms)
			EditorAssembliesLoaded (0ms)
		ExecutionOrderSort2 (0ms)
		AwakeInstancesAfterBackupRestoration (0ms)
[Licensing::Client] Successfully resolved entitlement details
[Licensing::Client] Successfully resolved entitlement details
Application.AssetDatabase Initial Refresh Start
[Package Manager] Restoring resolved packages state from cache
[Licensing::Client] Successfully resolved entitlement details
[Package Manager] Registered 56 packages:
  Packages from [https://packages.unity.com]:
    com.unity.addressables@1.22.3 (location: /Users/robert/gibiworld/clients/gw-mobile/Library/PackageCache/com.unity.addressables@c1b85eb43ae0)
    com.unity.animation.rigging@1.3.0 (location: /Users/robert/gibiworld/clients/gw-mobile/Library/PackageCache/com.unity.animation.rigging@68167b505d2b)
    com.unity.burst@1.8.29 (location: /Users/robert/gibiworld/clients/gw-mobile/Library/PackageCache/com.unity.burst@6bb9aca3ef38)
    com.unity.cloud.gltfast@6.16.1 (location: /Users/robert/gibiworld/clients/gw-mobile/Library/PackageCache/com.unity.cloud.gltfast@e6a172d771cb)
    com.unity.editorcoroutines@1.0.0 (location: /Users/robert/gibiworld/clients/gw-mobile/Library/PackageCache/com.unity.editorcoroutines@7d48783e7b8c)
    com.unity.ide.rider@3.0.28 (location: /Users/robert/gibiworld/clients/gw-mobile/Library/PackageCache/com.unity.ide.rider@7605a3979f4b)
    com.unity.ide.visualstudio@2.0.22 (location: /Users/robert/gibiworld/clients/gw-mobile/Library/PackageCache/com.unity.ide.visualstudio@8140e851d83e)
    com.unity.inputsystem@1.11.2 (location: /Users/robert/gibiworld/clients/gw-mobile/Library/PackageCache/com.unity.inputsystem@3c4a97c3950f)
    com.unity.nuget.newtonsoft-json@3.2.1 (location: /Users/robert/gibiworld/clients/gw-mobile/Library/PackageCache/com.unity.nuget.newtonsoft-json@74deb55db2a0)
    com.unity.xr.arcore@6.4.2 (location: /Users/robert/gibiworld/clients/gw-mobile/Library/PackageCache/com.unity.xr.arcore@b6ac3dd83886)
    com.unity.xr.arfoundation@6.4.2 (location: /Users/robert/gibiworld/clients/gw-mobile/Library/PackageCache/com.unity.xr.arfoundation@3ad9d47afcaa)
    com.unity.xr.arkit@6.4.2 (location: /Users/robert/gibiworld/clients/gw-mobile/Library/PackageCache/com.unity.xr.arkit@b3c92db711bc)
    com.unity.xr.core-utils@2.6.0 (location: /Users/robert/gibiworld/clients/gw-mobile/Library/PackageCache/com.unity.xr.core-utils@a8b900321199)
    com.unity.xr.management@4.5.4 (location: /Users/robert/gibiworld/clients/gw-mobile/Library/PackageCache/com.unity.xr.management@e3a3882b360a)
    com.unity.xr.legacyinputhelpers@2.1.12 (location: /Users/robert/gibiworld/clients/gw-mobile/Library/PackageCache/com.unity.xr.legacyinputhelpers@b7579e86f3b4)
    com.unity.mathematics@1.3.2 (location: /Users/robert/gibiworld/clients/gw-mobile/Library/PackageCache/com.unity.mathematics@8017b507cc74)
    com.unity.collections@2.6.5 (location: /Users/robert/gibiworld/clients/gw-mobile/Library/PackageCache/com.unity.collections@12999e356c23)
    com.unity.scriptablebuildpipeline@2.6.1 (location: /Users/robert/gibiworld/clients/gw-mobile/Library/PackageCache/com.unity.scriptablebuildpipeline@36e3b5898ee2)
    com.unity.xr.openxr@1.16.1 (location: /Users/robert/gibiworld/clients/gw-mobile/Library/PackageCache/com.unity.xr.openxr@ef0033a586bf)
    com.unity.timeline@1.8.12 (location: /Users/robert/gibiworld/clients/gw-mobile/Library/PackageCache/com.unity.timeline@8cd8509afae5)
    com.unity.searcher@4.9.3 (location: /Users/robert/gibiworld/clients/gw-mobile/Library/PackageCache/com.unity.searcher@1e17ce91558d)
    com.unity.nuget.mono-cecil@1.11.6 (location: /Users/robert/gibiworld/clients/gw-mobile/Library/PackageCache/com.unity.nuget.mono-cecil@ecb9724e46ff)
    com.unity.test-framework.performance@3.4.0 (location: /Users/robert/gibiworld/clients/gw-mobile/Library/PackageCache/com.unity.test-framework.performance@aa81a99c4a75)
  Built-in packages:
    com.unity.render-pipelines.universal@17.0.4 (location: /Users/robert/gibiworld/clients/gw-mobile/Library/PackageCache/com.unity.render-pipelines.universal@28ea0a0a8ae3)
    com.unity.test-framework@1.6.0 (location: /Users/robert/gibiworld/clients/gw-mobile/Library/PackageCache/com.unity.test-framework@082c24152fd4)
    com.unity.modules.accessibility@1.0.0 (location: /Users/robert/gibiworld/clients/gw-mobile/Library/PackageCache/com.unity.modules.accessibility)
    com.unity.modules.animation@1.0.0 (location: /Users/robert/gibiworld/clients/gw-mobile/Library/PackageCache/com.unity.modules.animation)
    com.unity.modules.audio@1.0.0 (location: /Users/robert/gibiworld/clients/gw-mobile/Library/PackageCache/com.unity.modules.audio)
    com.unity.modules.imageconversion@1.0.0 (location: /Users/robert/gibiworld/clients/gw-mobile/Library/PackageCache/com.unity.modules.imageconversion)
    com.unity.modules.jsonserialize@1.0.0 (location: /Users/robert/gibiworld/clients/gw-mobile/Library/PackageCache/com.unity.modules.jsonserialize)
    com.unity.modules.particlesystem@1.0.0 (location: /Users/robert/gibiworld/clients/gw-mobile/Library/PackageCache/com.unity.modules.particlesystem)
    com.unity.modules.physics@1.0.0 (location: /Users/robert/gibiworld/clients/gw-mobile/Library/PackageCache/com.unity.modules.physics)
    com.unity.modules.screencapture@1.0.0 (location: /Users/robert/gibiworld/clients/gw-mobile/Library/PackageCache/com.unity.modules.screencapture)
    com.unity.modules.ui@1.0.0 (location: /Users/robert/gibiworld/clients/gw-mobile/Library/PackageCache/com.unity.modules.ui)
    com.unity.modules.uielements@1.0.0 (location: /Users/robert/gibiworld/clients/gw-mobile/Library/PackageCache/com.unity.modules.uielements)
    com.unity.modules.unitywebrequest@1.0.0 (location: /Users/robert/gibiworld/clients/gw-mobile/Library/PackageCache/com.unity.modules.unitywebrequest)
    com.unity.modules.unitywebrequesttexture@1.0.0 (location: /Users/robert/gibiworld/clients/gw-mobile/Library/PackageCache/com.unity.modules.unitywebrequesttexture)
    com.unity.modules.xr@1.0.0 (location: /Users/robert/gibiworld/clients/gw-mobile/Library/PackageCache/com.unity.modules.xr)
    com.unity.modules.subsystems@1.0.0 (location: /Users/robert/gibiworld/clients/gw-mobile/Library/PackageCache/com.unity.modules.subsystems)
    com.unity.modules.imgui@1.0.0 (location: /Users/robert/gibiworld/clients/gw-mobile/Library/PackageCache/com.unity.modules.imgui)
    com.unity.modules.hierarchycore@1.0.0 (location: /Users/robert/gibiworld/clients/gw-mobile/Library/PackageCache/com.unity.modules.hierarchycore)
    com.unity.ugui@2.0.0 (location: /Users/robert/gibiworld/clients/gw-mobile/Library/PackageCache/com.unity.ugui@47e51ce530b9)
    com.unity.modules.unityanalytics@1.0.0 (location: /Users/robert/gibiworld/clients/gw-mobile/Library/PackageCache/com.unity.modules.unityanalytics)
    com.unity.modules.androidjni@1.0.0 (location: /Users/robert/gibiworld/clients/gw-mobile/Library/PackageCache/com.unity.modules.androidjni)
    com.unity.ext.nunit@2.0.5 (location: /Users/robert/gibiworld/clients/gw-mobile/Library/PackageCache/com.unity.ext.nunit@031a54704bff)
    com.unity.render-pipelines.core@17.0.4 (location: /Users/robert/gibiworld/clients/gw-mobile/Library/PackageCache/com.unity.render-pipelines.core@d7b87cecdab8)
    com.unity.shadergraph@17.0.4 (location: /Users/robert/gibiworld/clients/gw-mobile/Library/PackageCache/com.unity.shadergraph@bff931d63a7a)
    com.unity.render-pipelines.universal-config@17.0.3 (location: /Users/robert/gibiworld/clients/gw-mobile/Library/PackageCache/com.unity.render-pipelines.universal-config@dd206bf35d04)
    com.unity.modules.assetbundle@1.0.0 (location: /Users/robert/gibiworld/clients/gw-mobile/Library/PackageCache/com.unity.modules.assetbundle)
    com.unity.modules.unitywebrequestassetbundle@1.0.0 (location: /Users/robert/gibiworld/clients/gw-mobile/Library/PackageCache/com.unity.modules.unitywebrequestassetbundle)
    com.unity.modules.vr@1.0.0 (location: /Users/robert/gibiworld/clients/gw-mobile/Library/PackageCache/com.unity.modules.vr)
    com.unity.modules.terrain@1.0.0 (location: /Users/robert/gibiworld/clients/gw-mobile/Library/PackageCache/com.unity.modules.terrain)
    com.unity.rendering.light-transport@1.0.1 (location: /Users/robert/gibiworld/clients/gw-mobile/Library/PackageCache/com.unity.rendering.light-transport@9bd588f963c0)
    com.unity.modules.director@1.0.0 (location: /Users/robert/gibiworld/clients/gw-mobile/Library/PackageCache/com.unity.modules.director)
  Git packages:
    com.besty.unity-skills@https://github.com/Besty0728/Unity-Skills.git?path=/SkillsForUnity#7268e62025de331c79c93ba63ca964bf35d867a4 (location: /Users/robert/gibiworld/clients/gw-mobile/Library/PackageCache/com.besty.unity-skills@0997fd1678cb)
    com.nianticspatial.nsdk@https://github.com/nianticspatial/nsdk-library-upm.git#4.1.0-26051913 (location: /Users/robert/gibiworld/clients/gw-mobile/Library/PackageCache/com.nianticspatial.nsdk@ee58c6715951)
[Subsystems] Looking for new subsystems at path /Users/robert/gibiworld/clients/gw-mobile/Library/PackageCache/com.nianticspatial.nsdk@ee58c6715951
[Subsystems] Novel subsystem found at Library/PackageCache/com.nianticspatial.nsdk@ee58c6715951/Runtime/UnitySubsystemsManifest.json
[Subsystems] Discovering subsystems at path /Applications/Unity/Hub/Editor/6000.0.74f1/Unity.app/Contents/Resources/UnitySubsystems
[Subsystems] Discovering subsystems at path /Users/robert/gibiworld/clients/gw-mobile/Assets
[Subsystems] Discovering subsystems at path /Users/robert/gibiworld/clients/gw-mobile/Library/PackageCache/com.nianticspatial.nsdk@ee58c6715951
[Subsystems] No descriptors matched for  examples in Library/PackageCache/com.nianticspatial.nsdk@ee58c6715951/Runtime/UnitySubsystemsManifest.json.
[Subsystems] 1 'inputs' descriptors matched in Library/PackageCache/com.nianticspatial.nsdk@ee58c6715951/Runtime/UnitySubsystemsManifest.json
[Subsystems] No descriptors matched for  displays in Library/PackageCache/com.nianticspatial.nsdk@ee58c6715951/Runtime/UnitySubsystemsManifest.json.
[Subsystems] 1 'meshings' descriptors matched in Library/PackageCache/com.nianticspatial.nsdk@ee58c6715951/Runtime/UnitySubsystemsManifest.json
[Subsystems] Discovering subsystems at path /Users/robert/gibiworld/clients/gw-mobile/Library/PackageCache/com.unity.xr.arfoundation@3ad9d47afcaa
[Subsystems] No descriptors matched for  examples in Library/PackageCache/com.unity.xr.arfoundation@3ad9d47afcaa/Runtime/UnitySubsystemsManifest.json.
[Subsystems] 1 'inputs' descriptors matched in Library/PackageCache/com.unity.xr.arfoundation@3ad9d47afcaa/Runtime/UnitySubsystemsManifest.json
[Subsystems] No descriptors matched for  displays in Library/PackageCache/com.unity.xr.arfoundation@3ad9d47afcaa/Runtime/UnitySubsystemsManifest.json.
[Subsystems] 1 'meshings' descriptors matched in Library/PackageCache/com.unity.xr.arfoundation@3ad9d47afcaa/Runtime/UnitySubsystemsManifest.json
[Subsystems] Discovering subsystems at path /Users/robert/gibiworld/clients/gw-mobile/Library/PackageCache/com.unity.xr.openxr@ef0033a586bf
[Subsystems] No descriptors matched for  examples in Library/PackageCache/com.unity.xr.openxr@ef0033a586bf/Runtime/UnitySubsystemsManifest.json.
[Subsystems] 1 'inputs' descriptors matched in Library/PackageCache/com.unity.xr.openxr@ef0033a586bf/Runtime/UnitySubsystemsManifest.json
[Subsystems] 1 'displays' descriptors matched in Library/PackageCache/com.unity.xr.openxr@ef0033a586bf/Runtime/UnitySubsystemsManifest.json
[Subsystems] No descriptors matched for  meshings in Library/PackageCache/com.unity.xr.openxr@ef0033a586bf/Runtime/UnitySubsystemsManifest.json.
[Package Manager] Done registering packages in 0.01 seconds
Assembly for Assembly Definition File 'Assets/Gibi/Telemetry/Runtime/Gibi.Telemetry.asmdef' will not be compiled, because it has no scripts associated with it.
UnityEngine.Debug:ExtractStackTraceNoAlloc (byte*,int,string)
UnityEngine.StackTraceUtility:ExtractStackTrace () (at /Users/bokken/build/output/unity/unity/Runtime/Export/Scripting/StackTrace.cs:35)
UnityEngine.DebugLogHandler:Internal_Log (UnityEngine.LogType,UnityEngine.LogOption,string,UnityEngine.Object)
UnityEngine.DebugLogHandler:LogFormat (UnityEngine.LogType,UnityEngine.Object,string,object[])
UnityEngine.Logger:LogFormat (UnityEngine.LogType,string,object[])
UnityEngine.Debug:LogWarningFormat (string,object[])
UnityEditor.Scripting.ScriptCompilation.EditorCompilation:WarnIfThereAreAssembliesWithoutAnyScripts (UnityEditor.Scripting.ScriptCompilation.ScriptAssemblySettings,UnityEditor.Scripting.ScriptCompilation.ScriptAssembly[]) (at /Users/bokken/build/output/unity/unity/Editor/Mono/Scripting/ScriptCompilation/EditorCompilation.cs:779)
UnityEditor.Scripting.ScriptCompilation.EditorCompilation:CompileScriptsWithSettings (UnityEditor.Scripting.ScriptCompilation.ScriptAssemblySettings) (at /Users/bokken/build/output/unity/unity/Editor/Mono/Scripting/ScriptCompilation/EditorCompilation.cs:832)
UnityEditor.Scripting.ScriptCompilation.EditorCompilation:CompileScripts (UnityEditor.Scripting.ScriptCompilation.EditorScriptCompilationOptions,UnityEditor.BuildTarget,int,string[]) (at /Users/bokken/build/output/unity/unity/Editor/Mono/Scripting/ScriptCompilation/EditorCompilation.cs:715)
UnityEditor.Scripting.ScriptCompilation.EditorCompilationInterface/<>c__DisplayClass21_0:<CompileScripts>b__0 () (at /Users/bokken/build/output/unity/unity/Editor/Mono/Scripting/ScriptCompilation/EditorCompilationInterface.cs:184)
UnityEditor.Scripting.ScriptCompilation.EditorCompilationInterface:EmitExceptionAsError<UnityEditor.Scripting.ScriptCompilation.EditorCompilation/CompileStatus> (System.Func`1<UnityEditor.Scripting.ScriptCompilation.EditorCompilation/CompileStatus>,UnityEditor.Scripting.ScriptCompilation.EditorCompilation/CompileStatus) (at /Users/bokken/build/output/unity/unity/Editor/Mono/Scripting/ScriptCompilation/EditorCompilationInterface.cs:49)
UnityEditor.Scripting.ScriptCompilation.EditorCompilationInterface:CompileScripts (UnityEditor.Scripting.ScriptCompilation.EditorScriptCompilationOptions,UnityEditor.BuildTarget,int,string[]) (at /Users/bokken/build/output/unity/unity/Editor/Mono/Scripting/ScriptCompilation/EditorCompilationInterface.cs:184)

(Filename: /Users/bokken/build/output/unity/unity/Editor/Mono/Scripting/ScriptCompilation/EditorCompilation.cs Line: 779)

Assembly for Assembly Definition File 'Assets/Gibi/Networking/Runtime/Gibi.Networking.asmdef' will not be compiled, because it has no scripts associated with it.
UnityEngine.Debug:ExtractStackTraceNoAlloc (byte*,int,string)
UnityEngine.StackTraceUtility:ExtractStackTrace () (at /Users/bokken/build/output/unity/unity/Runtime/Export/Scripting/StackTrace.cs:35)
UnityEngine.DebugLogHandler:Internal_Log (UnityEngine.LogType,UnityEngine.LogOption,string,UnityEngine.Object)
UnityEngine.DebugLogHandler:LogFormat (UnityEngine.LogType,UnityEngine.Object,string,object[])
UnityEngine.Logger:LogFormat (UnityEngine.LogType,string,object[])
UnityEngine.Debug:LogWarningFormat (string,object[])
UnityEditor.Scripting.ScriptCompilation.EditorCompilation:WarnIfThereAreAssembliesWithoutAnyScripts (UnityEditor.Scripting.ScriptCompilation.ScriptAssemblySettings,UnityEditor.Scripting.ScriptCompilation.ScriptAssembly[]) (at /Users/bokken/build/output/unity/unity/Editor/Mono/Scripting/ScriptCompilation/EditorCompilation.cs:779)
UnityEditor.Scripting.ScriptCompilation.EditorCompilation:CompileScriptsWithSettings (UnityEditor.Scripting.ScriptCompilation.ScriptAssemblySettings) (at /Users/bokken/build/output/unity/unity/Editor/Mono/Scripting/ScriptCompilation/EditorCompilation.cs:832)
UnityEditor.Scripting.ScriptCompilation.EditorCompilation:CompileScripts (UnityEditor.Scripting.ScriptCompilation.EditorScriptCompilationOptions,UnityEditor.BuildTarget,int,string[]) (at /Users/bokken/build/output/unity/unity/Editor/Mono/Scripting/ScriptCompilation/EditorCompilation.cs:715)
UnityEditor.Scripting.ScriptCompilation.EditorCompilationInterface/<>c__DisplayClass21_0:<CompileScripts>b__0 () (at /Users/bokken/build/output/unity/unity/Editor/Mono/Scripting/ScriptCompilation/EditorCompilationInterface.cs:184)
UnityEditor.Scripting.ScriptCompilation.EditorCompilationInterface:EmitExceptionAsError<UnityEditor.Scripting.ScriptCompilation.EditorCompilation/CompileStatus> (System.Func`1<UnityEditor.Scripting.ScriptCompilation.EditorCompilation/CompileStatus>,UnityEditor.Scripting.ScriptCompilation.EditorCompilation/CompileStatus) (at /Users/bokken/build/output/unity/unity/Editor/Mono/Scripting/ScriptCompilation/EditorCompilationInterface.cs:49)
UnityEditor.Scripting.ScriptCompilation.EditorCompilationInterface:CompileScripts (UnityEditor.Scripting.ScriptCompilation.EditorScriptCompilationOptions,UnityEditor.BuildTarget,int,string[]) (at /Users/bokken/build/output/unity/unity/Editor/Mono/Scripting/ScriptCompilation/EditorCompilationInterface.cs:184)

(Filename: /Users/bokken/build/output/unity/unity/Editor/Mono/Scripting/ScriptCompilation/EditorCompilation.cs Line: 779)

Assembly for Assembly Definition File 'Assets/Gibi/AI/Runtime/Gibi.AI.asmdef' will not be compiled, because it has no scripts associated with it.
UnityEngine.Debug:ExtractStackTraceNoAlloc (byte*,int,string)
UnityEngine.StackTraceUtility:ExtractStackTrace () (at /Users/bokken/build/output/unity/unity/Runtime/Export/Scripting/StackTrace.cs:35)
UnityEngine.DebugLogHandler:Internal_Log (UnityEngine.LogType,UnityEngine.LogOption,string,UnityEngine.Object)
UnityEngine.DebugLogHandler:LogFormat (UnityEngine.LogType,UnityEngine.Object,string,object[])
UnityEngine.Logger:LogFormat (UnityEngine.LogType,string,object[])
UnityEngine.Debug:LogWarningFormat (string,object[])
UnityEditor.Scripting.ScriptCompilation.EditorCompilation:WarnIfThereAreAssembliesWithoutAnyScripts (UnityEditor.Scripting.ScriptCompilation.ScriptAssemblySettings,UnityEditor.Scripting.ScriptCompilation.ScriptAssembly[]) (at /Users/bokken/build/output/unity/unity/Editor/Mono/Scripting/ScriptCompilation/EditorCompilation.cs:779)
UnityEditor.Scripting.ScriptCompilation.EditorCompilation:CompileScriptsWithSettings (UnityEditor.Scripting.ScriptCompilation.ScriptAssemblySettings) (at /Users/bokken/build/output/unity/unity/Editor/Mono/Scripting/ScriptCompilation/EditorCompilation.cs:832)
UnityEditor.Scripting.ScriptCompilation.EditorCompilation:CompileScripts (UnityEditor.Scripting.ScriptCompilation.EditorScriptCompilationOptions,UnityEditor.BuildTarget,int,string[]) (at /Users/bokken/build/output/unity/unity/Editor/Mono/Scripting/ScriptCompilation/EditorCompilation.cs:715)
UnityEditor.Scripting.ScriptCompilation.EditorCompilationInterface/<>c__DisplayClass21_0:<CompileScripts>b__0 () (at /Users/bokken/build/output/unity/unity/Editor/Mono/Scripting/ScriptCompilation/EditorCompilationInterface.cs:184)
UnityEditor.Scripting.ScriptCompilation.EditorCompilationInterface:EmitExceptionAsError<UnityEditor.Scripting.ScriptCompilation.EditorCompilation/CompileStatus> (System.Func`1<UnityEditor.Scripting.ScriptCompilation.EditorCompilation/CompileStatus>,UnityEditor.Scripting.ScriptCompilation.EditorCompilation/CompileStatus) (at /Users/bokken/build/output/unity/unity/Editor/Mono/Scripting/ScriptCompilation/EditorCompilationInterface.cs:49)
UnityEditor.Scripting.ScriptCompilation.EditorCompilationInterface:CompileScripts (UnityEditor.Scripting.ScriptCompilation.EditorScriptCompilationOptions,UnityEditor.BuildTarget,int,string[]) (at /Users/bokken/build/output/unity/unity/Editor/Mono/Scripting/ScriptCompilation/EditorCompilationInterface.cs:184)

(Filename: /Users/bokken/build/output/unity/unity/Editor/Mono/Scripting/ScriptCompilation/EditorCompilation.cs Line: 779)

[40m[32minfo[39m[22m[49m: Microsoft.Hosting.Lifetime[14]
      Now listening on: http://unix:/tmp/ilpp.sock-3ecbc1a220400ef89ec39d9abed6448d
[40m[32minfo[39m[22m[49m: Microsoft.Hosting.Lifetime[0]
      Application started. Press Ctrl+C to shut down.
[40m[32minfo[39m[22m[49m: Microsoft.Hosting.Lifetime[0]
      Hosting environment: Production
[40m[32minfo[39m[22m[49m: Microsoft.Hosting.Lifetime[0]
      Content root path: /Users/robert/gibiworld/clients/gw-mobile/
[40m[32minfo[39m[22m[49m: Microsoft.AspNetCore.Hosting.Diagnostics[1]
      Request starting HTTP/2 POST http://ilpp/UnityILPP.PostProcessing/Ping application/grpc -
[40m[32minfo[39m[22m[49m: Microsoft.AspNetCore.Routing.EndpointMiddleware[0]
      Executing endpoint 'gRPC - /UnityILPP.PostProcessing/Ping'
[40m[32minfo[39m[22m[49m: Microsoft.AspNetCore.Routing.EndpointMiddleware[1]
      Executed endpoint 'gRPC - /UnityILPP.PostProcessing/Ping'
[40m[32minfo[39m[22m[49m: Microsoft.AspNetCore.Hosting.Diagnostics[2]
      Request finished HTTP/2 POST http://ilpp/UnityILPP.PostProcessing/Ping application/grpc - - 200 - application/grpc 22.6646ms
Starting: /Applications/Unity/Hub/Editor/6000.0.74f1/Unity.app/Contents/bee_backend --ipc --defer-dag-verification --dagfile="Library/Bee/1300b0aE.dag" --continue-on-failure --profile="Library/Bee/backend1.traceevents" ScriptAssemblies
WorkingDir: /Users/robert/gibiworld/clients/gw-mobile
DisplayProgressbar: Compiling Scripts
[40m[32minfo[39m[22m[49m: Microsoft.AspNetCore.Hosting.Diagnostics[1]
      Request starting HTTP/2 POST http://ilpp/UnityILPP.PostProcessing/ConfigurePostProcessors application/grpc -
[40m[32minfo[39m[22m[49m: Microsoft.AspNetCore.Routing.EndpointMiddleware[0]
      Executing endpoint 'gRPC - /UnityILPP.PostProcessing/ConfigurePostProcessors'
[40m[1m[33mwarn[39m[22m[49m: Unity.ILPP.Runner.PostProcessingAssemblyLoadContext[0]
      Assembly unityeditor.ios.extensions.xcode has duplicate hint path. Ignoring "/Applications/Unity/Hub/Editor/6000.0.74f1/Unity.app/Contents/PlaybackEngines/MacStandaloneSupport/UnityEditor.iOS.Extensions.Xcode.dll" in favor of "/Applications/Unity/Hub/Editor/6000.0.74f1/PlaybackEngines/iOSSupport/UnityEditor.iOS.Extensions.Xcode.dll"
[40m[1m[33mwarn[39m[22m[49m: Unity.ILPP.Runner.PostProcessingAssemblyLoadContext[0]
      Assembly system.runtime.interopservices.windowsruntime has duplicate hint path. Ignoring "/Applications/Unity/Hub/Editor/6000.0.74f1/Unity.app/Contents/UnityReferenceAssemblies/unity-4.8-api/Facades/System.Runtime.InteropServices.WindowsRuntime.dll" in favor of "/Applications/Unity/Hub/Editor/6000.0.74f1/Unity.app/Contents/NetStandard/Extensions/2.0.0/System.Runtime.InteropServices.WindowsRuntime.dll"
[40m[1m[33mwarn[39m[22m[49m: Unity.ILPP.Runner.PostProcessingAssemblyLoadContext[0]
      Assembly system.componentmodel.composition has duplicate hint path. Ignoring "/Applications/Unity/Hub/Editor/6000.0.74f1/Unity.app/Contents/UnityReferenceAssemblies/unity-4.8-api/System.ComponentModel.Composition.dll" in favor of "/Applications/Unity/Hub/Editor/6000.0.74f1/Unity.app/Contents/NetStandard/compat/2.1.0/shims/netfx/System.ComponentModel.Composition.dll"
[40m[32minfo[39m[22m[49m: Unity.ILPP.Runner.PostProcessingAssemblyLoadContext[0]
      Resolved Unity.Burst.Cecil, Version=0.11.6.0, Culture=neutral, PublicKeyToken=50cebf1cceb9d05e with Library/PackageCache/com.unity.burst@6bb9aca3ef38/Unity.Burst.CodeGen/Unity.Burst.Cecil.dll
[40m[32minfo[39m[22m[49m: Unity.ILPP.Runner.PostProcessingAssemblyLoadContext[0]
      Resolved Mono.Cecil, Version=0.11.5.0, Culture=neutral, PublicKeyToken=50cebf1cceb9d05e with Library/PackageCache/com.unity.nuget.mono-cecil@ecb9724e46ff/Mono.Cecil.dll
[40m[32minfo[39m[22m[49m: Microsoft.AspNetCore.Routing.EndpointMiddleware[1]
      Executed endpoint 'gRPC - /UnityILPP.PostProcessing/ConfigurePostProcessors'
[40m[32minfo[39m[22m[49m: Microsoft.AspNetCore.Hosting.Diagnostics[2]
      Request finished HTTP/2 POST http://ilpp/UnityILPP.PostProcessing/ConfigurePostProcessors application/grpc - - 200 - application/grpc 16.5535ms
ExitCode: 0 Duration: 0s260ms
[ 868/1181  0s] ILPP-Configuration Library/ilpp-configuration.nevergeneratedoutput
*** Tundra build success (0.25 seconds), 1 items updated, 1181 evaluated
AssetDatabase: script compilation time: 0.628640s
Begin MonoManager ReloadAssembly
Symbol file LoadedFromMemory is not a mono symbol file
- Loaded All Assemblies, in  0.482 seconds
Refreshing native plugins compatible for Editor in 2.96 ms, found 10 plugins.
Native extension for iOS target not found
Native extension for Android target not found
Native extension for OSXStandalone target not found
Refreshing native plugins compatible for Editor in 2.75 ms, found 10 plugins.
[MODES] ModeService[none].Initialize
[MODES] ModeService[none].LoadModes
[MODES] Loading mode Default (0) for mode-current-id-GibiWorld
Mono: successfully reloaded assembly
- Finished resetting the current domain, in  2.155 seconds
Domain Reload Profiling: 2637ms
	BeginReloadAssembly (183ms)
		ExecutionOrderSort (0ms)
		DisableScriptedObjects (5ms)
		BackupInstance (0ms)
		ReleaseScriptingObjects (0ms)
		CreateAndSetChildDomain (125ms)
	RebuildCommonClasses (22ms)
	RebuildNativeTypeToScriptingClass (8ms)
	initialDomainReloadingComplete (13ms)
	LoadAllAssembliesAndSetupDomain (256ms)
		LoadAssemblies (147ms)
		RebuildTransferFunctionScriptingTraits (0ms)
		AnalyzeDomain (143ms)
			TypeCache.Refresh (103ms)
				TypeCache.ScanAssembly (91ms)
			BuildScriptInfoCaches (32ms)
			ResolveRequiredComponents (7ms)
	FinalizeReload (2155ms)
		ReleaseScriptCaches (0ms)
		RebuildScriptCaches (0ms)
		SetupLoadedEditorAssemblies (2053ms)
			LogAssemblyErrors (0ms)
			InitializePlatformSupportModulesInManaged (17ms)
			SetLoadedEditorAssemblies (4ms)
			BeforeProcessingInitializeOnLoad (97ms)
			ProcessInitializeOnLoadAttributes (1742ms)
			ProcessInitializeOnLoadMethodAttributes (192ms)
			AfterProcessingInitializeOnLoad (1ms)
			EditorAssembliesLoaded (0ms)
		ExecutionOrderSort2 (0ms)
		AwakeInstancesAfterBackupRestoration (2ms)
Asset Pipeline Refresh (id=93fc6828ee2104ae296ee511ac6c16ce): Total: 3.864 seconds - Initiated by InitialRefreshV2(ForceSynchronousImport)
	Summary:
		Imports: total=0 (actual=0, local cache=0, cache server=0)
		Asset DB Process Time: managed=0 ms, native=2682 ms
		Asset DB Callback time: managed=18 ms, native=9 ms
		Scripting: domain reloads=1, domain reload time=482 ms, compile time=630 ms, other=41 ms
		Project Asset Count: scripts=1573, non-scripts=2031
		Asset File Changes: new=0, changed=0, moved=0, deleted=0
		Scan Filter Count: 1
	InvokeCustomDependenciesCallbacks: 0.000ms
	InvokePackagesCallback: 10.401ms
	ApplyChangesToAssetFolders: 0.197ms
	Scan: 283.645ms
	OnSourceAssetsModified: 0.001ms
	CategorizeAssetsWithTransientArtifact: 31.308ms
	ProcessAssetsWithTransientArtifactChanges: 40.243ms
	CategorizeAssets: 34.803ms
	ImportOutOfDateAssets: 2168.661ms (1537.333ms without children)
		CompileScripts: 629.570ms
		ReloadNativeAssets: 0.021ms
		UnloadImportedAssets: 0.990ms
		EnsureUptoDateAssetsAreRegisteredWithGuidPM: 0.537ms
		InitializingProgressBar: 0.000ms
		PostProcessAllAssetNotificationsAddChangedAssets: 0.000ms
		OnDemandSchedulerStart: 0.210ms
	PostProcessAllAssets: 18.513ms
	GatherAllCurrentPrimaryArtifactRevisions: 0.000ms
	UnloadStreamsBegin: 1.536ms
	PersistCurrentRevisions: 0.089ms
	UnloadStreamsEnd: 0.001ms
	GenerateScriptTypeHashes: 1.938ms
	Untracked: 1275.101ms

Application.AssetDatabase Initial Refresh End
Scanning for USB devices : 0.030ms
Initializing Unity extensions:
2026-08-03 12:11:59.180 Unity[8938:1286453] NSEventModifierFlagFunction specified to -setKeyEquivalentModifierMask: for item <NSMenuItem: 0xb8bab4500 SDF, ke='Command-F12'>, but is only supported for system-provided menu items; will not be used
Curl error 6: Could not resolve host: config.uca.cloud.unity3d.com
Unloading 26 Unused Serialized files (Serialized files now loaded: 0)
Unloading 6808 unused Assets / (5.8 MB). Loaded Objects now: 7589.
Memory consumption went from 212.2 MB to 206.3 MB.
Total: 14.193834 ms (FindLiveObjects: 0.414917 ms CreateObjectMapping: 0.425416 ms MarkObjects: 9.533417 ms  DeleteObjects: 3.819625 ms)

Curl error 6: Could not resolve host: cdp.cloud.unity3d.com
[GibiWorld] Build config -- editor 6000.0.74f1, commit c09b9a4, packages-lock ed24bca3bc21
UnityEngine.Debug:ExtractStackTraceNoAlloc (byte*,int,string)
UnityEngine.StackTraceUtility:ExtractStackTrace () (at /Users/bokken/build/output/unity/unity/Runtime/Export/Scripting/StackTrace.cs:35)
UnityEngine.DebugLogHandler:Internal_Log (UnityEngine.LogType,UnityEngine.LogOption,string,UnityEngine.Object)
UnityEngine.DebugLogHandler:LogFormat (UnityEngine.LogType,UnityEngine.Object,string,object[])
UnityEngine.Logger:Log (UnityEngine.LogType,object)
UnityEngine.Debug:Log (object)
Gibi.Editor.AndroidBuild:Build (bool) (at Assets/Gibi/Editor/AndroidBuild.cs:34)
Gibi.Editor.AndroidBuild:BuildDevForCI () (at Assets/Gibi/Editor/AndroidBuild.cs:23)

(Filename: Assets/Gibi/Editor/AndroidBuild.cs Line: 34)

Opening scene 'Assets/Scenes/ARWorld.unity'
Unloading 5 Unused Serialized files (Serialized files now loaded: 0)
Loaded scene 'Assets/Scenes/ARWorld.unity'
	Deserialize:            9.644 ms
	Integration:            149.603 ms
	Integration of assets:  0.127 ms
	Thread Wait Time:       0.003 ms
	Total Operation Time:   159.377 ms
Unloading 2 unused Assets / (1.0 KB). Loaded Objects now: 7689.
Memory consumption went from 199.9 MB to 199.9 MB.
Total: 13.929708 ms (FindLiveObjects: 0.234167 ms CreateObjectMapping: 0.184208 ms MarkObjects: 13.480500 ms  DeleteObjects: 0.030250 ms)

Opening scene 'Assets/Scenes/PetSandbox.unity'
Unloading 4 Unused Serialized files (Serialized files now loaded: 0)
Loaded scene 'Assets/Scenes/PetSandbox.unity'
	Deserialize:            1.092 ms
	Integration:            136.467 ms
	Integration of assets:  0.018 ms
	Thread Wait Time:       0.007 ms
	Total Operation Time:   137.584 ms
Unloading 1 unused Assets / (0.5 KB). Loaded Objects now: 7684.
Memory consumption went from 199.7 MB to 199.7 MB.
Total: 9.046625 ms (FindLiveObjects: 0.209833 ms CreateObjectMapping: 0.120000 ms MarkObjects: 8.702625 ms  DeleteObjects: 0.013500 ms)

Opening scene 'Assets/Scenes/Bootstrap.unity'
Unloading 2 Unused Serialized files (Serialized files now loaded: 0)
Loaded scene 'Assets/Scenes/Bootstrap.unity'
	Deserialize:            0.615 ms
	Integration:            127.890 ms
	Integration of assets:  0.001 ms
	Thread Wait Time:       0.003 ms
	Total Operation Time:   128.509 ms
Unloading 21 unused Assets / (7.0 KB). Loaded Objects now: 7611.
Memory consumption went from 199.6 MB to 199.5 MB.
Total: 9.107958 ms (FindLiveObjects: 0.212417 ms CreateObjectMapping: 0.116458 ms MarkObjects: 8.739167 ms  DeleteObjects: 0.039458 ms)

2 URP assets included in build
- Gibi_URP_TierC - Assets/Settings/Gibi_URP_TierC.asset
	 - Gibi_UniversalRenderer - Assets/Settings/Gibi_UniversalRenderer.asset - UnityEngine.Rendering.Universal.UniversalRendererData
- Gibi_URP_TierAB - Assets/Settings/Gibi_URP_TierAB.asset
	 - Gibi_UniversalRenderer - Assets/Settings/Gibi_UniversalRenderer.asset - UnityEngine.Rendering.Universal.UniversalRendererData
UnityEngine.Debug:ExtractStackTraceNoAlloc (byte*,int,string)
UnityEngine.StackTraceUtility:ExtractStackTrace () (at /Users/bokken/build/output/unity/unity/Runtime/Export/Scripting/StackTrace.cs:35)
UnityEngine.DebugLogHandler:Internal_Log (UnityEngine.LogType,UnityEngine.LogOption,string,UnityEngine.Object)
UnityEngine.DebugLogHandler:LogFormat (UnityEngine.LogType,UnityEngine.Object,string,object[])
UnityEngine.Logger:Log (UnityEngine.LogType,object)
UnityEngine.Debug:Log (object)
UnityEditor.Rendering.Universal.URPPreprocessBuild:LogIncludedAssets (System.Collections.Generic.List`1<UnityEngine.Rendering.Universal.UniversalRenderPipelineAsset>) (at ./Library/PackageCache/com.unity.render-pipelines.universal@28ea0a0a8ae3/Editor/BuildProcessors/URPPreprocessBuild.cs:52)
UnityEditor.Rendering.Universal.URPPreprocessBuild:OnPreprocessBuild (UnityEditor.Build.Reporting.BuildReport) (at ./Library/PackageCache/com.unity.render-pipelines.universal@28ea0a0a8ae3/Editor/BuildProcessors/URPPreprocessBuild.cs:30)
UnityEditor.Build.BuildPipelineInterfaces/<>c__DisplayClass17_0:<OnBuildPreProcess>b__1 (UnityEditor.Build.IPreprocessBuildWithReport) (at /Users/bokken/build/output/unity/unity/Editor/Mono/BuildPipeline/BuildPipelineInterfaces.cs:509)
UnityEditor.Build.BuildPipelineInterfaces:InvokeCallbackInterfacesPair<UnityEditor.Build.IPreprocessBuild, UnityEditor.Build.IPreprocessBuildWithReport> (System.Collections.Generic.List`1<UnityEditor.Build.IPreprocessBuild>,System.Action`1<UnityEditor.Build.IPreprocessBuild>,System.Collections.Generic.List`1<UnityEditor.Build.IPreprocessBuildWithReport>,System.Action`1<UnityEditor.Build.IPreprocessBuildWithReport>,bool) (at /Users/bokken/build/output/unity/unity/Editor/Mono/BuildPipeline/BuildPipelineInterfaces.cs:475)
UnityEditor.Build.BuildPipelineInterfaces:OnBuildPreProcess (UnityEditor.Build.Reporting.BuildReport) (at /Users/bokken/build/output/unity/unity/Editor/Mono/BuildPipeline/BuildPipelineInterfaces.cs:507)
UnityEditor.BuildPipeline:BuildPlayerInternalNoCheck (string[],string,string,UnityEditor.BuildTargetGroup,UnityEditor.BuildTarget,int,UnityEditor.BuildOptions,string[],bool)
UnityEditor.BuildPipeline:BuildPlayerInternal (string[],string,string,UnityEditor.BuildTargetGroup,UnityEditor.BuildTarget,int,UnityEditor.BuildOptions,string[]) (at /Users/bokken/build/output/unity/unity/Editor/Mono/BuildPipeline.bindings.cs:534)
UnityEditor.BuildPipeline:BuildPlayer (string[],string,string,UnityEditor.BuildTargetGroup,UnityEditor.BuildTarget,int,UnityEditor.BuildOptions,string[]) (at /Users/bokken/build/output/unity/unity/Editor/Mono/BuildPipeline.bindings.cs:418)
UnityEditor.BuildPipeline:BuildPlayer (UnityEditor.BuildPlayerOptions) (at /Users/bokken/build/output/unity/unity/Editor/Mono/BuildPipeline.bindings.cs:364)
Gibi.Editor.AndroidBuild:Build (bool) (at Assets/Gibi/Editor/AndroidBuild.cs:74)
Gibi.Editor.AndroidBuild:BuildDevForCI () (at Assets/Gibi/Editor/AndroidBuild.cs:23)

(Filename: ./Library/PackageCache/com.unity.render-pipelines.universal@28ea0a0a8ae3/Editor/BuildProcessors/URPPreprocessBuild.cs Line: 52)

Start importing Assets/XR/Settings/AuthBuildSettings.asset using Guid(66986cf2257c64a51bd351889f1d3a4a) (NativeFormatImporter) -> (artifact id: 'a9ff2d9d8adb29517bfade43ee966895') in 0.0048965 seconds
Refreshing native plugins compatible for Editor in 2.96 ms, found 10 plugins.
Preloading 0 native plugins for Editor in 0.00 ms.
Asset Pipeline Refresh (id=e9c6587063f9646d5a109efa9db21ec0): Total: 0.159 seconds - Initiated by StopAssetImportingV2(NoUpdateAssetOptions)
Start importing Assets/Resources using Guid(52c599366653a476392f29d5755d217a) (DefaultImporter) -> (artifact id: '19c0e511f45695d20336c8c07e663b02') in 0.001016958 seconds
Refreshing native plugins compatible for Editor in 3.12 ms, found 10 plugins.
Preloading 0 native plugins for Editor in 0.00 ms.
Asset Pipeline Refresh (id=77d12d121ebba4e7298f96dca997211c): Total: 0.034 seconds - Initiated by StopAssetImportingV2(NoUpdateAssetOptions)
Start importing Assets/XR/Settings/OpenXR Package Settings.asset using Guid(33b9e3c64e3de4bd682267377316de3c) (NativeFormatImporter) -> (artifact id: 'e628152bb30e4afded7abf640796f98e') in 0.001095125 seconds
Refreshing native plugins compatible for Editor in 3.00 ms, found 10 plugins.
Preloading 0 native plugins for Editor in 0.00 ms.
Asset Pipeline Refresh (id=c986830cfe6e240068da69a29be2930e): Total: 0.018 seconds - Initiated by StopAssetImportingV2(NoUpdateAssetOptions)
Start importing Assets/XR/Temp using Guid(592fe4d9f7d494a2386e3d719117b670) (DefaultImporter) -> (artifact id: 'b081a6fb2c8e5233bd95dbc3ef19a30d') in 0.000673041 seconds
Refreshing native plugins compatible for Editor in 3.14 ms, found 10 plugins.
Preloading 0 native plugins for Editor in 0.00 ms.
Asset Pipeline Refresh (id=f36647b70d7254c0dba28b2ba7ff4fe5): Total: 0.029 seconds - Initiated by StopAssetImportingV2(NoUpdateAssetOptions)
Refreshing native plugins compatible for Editor in 3.05 ms, found 10 plugins.
Preloading 0 native plugins for Editor in 0.00 ms.
Asset Pipeline Refresh (id=2272633e922c6459b843520ed3e391e2): Total: 0.028 seconds - Initiated by StopAssetImportingV2(NoUpdateAssetOptions)
Refreshing native plugins compatible for Editor in 3.07 ms, found 10 plugins.
Preloading 0 native plugins for Editor in 0.00 ms.
Asset Pipeline Refresh (id=b5d9bcd7a1c5e4ce5aaadb7e3d45f5ba): Total: 0.029 seconds - Initiated by StopAssetImportingV2(NoUpdateAssetOptions)
Start importing Assets/Resources/PerformanceTestRunSettings.json using Guid(3073912dfc7d14835a038c64875eb36a) (TextScriptImporter) -> (artifact id: 'fd288eedd4fe7cb29a3baec126cd1db2') in 0.001218542 seconds
Start importing Assets/Resources/PerformanceTestRunInfo.json using Guid(feb76ef9a6b29402fb18bbcad28f7741) (TextScriptImporter) -> (artifact id: 'bd197a5390967bde7c48ffe22c86f452') in 0.00072925 seconds
Refreshing native plugins compatible for Editor in 3.03 ms, found 10 plugins.
Preloading 0 native plugins for Editor in 0.00 ms.
Asset Pipeline Refresh (id=69e4a2f46607445758701809d46c7286): Total: 0.097 seconds - Initiated by RefreshV2(NoUpdateAssetOptions)
DisplayProgressbar: Compiling XRReferenceImageLibrary (1 of 2)
DisplayProgressbar: Compiling XRReferenceImageLibrary (2 of 2)
Start importing ProjectSettings/ProjectSettings.asset using Guid(00000000000000004000000000000000) (LibraryAssetImporter) -> (artifact id: 'eb52213465542becb56cd05788e08950') in 0.001852167 seconds
Start importing ProjectSettings/GraphicsSettings.asset using Guid(00000000000000006100000000000000) (LibraryAssetImporter) -> (artifact id: 'bd36a97400d650321b4f8441aa09e313') in 0.000493875 seconds
Start importing Packages/com.unity.xr.arkit/Tests/Editor/Assets/TestReferenceImageLibrary.asset using Guid(e140c899c3d924dff8f41e493d33d3a7) (NativeFormatImporter) -> (artifact id: '0c5cddd8b077a1626f50358e41d1196d') in 0.000914542 seconds
Start importing Packages/com.unity.xr.arcore/Tests/Editor/Assets/TestReferenceImageLibrary.asset using Guid(c33765148919746ecbe8e10cceb19107) (NativeFormatImporter) -> (artifact id: '660eaeb3de38b45220c5243a836ddaf8') in 0.000910917 seconds
Start importing Assets/Settings/Gibi_URP_TierAB.asset using Guid(a63e550735c0f468bb2de55869a07f19) (NativeFormatImporter) -> (artifact id: '9ed4eb6534d15624b64a9d5eb4f400c4') in 0.000626583 seconds
Start importing Assets/UniversalRenderPipelineGlobalSettings.asset using Guid(becd4c17eb1b140de95f815d0378b482) (NativeFormatImporter) -> (artifact id: 'fd46e7311a250a9d4f02e8aa67636bff') in 0.000838083 seconds
Start importing Assets/Settings/Gibi_URP_TierC.asset using Guid(8fffae5f6abe24bc386ea138b6a87b8d) (NativeFormatImporter) -> (artifact id: '978abcbad964d6bf53a4b78096329e96') in 0.000498125 seconds
The following asset(s) located in immutable packages were unexpectedly altered. Making changes to immutable packages isn't recommended because the changes can be lost without any warning during Package Manager operations.
  Packages/com.unity.xr.arcore/Tests/Editor/Assets/TestReferenceImageLibrary.asset
  Packages/com.unity.xr.arkit/Tests/Editor/Assets/TestReferenceImageLibrary.asset
Launching external process: /Applications/Unity/Hub/Editor/6000.0.74f1/Unity.app/Contents/Tools/UnityShaderCompiler
Launched and connected shader compiler UnityShaderCompiler after 0.06 seconds
Refreshing native plugins compatible for Editor in 3.22 ms, found 10 plugins.
Preloading 0 native plugins for Editor in 0.00 ms.
Asset Pipeline Refresh (id=c23bf8c3d2dcf4146ad091f52d511ce9): Total: 0.246 seconds - Initiated by StopAssetImportingV2(NoUpdateAssetOptions)
DisplayProgressbar: Checking prerequisites
Android PostProcess task "Checking prerequisites" took 8.3659 ms
DisplayProgressbar: Detect Java Development Kit (JDK)
Android PostProcess task "Detect Java Development Kit (JDK)" took 452.4641 ms
DisplayProgressbar: Detecting Android SDK
AndroidSDKTools:

	root          : /Applications/Unity/Hub/Editor/6000.0.74f1/PlaybackEngines/AndroidPlayer/SDK
	cmdline-tools : /Applications/Unity/Hub/Editor/6000.0.74f1/PlaybackEngines/AndroidPlayer/SDK/cmdline-tools/16.0
	platform-tools: /Applications/Unity/Hub/Editor/6000.0.74f1/PlaybackEngines/AndroidPlayer/SDK/platform-tools
	build-tools   : /Applications/Unity/Hub/Editor/6000.0.74f1/PlaybackEngines/AndroidPlayer/SDK/build-tools/36.0.0

	adb           : /Applications/Unity/Hub/Editor/6000.0.74f1/PlaybackEngines/AndroidPlayer/SDK/platform-tools/adb

Android PostProcess task "Detecting Android SDK" took 6204.5797 ms
DisplayProgressbar: Detect Android NDK
Android PostProcess task "Detect Android NDK" took 1.1523 ms
Android PostProcess task "Trying to find a suitable Android device" took 0.3816 ms
DisplayProgressbar: Check resources
Android PostProcess task "Check resources" took 0.1412 ms
DisplayProgressbar: Check Android Player Settings
Android PostProcess task "Check Android Player Settings" took 0.1813 ms
[40m[32minfo[39m[22m[49m: Microsoft.AspNetCore.Hosting.Diagnostics[1]
      Request starting HTTP/2 POST http://ilpp/UnityILPP.PostProcessing/Ping application/grpc -
[40m[32minfo[39m[22m[49m: Microsoft.AspNetCore.Routing.EndpointMiddleware[0]
      Executing endpoint 'gRPC - /UnityILPP.PostProcessing/Ping'
[40m[32minfo[39m[22m[49m: Microsoft.AspNetCore.Routing.EndpointMiddleware[1]
      Executed endpoint 'gRPC - /UnityILPP.PostProcessing/Ping'
[40m[32minfo[39m[22m[49m: Microsoft.AspNetCore.Hosting.Diagnostics[2]
      Request finished HTTP/2 POST http://ilpp/UnityILPP.PostProcessing/Ping application/grpc - - 200 - application/grpc 0.5400ms
Starting: /Applications/Unity/Hub/Editor/6000.0.74f1/Unity.app/Contents/bee_backend --ipc --defer-dag-verification --dagfile="Library/Bee/1300b0aESkipCompile.dag" --continue-on-failure --profile="Library/Bee/backend1.traceevents" ScriptAssembliesAndTypeDB
WorkingDir: /Users/robert/gibiworld/clients/gw-mobile
DisplayProgressbar: Compiling Scripts
ExitCode: 4 Duration: 0s996ms
Rebuilding DAG because FileSignature timestamp changed: Library/Bee/1300b0aESkipCompile-inputdata.json
[2/3        0s] BuildPlayerDataGenerator Library/BuildPlayerData/Editor/TypeDb-All.json
*** Tundra requires additional run (0.98 seconds), 1 items updated, 1 evaluated
Starting: /Applications/Unity/Hub/Editor/6000.0.74f1/Unity.app/Contents/Tools/netcorerun/netcorerun "/Applications/Unity/Hub/Editor/6000.0.74f1/Unity.app/Contents/Tools/BuildPipeline/ScriptCompilationBuildProgram.exe" "Library/Bee/1300b0aESkipCompile.dag.json" "Library/Bee/1300b0aESkipCompile-inputdata.json" "Library/Bee/buildprogram0.traceevents"
WorkingDir: /Users/robert/gibiworld/clients/gw-mobile
ExitCode: 0 Duration: 0s313ms
Starting: /Applications/Unity/Hub/Editor/6000.0.74f1/Unity.app/Contents/bee_backend --ipc --defer-dag-verification --dagfile="Library/Bee/1300b0aESkipCompile.dag" --continue-on-failure --dagfilejson="Library/Bee/1300b0aESkipCompile.dag.json" --profile="Library/Bee/backend2.traceevents" ScriptAssembliesAndTypeDB
WorkingDir: /Users/robert/gibiworld/clients/gw-mobile
ExitCode: 0 Duration: 0s45ms
Finished compiling graph: 4 nodes, 5 flattened edges (5 ToBuild, 0 ToUse), maximum node priority 3
*** Tundra build success (0.02 seconds), 0 items updated, 3 evaluated
Total cache size 267522162
Total cache size after purge 267522162, took 00:00:00.0889556
Asset Pipeline Refresh (id=685795dc8a3754bac8c02ba0d04226ea): Total: 0.079 seconds - Initiated by RefreshV2(NoUpdateAssetOptions)
[ScriptCompilation] Requested script compilation because: Recompiling scripts for player build.
BuildPlayer: start building target 13
Assembly for Assembly Definition File 'Assets/Gibi/Telemetry/Runtime/Gibi.Telemetry.asmdef' will not be compiled, because it has no scripts associated with it.
UnityEngine.Debug:ExtractStackTraceNoAlloc (byte*,int,string)
UnityEngine.StackTraceUtility:ExtractStackTrace () (at /Users/bokken/build/output/unity/unity/Runtime/Export/Scripting/StackTrace.cs:35)
UnityEngine.DebugLogHandler:Internal_Log (UnityEngine.LogType,UnityEngine.LogOption,string,UnityEngine.Object)
UnityEngine.DebugLogHandler:LogFormat (UnityEngine.LogType,UnityEngine.Object,string,object[])
UnityEngine.Logger:LogFormat (UnityEngine.LogType,string,object[])
UnityEngine.Debug:LogWarningFormat (string,object[])
UnityEditor.Scripting.ScriptCompilation.EditorCompilation:WarnIfThereAreAssembliesWithoutAnyScripts (UnityEditor.Scripting.ScriptCompilation.ScriptAssemblySettings,UnityEditor.Scripting.ScriptCompilation.ScriptAssembly[]) (at /Users/bokken/build/output/unity/unity/Editor/Mono/Scripting/ScriptCompilation/EditorCompilation.cs:779)
UnityEditor.Scripting.ScriptCompilation.EditorCompilation:CompileScriptsWithSettings (UnityEditor.Scripting.ScriptCompilation.ScriptAssemblySettings) (at /Users/bokken/build/output/unity/unity/Editor/Mono/Scripting/ScriptCompilation/EditorCompilation.cs:832)
UnityEditor.Scripting.ScriptCompilation.EditorCompilation:CompileScripts (UnityEditor.Scripting.ScriptCompilation.EditorScriptCompilationOptions,UnityEditor.BuildTarget,int,string[]) (at /Users/bokken/build/output/unity/unity/Editor/Mono/Scripting/ScriptCompilation/EditorCompilation.cs:715)
UnityEditor.Scripting.ScriptCompilation.EditorCompilationInterface/<>c__DisplayClass21_0:<CompileScripts>b__0 () (at /Users/bokken/build/output/unity/unity/Editor/Mono/Scripting/ScriptCompilation/EditorCompilationInterface.cs:184)
UnityEditor.Scripting.ScriptCompilation.EditorCompilationInterface:EmitExceptionAsError<UnityEditor.Scripting.ScriptCompilation.EditorCompilation/CompileStatus> (System.Func`1<UnityEditor.Scripting.ScriptCompilation.EditorCompilation/CompileStatus>,UnityEditor.Scripting.ScriptCompilation.EditorCompilation/CompileStatus) (at /Users/bokken/build/output/unity/unity/Editor/Mono/Scripting/ScriptCompilation/EditorCompilationInterface.cs:49)
UnityEditor.Scripting.ScriptCompilation.EditorCompilationInterface:CompileScripts (UnityEditor.Scripting.ScriptCompilation.EditorScriptCompilationOptions,UnityEditor.BuildTarget,int,string[]) (at /Users/bokken/build/output/unity/unity/Editor/Mono/Scripting/ScriptCompilation/EditorCompilationInterface.cs:184)
UnityEditor.BuildPipeline:BuildPlayerInternalNoCheck (string[],string,string,UnityEditor.BuildTargetGroup,UnityEditor.BuildTarget,int,UnityEditor.BuildOptions,string[],bool)
UnityEditor.BuildPipeline:BuildPlayerInternal (string[],string,string,UnityEditor.BuildTargetGroup,UnityEditor.BuildTarget,int,UnityEditor.BuildOptions,string[]) (at /Users/bokken/build/output/unity/unity/Editor/Mono/BuildPipeline.bindings.cs:534)
UnityEditor.BuildPipeline:BuildPlayer (string[],string,string,UnityEditor.BuildTargetGroup,UnityEditor.BuildTarget,int,UnityEditor.BuildOptions,string[]) (at /Users/bokken/build/output/unity/unity/Editor/Mono/BuildPipeline.bindings.cs:418)
UnityEditor.BuildPipeline:BuildPlayer (UnityEditor.BuildPlayerOptions) (at /Users/bokken/build/output/unity/unity/Editor/Mono/BuildPipeline.bindings.cs:364)
Gibi.Editor.AndroidBuild:Build (bool) (at Assets/Gibi/Editor/AndroidBuild.cs:74)
Gibi.Editor.AndroidBuild:BuildDevForCI () (at Assets/Gibi/Editor/AndroidBuild.cs:23)

(Filename: /Users/bokken/build/output/unity/unity/Editor/Mono/Scripting/ScriptCompilation/EditorCompilation.cs Line: 779)

Assembly for Assembly Definition File 'Assets/Gibi/Networking/Runtime/Gibi.Networking.asmdef' will not be compiled, because it has no scripts associated with it.
UnityEngine.Debug:ExtractStackTraceNoAlloc (byte*,int,string)
UnityEngine.StackTraceUtility:ExtractStackTrace () (at /Users/bokken/build/output/unity/unity/Runtime/Export/Scripting/StackTrace.cs:35)
UnityEngine.DebugLogHandler:Internal_Log (UnityEngine.LogType,UnityEngine.LogOption,string,UnityEngine.Object)
UnityEngine.DebugLogHandler:LogFormat (UnityEngine.LogType,UnityEngine.Object,string,object[])
UnityEngine.Logger:LogFormat (UnityEngine.LogType,string,object[])
UnityEngine.Debug:LogWarningFormat (string,object[])
UnityEditor.Scripting.ScriptCompilation.EditorCompilation:WarnIfThereAreAssembliesWithoutAnyScripts (UnityEditor.Scripting.ScriptCompilation.ScriptAssemblySettings,UnityEditor.Scripting.ScriptCompilation.ScriptAssembly[]) (at /Users/bokken/build/output/unity/unity/Editor/Mono/Scripting/ScriptCompilation/EditorCompilation.cs:779)
UnityEditor.Scripting.ScriptCompilation.EditorCompilation:CompileScriptsWithSettings (UnityEditor.Scripting.ScriptCompilation.ScriptAssemblySettings) (at /Users/bokken/build/output/unity/unity/Editor/Mono/Scripting/ScriptCompilation/EditorCompilation.cs:832)
UnityEditor.Scripting.ScriptCompilation.EditorCompilation:CompileScripts (UnityEditor.Scripting.ScriptCompilation.EditorScriptCompilationOptions,UnityEditor.BuildTarget,int,string[]) (at /Users/bokken/build/output/unity/unity/Editor/Mono/Scripting/ScriptCompilation/EditorCompilation.cs:715)
UnityEditor.Scripting.ScriptCompilation.EditorCompilationInterface/<>c__DisplayClass21_0:<CompileScripts>b__0 () (at /Users/bokken/build/output/unity/unity/Editor/Mono/Scripting/ScriptCompilation/EditorCompilationInterface.cs:184)
UnityEditor.Scripting.ScriptCompilation.EditorCompilationInterface:EmitExceptionAsError<UnityEditor.Scripting.ScriptCompilation.EditorCompilation/CompileStatus> (System.Func`1<UnityEditor.Scripting.ScriptCompilation.EditorCompilation/CompileStatus>,UnityEditor.Scripting.ScriptCompilation.EditorCompilation/CompileStatus) (at /Users/bokken/build/output/unity/unity/Editor/Mono/Scripting/ScriptCompilation/EditorCompilationInterface.cs:49)
UnityEditor.Scripting.ScriptCompilation.EditorCompilationInterface:CompileScripts (UnityEditor.Scripting.ScriptCompilation.EditorScriptCompilationOptions,UnityEditor.BuildTarget,int,string[]) (at /Users/bokken/build/output/unity/unity/Editor/Mono/Scripting/ScriptCompilation/EditorCompilationInterface.cs:184)
UnityEditor.BuildPipeline:BuildPlayerInternalNoCheck (string[],string,string,UnityEditor.BuildTargetGroup,UnityEditor.BuildTarget,int,UnityEditor.BuildOptions,string[],bool)
UnityEditor.BuildPipeline:BuildPlayerInternal (string[],string,string,UnityEditor.BuildTargetGroup,UnityEditor.BuildTarget,int,UnityEditor.BuildOptions,string[]) (at /Users/bokken/build/output/unity/unity/Editor/Mono/BuildPipeline.bindings.cs:534)
UnityEditor.BuildPipeline:BuildPlayer (string[],string,string,UnityEditor.BuildTargetGroup,UnityEditor.BuildTarget,int,UnityEditor.BuildOptions,string[]) (at /Users/bokken/build/output/unity/unity/Editor/Mono/BuildPipeline.bindings.cs:418)
UnityEditor.BuildPipeline:BuildPlayer (UnityEditor.BuildPlayerOptions) (at /Users/bokken/build/output/unity/unity/Editor/Mono/BuildPipeline.bindings.cs:364)
Gibi.Editor.AndroidBuild:Build (bool) (at Assets/Gibi/Editor/AndroidBuild.cs:74)
Gibi.Editor.AndroidBuild:BuildDevForCI () (at Assets/Gibi/Editor/AndroidBuild.cs:23)

(Filename: /Users/bokken/build/output/unity/unity/Editor/Mono/Scripting/ScriptCompilation/EditorCompilation.cs Line: 779)

Assembly for Assembly Definition File 'Assets/Gibi/AI/Runtime/Gibi.AI.asmdef' will not be compiled, because it has no scripts associated with it.
UnityEngine.Debug:ExtractStackTraceNoAlloc (byte*,int,string)
UnityEngine.StackTraceUtility:ExtractStackTrace () (at /Users/bokken/build/output/unity/unity/Runtime/Export/Scripting/StackTrace.cs:35)
UnityEngine.DebugLogHandler:Internal_Log (UnityEngine.LogType,UnityEngine.LogOption,string,UnityEngine.Object)
UnityEngine.DebugLogHandler:LogFormat (UnityEngine.LogType,UnityEngine.Object,string,object[])
UnityEngine.Logger:LogFormat (UnityEngine.LogType,string,object[])
UnityEngine.Debug:LogWarningFormat (string,object[])
UnityEditor.Scripting.ScriptCompilation.EditorCompilation:WarnIfThereAreAssembliesWithoutAnyScripts (UnityEditor.Scripting.ScriptCompilation.ScriptAssemblySettings,UnityEditor.Scripting.ScriptCompilation.ScriptAssembly[]) (at /Users/bokken/build/output/unity/unity/Editor/Mono/Scripting/ScriptCompilation/EditorCompilation.cs:779)
UnityEditor.Scripting.ScriptCompilation.EditorCompilation:CompileScriptsWithSettings (UnityEditor.Scripting.ScriptCompilation.ScriptAssemblySettings) (at /Users/bokken/build/output/unity/unity/Editor/Mono/Scripting/ScriptCompilation/EditorCompilation.cs:832)
UnityEditor.Scripting.ScriptCompilation.EditorCompilation:CompileScripts (UnityEditor.Scripting.ScriptCompilation.EditorScriptCompilationOptions,UnityEditor.BuildTarget,int,string[]) (at /Users/bokken/build/output/unity/unity/Editor/Mono/Scripting/ScriptCompilation/EditorCompilation.cs:715)
UnityEditor.Scripting.ScriptCompilation.EditorCompilationInterface/<>c__DisplayClass21_0:<CompileScripts>b__0 () (at /Users/bokken/build/output/unity/unity/Editor/Mono/Scripting/ScriptCompilation/EditorCompilationInterface.cs:184)
UnityEditor.Scripting.ScriptCompilation.EditorCompilationInterface:EmitExceptionAsError<UnityEditor.Scripting.ScriptCompilation.EditorCompilation/CompileStatus> (System.Func`1<UnityEditor.Scripting.ScriptCompilation.EditorCompilation/CompileStatus>,UnityEditor.Scripting.ScriptCompilation.EditorCompilation/CompileStatus) (at /Users/bokken/build/output/unity/unity/Editor/Mono/Scripting/ScriptCompilation/EditorCompilationInterface.cs:49)
UnityEditor.Scripting.ScriptCompilation.EditorCompilationInterface:CompileScripts (UnityEditor.Scripting.ScriptCompilation.EditorScriptCompilationOptions,UnityEditor.BuildTarget,int,string[]) (at /Users/bokken/build/output/unity/unity/Editor/Mono/Scripting/ScriptCompilation/EditorCompilationInterface.cs:184)
UnityEditor.BuildPipeline:BuildPlayerInternalNoCheck (string[],string,string,UnityEditor.BuildTargetGroup,UnityEditor.BuildTarget,int,UnityEditor.BuildOptions,string[],bool)
UnityEditor.BuildPipeline:BuildPlayerInternal (string[],string,string,UnityEditor.BuildTargetGroup,UnityEditor.BuildTarget,int,UnityEditor.BuildOptions,string[]) (at /Users/bokken/build/output/unity/unity/Editor/Mono/BuildPipeline.bindings.cs:534)
UnityEditor.BuildPipeline:BuildPlayer (string[],string,string,UnityEditor.BuildTargetGroup,UnityEditor.BuildTarget,int,UnityEditor.BuildOptions,string[]) (at /Users/bokken/build/output/unity/unity/Editor/Mono/BuildPipeline.bindings.cs:418)
UnityEditor.BuildPipeline:BuildPlayer (UnityEditor.BuildPlayerOptions) (at /Users/bokken/build/output/unity/unity/Editor/Mono/BuildPipeline.bindings.cs:364)
Gibi.Editor.AndroidBuild:Build (bool) (at Assets/Gibi/Editor/AndroidBuild.cs:74)
Gibi.Editor.AndroidBuild:BuildDevForCI () (at Assets/Gibi/Editor/AndroidBuild.cs:23)

(Filename: /Users/bokken/build/output/unity/unity/Editor/Mono/Scripting/ScriptCompilation/EditorCompilation.cs Line: 779)

[40m[32minfo[39m[22m[49m: Microsoft.AspNetCore.Hosting.Diagnostics[1]
      Request starting HTTP/2 POST http://ilpp/UnityILPP.PostProcessing/Ping application/grpc -
[40m[32minfo[39m[22m[49m: Microsoft.AspNetCore.Routing.EndpointMiddleware[0]
      Executing endpoint 'gRPC - /UnityILPP.PostProcessing/Ping'
[40m[32minfo[39m[22m[49m: Microsoft.AspNetCore.Routing.EndpointMiddleware[1]
      Executed endpoint 'gRPC - /UnityILPP.PostProcessing/Ping'
[40m[32minfo[39m[22m[49m: Microsoft.AspNetCore.Hosting.Diagnostics[2]
      Request finished HTTP/2 POST http://ilpp/UnityILPP.PostProcessing/Ping application/grpc - - 200 - application/grpc 0.1691ms
Starting: /Applications/Unity/Hub/Editor/6000.0.74f1/Unity.app/Contents/bee_backend --ipc --defer-dag-verification --dagfile="Library/Bee/1300b0aPDevDbg.dag" --continue-on-failure --profile="Library/Bee/backend1.traceevents" ScriptAssembliesAndTypeDB
WorkingDir: /Users/robert/gibiworld/clients/gw-mobile
[40m[32minfo[39m[22m[49m: Microsoft.AspNetCore.Hosting.Diagnostics[1]
      Request starting HTTP/2 POST http://ilpp/UnityILPP.PostProcessing/ConfigurePostProcessors application/grpc -
[40m[32minfo[39m[22m[49m: Microsoft.AspNetCore.Routing.EndpointMiddleware[0]
      Executing endpoint 'gRPC - /UnityILPP.PostProcessing/ConfigurePostProcessors'
[40m[32minfo[39m[22m[49m: Unity.ILPP.Runner.PostProcessingAssemblyLoadContext[0]
      ALC ILPP context 1 is unloading
[40m[1m[33mwarn[39m[22m[49m: Unity.ILPP.Runner.PostProcessingAssemblyLoadContext[0]
      Assembly unityeditor.ios.extensions.xcode has duplicate hint path. Ignoring "/Applications/Unity/Hub/Editor/6000.0.74f1/Unity.app/Contents/PlaybackEngines/MacStandaloneSupport/UnityEditor.iOS.Extensions.Xcode.dll" in favor of "/Applications/Unity/Hub/Editor/6000.0.74f1/PlaybackEngines/iOSSupport/UnityEditor.iOS.Extensions.Xcode.dll"
[40m[1m[33mwarn[39m[22m[49m: Unity.ILPP.Runner.PostProcessingAssemblyLoadContext[0]
      Assembly system.runtime.interopservices.windowsruntime has duplicate hint path. Ignoring "/Applications/Unity/Hub/Editor/6000.0.74f1/Unity.app/Contents/UnityReferenceAssemblies/unity-4.8-api/Facades/System.Runtime.InteropServices.WindowsRuntime.dll" in favor of "/Applications/Unity/Hub/Editor/6000.0.74f1/Unity.app/Contents/NetStandard/Extensions/2.0.0/System.Runtime.InteropServices.WindowsRuntime.dll"
[40m[1m[33mwarn[39m[22m[49m: Unity.ILPP.Runner.PostProcessingAssemblyLoadContext[0]
      Assembly system.componentmodel.composition has duplicate hint path. Ignoring "/Applications/Unity/Hub/Editor/6000.0.74f1/Unity.app/Contents/UnityReferenceAssemblies/unity-4.8-api/System.ComponentModel.Composition.dll" in favor of "/Applications/Unity/Hub/Editor/6000.0.74f1/Unity.app/Contents/NetStandard/compat/2.1.0/shims/netfx/System.ComponentModel.Composition.dll"
[40m[32minfo[39m[22m[49m: Unity.ILPP.Runner.PostProcessingAssemblyLoadContext[0]
      Resolved Unity.Burst.Cecil, Version=0.11.6.0, Culture=neutral, PublicKeyToken=50cebf1cceb9d05e with Library/PackageCache/com.unity.burst@6bb9aca3ef38/Unity.Burst.CodeGen/Unity.Burst.Cecil.dll
[40m[32minfo[39m[22m[49m: Unity.ILPP.Runner.PostProcessingAssemblyLoadContext[0]
      Resolved Mono.Cecil, Version=0.11.5.0, Culture=neutral, PublicKeyToken=50cebf1cceb9d05e with Library/PackageCache/com.unity.nuget.mono-cecil@ecb9724e46ff/Mono.Cecil.dll
[40m[32minfo[39m[22m[49m: Microsoft.AspNetCore.Routing.EndpointMiddleware[1]
      Executed endpoint 'gRPC - /UnityILPP.PostProcessing/ConfigurePostProcessors'
[40m[32minfo[39m[22m[49m: Microsoft.AspNetCore.Hosting.Diagnostics[2]
      Request finished HTTP/2 POST http://ilpp/UnityILPP.PostProcessing/ConfigurePostProcessors application/grpc - - 200 - application/grpc 6.0110ms
Starting: /Applications/Unity/Hub/Editor/6000.0.74f1/Unity.app/Contents/Tools/netcorerun/netcorerun "/Applications/Unity/Hub/Editor/6000.0.74f1/Unity.app/Contents/Tools/BuildPipeline/ScriptCompilationBuildProgram.exe" "Library/Bee/1300b0aPDevDbg.dag.json" "Library/Bee/1300b0aPDevDbg-inputdata.json" "Library/Bee/buildprogram0.traceevents"
WorkingDir: /Users/robert/gibiworld/clients/gw-mobile
ExitCode: 4 Duration: 1s189ms
Rebuilding DAG because FileSignature timestamp changed: Library/Bee/1300b0aPDevDbg-inputdata.json
[586/756    0s] ILPP-Configuration Library/ilpp-configuration.nevergeneratedoutput
[587/756    1s] Csc Library/Bee/artifacts/1300b0aPDevDbg.dag/Gibi.Pets.dll (+2 others)
*** Tundra requires additional run (1.12 seconds), 2 items updated, 583 evaluated
ExitCode: 0 Duration: 0s481ms
Starting: /Applications/Unity/Hub/Editor/6000.0.74f1/Unity.app/Contents/bee_backend --ipc --defer-dag-verification --dagfile="Library/Bee/1300b0aPDevDbg.dag" --continue-on-failure --dagfilejson="Library/Bee/1300b0aPDevDbg.dag.json" --profile="Library/Bee/backend2.traceevents" ScriptAssembliesAndTypeDB
WorkingDir: /Users/robert/gibiworld/clients/gw-mobile
[40m[32minfo[39m[22m[49m: Microsoft.AspNetCore.Hosting.Diagnostics[1]
      Request starting HTTP/2 POST http://ilpp/UnityILPP.PostProcessing/ConfigurePostProcessors application/grpc -
[40m[32minfo[39m[22m[49m: Microsoft.AspNetCore.Routing.EndpointMiddleware[0]
      Executing endpoint 'gRPC - /UnityILPP.PostProcessing/ConfigurePostProcessors'
[40m[32minfo[39m[22m[49m: Unity.ILPP.Runner.PostProcessingAssemblyLoadContext[0]
      ALC ILPP context 2 is unloading
[40m[1m[33mwarn[39m[22m[49m: Unity.ILPP.Runner.PostProcessingAssemblyLoadContext[0]
      Assembly unityeditor.ios.extensions.xcode has duplicate hint path. Ignoring "/Applications/Unity/Hub/Editor/6000.0.74f1/Unity.app/Contents/PlaybackEngines/MacStandaloneSupport/UnityEditor.iOS.Extensions.Xcode.dll" in favor of "/Applications/Unity/Hub/Editor/6000.0.74f1/PlaybackEngines/iOSSupport/UnityEditor.iOS.Extensions.Xcode.dll"
[40m[1m[33mwarn[39m[22m[49m: Unity.ILPP.Runner.PostProcessingAssemblyLoadContext[0]
      Assembly system.runtime.interopservices.windowsruntime has duplicate hint path. Ignoring "/Applications/Unity/Hub/Editor/6000.0.74f1/Unity.app/Contents/UnityReferenceAssemblies/unity-4.8-api/Facades/System.Runtime.InteropServices.WindowsRuntime.dll" in favor of "/Applications/Unity/Hub/Editor/6000.0.74f1/Unity.app/Contents/NetStandard/Extensions/2.0.0/System.Runtime.InteropServices.WindowsRuntime.dll"
[40m[1m[33mwarn[39m[22m[49m: Unity.ILPP.Runner.PostProcessingAssemblyLoadContext[0]
      Assembly system.componentmodel.composition has duplicate hint path. Ignoring "/Applications/Unity/Hub/Editor/6000.0.74f1/Unity.app/Contents/UnityReferenceAssemblies/unity-4.8-api/System.ComponentModel.Composition.dll" in favor of "/Applications/Unity/Hub/Editor/6000.0.74f1/Unity.app/Contents/NetStandard/compat/2.1.0/shims/netfx/System.ComponentModel.Composition.dll"
[40m[32minfo[39m[22m[49m: Unity.ILPP.Runner.PostProcessingAssemblyLoadContext[0]
      Resolved Unity.Burst.Cecil, Version=0.11.6.0, Culture=neutral, PublicKeyToken=50cebf1cceb9d05e with Library/PackageCache/com.unity.burst@6bb9aca3ef38/Unity.Burst.CodeGen/Unity.Burst.Cecil.dll
[40m[32minfo[39m[22m[49m: Unity.ILPP.Runner.PostProcessingAssemblyLoadContext[0]
      Resolved Mono.Cecil, Version=0.11.5.0, Culture=neutral, PublicKeyToken=50cebf1cceb9d05e with Library/PackageCache/com.unity.nuget.mono-cecil@ecb9724e46ff/Mono.Cecil.dll
[40m[32minfo[39m[22m[49m: Microsoft.AspNetCore.Routing.EndpointMiddleware[1]
      Executed endpoint 'gRPC - /UnityILPP.PostProcessing/ConfigurePostProcessors'
[40m[32minfo[39m[22m[49m: Microsoft.AspNetCore.Hosting.Diagnostics[2]
      Request finished HTTP/2 POST http://ilpp/UnityILPP.PostProcessing/ConfigurePostProcessors application/grpc - - 200 - application/grpc 19.4037ms
[40m[32minfo[39m[22m[49m: Microsoft.AspNetCore.Hosting.Diagnostics[1]
      Request starting HTTP/2 POST http://ilpp/UnityILPP.PostProcessing/PostProcessAssembly application/grpc -
[40m[32minfo[39m[22m[49m: Microsoft.AspNetCore.Routing.EndpointMiddleware[0]
      Executing endpoint 'gRPC - /UnityILPP.PostProcessing/PostProcessAssembly'
[40m[32minfo[39m[22m[49m: Unity.ILPP.Runner.PostProcessingPipeline[0]
      Processing assembly Library/Bee/artifacts/1300b0aPDevDbg.dag/Unity.Timeline.dll, with 137 defines and 190 references
[40m[32minfo[39m[22m[49m: Unity.ILPP.Runner.PostProcessingPipeline[0]
      processors: Unity.Jobs.CodeGen.JobsILPostProcessor, zzzUnity.Burst.CodeGen.BurstILPostProcessor
[40m[32minfo[39m[22m[49m: Microsoft.AspNetCore.Hosting.Diagnostics[1]
      Request starting HTTP/2 POST http://ilpp/UnityILPP.PostProcessing/PostProcessAssembly application/grpc -
[40m[32minfo[39m[22m[49m: Microsoft.AspNetCore.Routing.EndpointMiddleware[0]
      Executing endpoint 'gRPC - /UnityILPP.PostProcessing/PostProcessAssembly'
[40m[32minfo[39m[22m[49m: Unity.ILPP.Runner.PostProcessingPipeline[0]
      running Unity.Jobs.CodeGen.JobsILPostProcessor
[40m[32minfo[39m[22m[49m: Microsoft.AspNetCore.Hosting.Diagnostics[1]
      Request starting HTTP/2 POST http://ilpp/UnityILPP.PostProcessing/PostProcessAssembly application/grpc -
[40m[32minfo[39m[22m[49m: Microsoft.AspNetCore.Routing.EndpointMiddleware[0]
      Executing endpoint 'gRPC - /UnityILPP.PostProcessing/PostProcessAssembly'
[40m[32minfo[39m[22m[49m: Unity.ILPP.Runner.PostProcessingPipeline[0]
      Processing assembly Library/Bee/artifacts/1300b0aPDevDbg.dag/Unity.Burst.dll, with 136 defines and 185 references
[40m[32minfo[39m[22m[49m: Unity.ILPP.Runner.PostProcessingPipeline[0]
      processors: Unity.Jobs.CodeGen.JobsILPostProcessor, zzzUnity.Burst.CodeGen.BurstILPostProcessor
[40m[32minfo[39m[22m[49m: Unity.ILPP.Runner.PostProcessingPipeline[0]
      running zzzUnity.Burst.CodeGen.BurstILPostProcessor
[40m[32minfo[39m[22m[49m: Microsoft.AspNetCore.Hosting.Diagnostics[1]
      Request starting HTTP/2 POST http://ilpp/UnityILPP.PostProcessing/PostProcessAssembly application/grpc -
[40m[32minfo[39m[22m[49m: Microsoft.AspNetCore.Routing.EndpointMiddleware[0]
      Executing endpoint 'gRPC - /UnityILPP.PostProcessing/PostProcessAssembly'
[40m[32minfo[39m[22m[49m: Microsoft.AspNetCore.Hosting.Diagnostics[1]
      Request starting HTTP/2 POST http://ilpp/UnityILPP.PostProcessing/PostProcessAssembly application/grpc -
[40m[32minfo[39m[22m[49m: Microsoft.AspNetCore.Routing.EndpointMiddleware[0]
      Executing endpoint 'gRPC - /UnityILPP.PostProcessing/PostProcessAssembly'
[40m[32minfo[39m[22m[49m: Unity.ILPP.Runner.PostProcessingPipeline[0]
      running Unity.Jobs.CodeGen.JobsILPostProcessor
[40m[32minfo[39m[22m[49m: Unity.ILPP.Runner.PostProcessingPipeline[0]
      running zzzUnity.Burst.CodeGen.BurstILPostProcessor
[40m[32minfo[39m[22m[49m: Unity.ILPP.Runner.PostProcessingPipeline[0]
      Processing assembly Library/Bee/artifacts/1300b0aPDevDbg.dag/Unity.XR.CoreUtils.dll, with 142 defines and 192 references
[40m[32minfo[39m[22m[49m: Unity.ILPP.Runner.PostProcessingPipeline[0]
      processors: Unity.Jobs.CodeGen.JobsILPostProcessor, zzzUnity.Burst.CodeGen.BurstILPostProcessor
[40m[32minfo[39m[22m[49m: Unity.ILPP.Runner.PostProcessingPipeline[0]
      Processing assembly Library/Bee/artifacts/1300b0aPDevDbg.dag/UnityEngine.UI.dll, with 140 defines and 189 references
[40m[32minfo[39m[22m[49m: Unity.ILPP.Runner.PostProcessingPipeline[0]
      processors: Unity.Jobs.CodeGen.JobsILPostProcessor, zzzUnity.Burst.CodeGen.BurstILPostProcessor
[40m[32minfo[39m[22m[49m: Unity.ILPP.Runner.PostProcessingPipeline[0]
      Processing assembly Library/Bee/artifacts/1300b0aPDevDbg.dag/Unity.InputSystem.ForUI.dll, with 136 defines and 191 references
[40m[32minfo[39m[22m[49m: Unity.ILPP.Runner.PostProcessingPipeline[0]
      processors: Unity.Jobs.CodeGen.JobsILPostProcessor, zzzUnity.Burst.CodeGen.BurstILPostProcessor
[40m[32minfo[39m[22m[49m: Unity.ILPP.Runner.PostProcessingPipeline[0]
      running Unity.Jobs.CodeGen.JobsILPostProcessor
[40m[32minfo[39m[22m[49m: Unity.ILPP.Runner.PostProcessingPipeline[0]
      running zzzUnity.Burst.CodeGen.BurstILPostProcessor
[40m[32minfo[39m[22m[49m: Unity.ILPP.Runner.PostProcessingPipeline[0]
      running Unity.Jobs.CodeGen.JobsILPostProcessor
[40m[32minfo[39m[22m[49m: Unity.ILPP.Runner.PostProcessingPipeline[0]
      running Unity.Jobs.CodeGen.JobsILPostProcessor
[40m[32minfo[39m[22m[49m: Unity.ILPP.Runner.PostProcessingPipeline[0]
      running zzzUnity.Burst.CodeGen.BurstILPostProcessor
[40m[32minfo[39m[22m[49m: Unity.ILPP.Runner.PostProcessingPipeline[0]
      running zzzUnity.Burst.CodeGen.BurstILPostProcessor
[40m[32minfo[39m[22m[49m: Microsoft.AspNetCore.Routing.EndpointMiddleware[1]
      Executed endpoint 'gRPC - /UnityILPP.PostProcessing/PostProcessAssembly'
[40m[32minfo[39m[22m[49m: Microsoft.AspNetCore.Hosting.Diagnostics[2]
      Request finished HTTP/2 POST http://ilpp/UnityILPP.PostProcessing/PostProcessAssembly application/grpc - - 200 - application/grpc 3.6612ms
[40m[32minfo[39m[22m[49m: Microsoft.AspNetCore.Routing.EndpointMiddleware[1]
      Executed endpoint 'gRPC - /UnityILPP.PostProcessing/PostProcessAssembly'
[40m[32minfo[39m[22m[49m: Microsoft.AspNetCore.Hosting.Diagnostics[2]
      Request finished HTTP/2 POST http://ilpp/UnityILPP.PostProcessing/PostProcessAssembly application/grpc - - 200 - application/grpc 12.5020ms
[40m[32minfo[39m[22m[49m: Microsoft.AspNetCore.Routing.EndpointMiddleware[1]
      Executed endpoint 'gRPC - /UnityILPP.PostProcessing/PostProcessAssembly'
[40m[32minfo[39m[22m[49m: Microsoft.AspNetCore.Hosting.Diagnostics[2]
      Request finished HTTP/2 POST http://ilpp/UnityILPP.PostProcessing/PostProcessAssembly application/grpc - - 200 - application/grpc 12.3301ms
[40m[32minfo[39m[22m[49m: Microsoft.AspNetCore.Routing.EndpointMiddleware[1]
      Executed endpoint 'gRPC - /UnityILPP.PostProcessing/PostProcessAssembly'
[40m[32minfo[39m[22m[49m: Microsoft.AspNetCore.Hosting.Diagnostics[2]
      Request finished HTTP/2 POST http://ilpp/UnityILPP.PostProcessing/PostProcessAssembly application/grpc - - 200 - application/grpc 27.8261ms
[40m[32minfo[39m[22m[49m: Microsoft.AspNetCore.Hosting.Diagnostics[1]
      Request starting HTTP/2 POST http://ilpp/UnityILPP.PostProcessing/PostProcessAssembly application/grpc -
[40m[32minfo[39m[22m[49m: Microsoft.AspNetCore.Routing.EndpointMiddleware[0]
      Executing endpoint 'gRPC - /UnityILPP.PostProcessing/PostProcessAssembly'
[40m[32minfo[39m[22m[49m: Unity.ILPP.Runner.PostProcessingPipeline[0]
      Processing assembly Library/Bee/artifacts/1300b0aPDevDbg.dag/Unity.RenderPipelines.Core.ShaderLibrary.dll, with 136 defines and 190 references
[40m[32minfo[39m[22m[49m: Unity.ILPP.Runner.PostProcessingPipeline[0]
      processors: Unity.Jobs.CodeGen.JobsILPostProcessor, zzzUnity.Burst.CodeGen.BurstILPostProcessor
[40m[32minfo[39m[22m[49m: Unity.ILPP.Runner.PostProcessingPipeline[0]
      running Unity.Jobs.CodeGen.JobsILPostProcessor
[40m[32minfo[39m[22m[49m: Unity.ILPP.Runner.PostProcessingPipeline[0]
      running zzzUnity.Burst.CodeGen.BurstILPostProcessor
[40m[32minfo[39m[22m[49m: Microsoft.AspNetCore.Routing.EndpointMiddleware[1]
      Executed endpoint 'gRPC - /UnityILPP.PostProcessing/PostProcessAssembly'
[40m[32minfo[39m[22m[49m: Microsoft.AspNetCore.Hosting.Diagnostics[2]
      Request finished HTTP/2 POST http://ilpp/UnityILPP.PostProcessing/PostProcessAssembly application/grpc - - 200 - application/grpc 2.2836ms
[40m[32minfo[39m[22m[49m: Unity.ILPP.Runner.PostProcessingAssemblyLoadContext[0]
      Resolved Unity.Burst.Cecil.Rocks, Version=0.11.6.0, Culture=neutral, PublicKeyToken=50cebf1cceb9d05e with Library/PackageCache/com.unity.burst@6bb9aca3ef38/Unity.Burst.CodeGen/Unity.Burst.Cecil.Rocks.dll
[40m[32minfo[39m[22m[49m: Microsoft.AspNetCore.Hosting.Diagnostics[1]
      Request starting HTTP/2 POST http://ilpp/UnityILPP.PostProcessing/PostProcessAssembly application/grpc -
[40m[32minfo[39m[22m[49m: Microsoft.AspNetCore.Routing.EndpointMiddleware[0]
      Executing endpoint 'gRPC - /UnityILPP.PostProcessing/PostProcessAssembly'
[40m[32minfo[39m[22m[49m: Unity.ILPP.Runner.PostProcessingPipeline[0]
      Processing assembly Library/Bee/artifacts/1300b0aPDevDbg.dag/Unity.Rendering.LightTransport.Runtime.dll, with 136 defines and 193 references
[40m[32minfo[39m[22m[49m: Unity.ILPP.Runner.PostProcessingPipeline[0]
      processors: Unity.Jobs.CodeGen.JobsILPostProcessor, zzzUnity.Burst.CodeGen.BurstILPostProcessor
[40m[32minfo[39m[22m[49m: Unity.ILPP.Runner.PostProcessingPipeline[0]
      running Unity.Jobs.CodeGen.JobsILPostProcessor
[40m[32minfo[39m[22m[49m: Unity.ILPP.Runner.PostProcessingAssemblyLoadContext[0]
      Resolved Unity.Collections, Version=0.0.0.0, Culture=neutral, PublicKeyToken=null with Library/Bee/artifacts/Android_CodeGen/Unity.Collections.dll
[40m[32minfo[39m[22m[49m: Microsoft.AspNetCore.Routing.EndpointMiddleware[1]
      Executed endpoint 'gRPC - /UnityILPP.PostProcessing/PostProcessAssembly'
[40m[32minfo[39m[22m[49m: Microsoft.AspNetCore.Hosting.Diagnostics[2]
      Request finished HTTP/2 POST http://ilpp/UnityILPP.PostProcessing/PostProcessAssembly application/grpc - - 200 - application/grpc 316.8350ms
[40m[32minfo[39m[22m[49m: Unity.ILPP.Runner.PostProcessingAssemblyLoadContext[0]
      Resolved UnityEditor.CoreModule, Version=0.0.0.0, Culture=neutral, PublicKeyToken=null with /Applications/Unity/Hub/Editor/6000.0.74f1/Unity.app/Contents/Managed/UnityEngine/UnityEditor.CoreModule.dll
[40m[32minfo[39m[22m[49m: Unity.ILPP.Runner.PostProcessingAssemblyLoadContext[0]
      Resolved UnityEngine.CoreModule, Version=0.0.0.0, Culture=neutral, PublicKeyToken=null with /Applications/Unity/Hub/Editor/6000.0.74f1/Unity.app/Contents/Managed/UnityEngine/UnityEngine.CoreModule.dll
[40m[32minfo[39m[22m[49m: Unity.ILPP.Runner.PostProcessingAssemblyLoadContext[0]
      Resolved Mono.Cecil.Rocks, Version=0.11.5.0, Culture=neutral, PublicKeyToken=50cebf1cceb9d05e with Library/PackageCache/com.unity.nuget.mono-cecil@ecb9724e46ff/Mono.Cecil.Rocks.dll
[40m[32minfo[39m[22m[49m: Microsoft.AspNetCore.Hosting.Diagnostics[1]
      Request starting HTTP/2 POST http://ilpp/UnityILPP.PostProcessing/PostProcessAssembly application/grpc -
[40m[32minfo[39m[22m[49m: Microsoft.AspNetCore.Routing.EndpointMiddleware[0]
      Executing endpoint 'gRPC - /UnityILPP.PostProcessing/PostProcessAssembly'
[40m[32minfo[39m[22m[49m: Microsoft.AspNetCore.Hosting.Diagnostics[1]
      Request starting HTTP/2 POST http://ilpp/UnityILPP.PostProcessing/PostProcessAssembly application/grpc -
[40m[32minfo[39m[22m[49m: Microsoft.AspNetCore.Routing.EndpointMiddleware[0]
      Executing endpoint 'gRPC - /UnityILPP.PostProcessing/PostProcessAssembly'
[40m[32minfo[39m[22m[49m: Unity.ILPP.Runner.PostProcessingPipeline[0]
      Processing assembly Library/Bee/artifacts/1300b0aPDevDbg.dag/Unity.ScriptableBuildPipeline.dll, with 136 defines and 190 references
[40m[32minfo[39m[22m[49m: Unity.ILPP.Runner.PostProcessingPipeline[0]
      processors: Unity.Jobs.CodeGen.JobsILPostProcessor, zzzUnity.Burst.CodeGen.BurstILPostProcessor
[40m[32minfo[39m[22m[49m: Unity.ILPP.Runner.PostProcessingPipeline[0]
      running Unity.Jobs.CodeGen.JobsILPostProcessor
[40m[32minfo[39m[22m[49m: Unity.ILPP.Runner.PostProcessingPipeline[0]
      running zzzUnity.Burst.CodeGen.BurstILPostProcessor
[40m[32minfo[39m[22m[49m: Microsoft.AspNetCore.Routing.EndpointMiddleware[1]
      Executed endpoint 'gRPC - /UnityILPP.PostProcessing/PostProcessAssembly'
[40m[32minfo[39m[22m[49m: Microsoft.AspNetCore.Hosting.Diagnostics[2]
      Request finished HTTP/2 POST http://ilpp/UnityILPP.PostProcessing/PostProcessAssembly application/grpc - - 200 - application/grpc 11.9029ms
[40m[32minfo[39m[22m[49m: Microsoft.AspNetCore.Hosting.Diagnostics[1]
      Request starting HTTP/2 POST http://ilpp/UnityILPP.PostProcessing/PostProcessAssembly application/grpc -
[40m[32minfo[39m[22m[49m: Microsoft.AspNetCore.Routing.EndpointMiddleware[0]
      Executing endpoint 'gRPC - /UnityILPP.PostProcessing/PostProcessAssembly'
[40m[32minfo[39m[22m[49m: Unity.ILPP.Runner.PostProcessingPipeline[0]
      Processing assembly Library/Bee/artifacts/1300b0aPDevDbg.dag/Unity.RenderPipelines.Core.Runtime.Shared.dll, with 136 defines and 191 references
[40m[32minfo[39m[22m[49m: Unity.ILPP.Runner.PostProcessingPipeline[0]
      processors: Unity.Jobs.CodeGen.JobsILPostProcessor, zzzUnity.Burst.CodeGen.BurstILPostProcessor
[40m[32minfo[39m[22m[49m: Unity.ILPP.Runner.PostProcessingPipeline[0]
      running Unity.Jobs.CodeGen.JobsILPostProcessor
[40m[32minfo[39m[22m[49m: Unity.ILPP.Runner.PostProcessingPipeline[0]
      running zzzUnity.Burst.CodeGen.BurstILPostProcessor
[40m[32minfo[39m[22m[49m: Unity.ILPP.Runner.PostProcessingPipeline[0]
      Processing assembly Library/Bee/artifacts/1300b0aPDevDbg.dag/Unity.Mathematics.dll, with 136 defines and 190 references
[40m[32minfo[39m[22m[49m: Unity.ILPP.Runner.PostProcessingPipeline[0]
      processors: Unity.Jobs.CodeGen.JobsILPostProcessor, zzzUnity.Burst.CodeGen.BurstILPostProcessor
[40m[32minfo[39m[22m[49m: Unity.ILPP.Runner.PostProcessingPipeline[0]
      running Unity.Jobs.CodeGen.JobsILPostProcessor
[40m[32minfo[39m[22m[49m: Unity.ILPP.Runner.PostProcessingPipeline[0]
      running zzzUnity.Burst.CodeGen.BurstILPostProcessor
[40m[32minfo[39m[22m[49m: Microsoft.AspNetCore.Routing.EndpointMiddleware[1]
      Executed endpoint 'gRPC - /UnityILPP.PostProcessing/PostProcessAssembly'
[40m[32minfo[39m[22m[49m: Microsoft.AspNetCore.Hosting.Diagnostics[2]
      Request finished HTTP/2 POST http://ilpp/UnityILPP.PostProcessing/PostProcessAssembly application/grpc - - 200 - application/grpc 2.9727ms
[40m[32minfo[39m[22m[49m: Microsoft.AspNetCore.Routing.EndpointMiddleware[1]
      Executed endpoint 'gRPC - /UnityILPP.PostProcessing/PostProcessAssembly'
[40m[32minfo[39m[22m[49m: Microsoft.AspNetCore.Hosting.Diagnostics[2]
      Request finished HTTP/2 POST http://ilpp/UnityILPP.PostProcessing/PostProcessAssembly application/grpc - - 200 - application/grpc 24.8271ms
[40m[32minfo[39m[22m[49m: Microsoft.AspNetCore.Hosting.Diagnostics[1]
      Request starting HTTP/2 POST http://ilpp/UnityILPP.PostProcessing/PostProcessAssembly application/grpc -
[40m[32minfo[39m[22m[49m: Microsoft.AspNetCore.Routing.EndpointMiddleware[0]
      Executing endpoint 'gRPC - /UnityILPP.PostProcessing/PostProcessAssembly'
[40m[32minfo[39m[22m[49m: Unity.ILPP.Runner.PostProcessingPipeline[0]
      running zzzUnity.Burst.CodeGen.BurstILPostProcessor
[40m[32minfo[39m[22m[49m: Microsoft.AspNetCore.Hosting.Diagnostics[1]
      Request starting HTTP/2 POST http://ilpp/UnityILPP.PostProcessing/PostProcessAssembly application/grpc -
[40m[32minfo[39m[22m[49m: Microsoft.AspNetCore.Routing.EndpointMiddleware[0]
      Executing endpoint 'gRPC - /UnityILPP.PostProcessing/PostProcessAssembly'
[40m[32minfo[39m[22m[49m: Unity.ILPP.Runner.PostProcessingPipeline[0]
      Processing assembly Library/Bee/artifacts/1300b0aPDevDbg.dag/Unity.RenderPipeline.Universal.ShaderLibrary.dll, with 136 defines and 191 references
[40m[32minfo[39m[22m[49m: Unity.ILPP.Runner.PostProcessingPipeline[0]
      processors: Unity.Jobs.CodeGen.JobsILPostProcessor, zzzUnity.Burst.CodeGen.BurstILPostProcessor
[40m[32minfo[39m[22m[49m: Unity.ILPP.Runner.PostProcessingPipeline[0]
      running Unity.Jobs.CodeGen.JobsILPostProcessor
[40m[32minfo[39m[22m[49m: Unity.ILPP.Runner.PostProcessingPipeline[0]
      running zzzUnity.Burst.CodeGen.BurstILPostProcessor
[40m[32minfo[39m[22m[49m: Microsoft.AspNetCore.Routing.EndpointMiddleware[1]
      Executed endpoint 'gRPC - /UnityILPP.PostProcessing/PostProcessAssembly'
[40m[32minfo[39m[22m[49m: Microsoft.AspNetCore.Hosting.Diagnostics[2]
      Request finished HTTP/2 POST http://ilpp/UnityILPP.PostProcessing/PostProcessAssembly application/grpc - - 200 - application/grpc 50.6997ms
[40m[32minfo[39m[22m[49m: Microsoft.AspNetCore.Routing.EndpointMiddleware[1]
      Executed endpoint 'gRPC - /UnityILPP.PostProcessing/PostProcessAssembly'
[40m[32minfo[39m[22m[49m: Microsoft.AspNetCore.Hosting.Diagnostics[2]
      Request finished HTTP/2 POST http://ilpp/UnityILPP.PostProcessing/PostProcessAssembly application/grpc - - 200 - application/grpc 379.2505ms
[40m[32minfo[39m[22m[49m: Unity.ILPP.Runner.PostProcessingPipeline[0]
      Processing assembly Library/Bee/artifacts/1300b0aPDevDbg.dag/Unity.RenderPipelines.Core.Runtime.dll, with 139 defines and 194 references
[40m[32minfo[39m[22m[49m: Unity.ILPP.Runner.PostProcessingPipeline[0]
      processors: Unity.Jobs.CodeGen.JobsILPostProcessor, zzzUnity.Burst.CodeGen.BurstILPostProcessor
[40m[32minfo[39m[22m[49m: Unity.ILPP.Runner.PostProcessingPipeline[0]
      running Unity.Jobs.CodeGen.JobsILPostProcessor
[40m[32minfo[39m[22m[49m: Unity.ILPP.Runner.PostProcessingPipeline[0]
      running zzzUnity.Burst.CodeGen.BurstILPostProcessor
[40m[32minfo[39m[22m[49m: Microsoft.AspNetCore.Hosting.Diagnostics[1]
      Request starting HTTP/2 POST http://ilpp/UnityILPP.PostProcessing/PostProcessAssembly application/grpc -
[40m[32minfo[39m[22m[49m: Microsoft.AspNetCore.Hosting.Diagnostics[1]
      Request starting HTTP/2 POST http://ilpp/UnityILPP.PostProcessing/PostProcessAssembly application/grpc -
[40m[32minfo[39m[22m[49m: Microsoft.AspNetCore.Routing.EndpointMiddleware[0]
      Executing endpoint 'gRPC - /UnityILPP.PostProcessing/PostProcessAssembly'
[40m[32minfo[39m[22m[49m: Microsoft.AspNetCore.Routing.EndpointMiddleware[0]
      Executing endpoint 'gRPC - /UnityILPP.PostProcessing/PostProcessAssembly'
[40m[32minfo[39m[22m[49m: Microsoft.AspNetCore.Hosting.Diagnostics[1]
      Request starting HTTP/2 POST http://ilpp/UnityILPP.PostProcessing/PostProcessAssembly application/grpc -
[40m[32minfo[39m[22m[49m: Microsoft.AspNetCore.Routing.EndpointMiddleware[0]
      Executing endpoint 'gRPC - /UnityILPP.PostProcessing/PostProcessAssembly'
[40m[32minfo[39m[22m[49m: Unity.ILPP.Runner.PostProcessingPipeline[0]
      Processing assembly Library/Bee/artifacts/1300b0aPDevDbg.dag/Unity.ResourceManager.dll, with 137 defines and 190 references
[40m[32minfo[39m[22m[49m: Unity.ILPP.Runner.PostProcessingPipeline[0]
      Processing assembly Library/Bee/artifacts/1300b0aPDevDbg.dag/Unity.Animation.Rigging.DocCodeExamples.dll, with 136 defines and 185 references
[40m[32minfo[39m[22m[49m: Unity.ILPP.Runner.PostProcessingPipeline[0]
      processors: Unity.Jobs.CodeGen.JobsILPostProcessor, zzzUnity.Burst.CodeGen.BurstILPostProcessor
[40m[32minfo[39m[22m[49m: Unity.ILPP.Runner.PostProcessingPipeline[0]
      processors: Unity.Jobs.CodeGen.JobsILPostProcessor, zzzUnity.Burst.CodeGen.BurstILPostProcessor
[40m[32minfo[39m[22m[49m: Unity.ILPP.Runner.PostProcessingPipeline[0]
      Processing assembly Library/Bee/artifacts/1300b0aPDevDbg.dag/Unity.RenderPipelines.Universal.Config.Runtime.dll, with 136 defines and 191 references
[40m[32minfo[39m[22m[49m: Unity.ILPP.Runner.PostProcessingPipeline[0]
      processors: Unity.Jobs.CodeGen.JobsILPostProcessor, zzzUnity.Burst.CodeGen.BurstILPostProcessor
[40m[32minfo[39m[22m[49m: Unity.ILPP.Runner.PostProcessingPipeline[0]
      running Unity.Jobs.CodeGen.JobsILPostProcessor
[40m[32minfo[39m[22m[49m: Unity.ILPP.Runner.PostProcessingPipeline[0]
      running Unity.Jobs.CodeGen.JobsILPostProcessor
[40m[32minfo[39m[22m[49m: Unity.ILPP.Runner.PostProcessingPipeline[0]
      running zzzUnity.Burst.CodeGen.BurstILPostProcessor
[40m[32minfo[39m[22m[49m: Unity.ILPP.Runner.PostProcessingPipeline[0]
      running zzzUnity.Burst.CodeGen.BurstILPostProcessor
[40m[32minfo[39m[22m[49m: Microsoft.AspNetCore.Routing.EndpointMiddleware[1]
      Executed endpoint 'gRPC - /UnityILPP.PostProcessing/PostProcessAssembly'
[40m[32minfo[39m[22m[49m: Unity.ILPP.Runner.PostProcessingPipeline[0]
      running Unity.Jobs.CodeGen.JobsILPostProcessor
[40m[32minfo[39m[22m[49m: Microsoft.AspNetCore.Hosting.Diagnostics[2]
      Request finished HTTP/2 POST http://ilpp/UnityILPP.PostProcessing/PostProcessAssembly application/grpc - - 200 - application/grpc 7.3460ms
[40m[32minfo[39m[22m[49m: Unity.ILPP.Runner.PostProcessingPipeline[0]
      running zzzUnity.Burst.CodeGen.BurstILPostProcessor
[40m[32minfo[39m[22m[49m: Microsoft.AspNetCore.Routing.EndpointMiddleware[1]
      Executed endpoint 'gRPC - /UnityILPP.PostProcessing/PostProcessAssembly'
[40m[32minfo[39m[22m[49m: Microsoft.AspNetCore.Hosting.Diagnostics[2]
      Request finished HTTP/2 POST http://ilpp/UnityILPP.PostProcessing/PostProcessAssembly application/grpc - - 200 - application/grpc 9.0877ms
[40m[32minfo[39m[22m[49m: Microsoft.AspNetCore.Routing.EndpointMiddleware[1]
      Executed endpoint 'gRPC - /UnityILPP.PostProcessing/PostProcessAssembly'
[40m[32minfo[39m[22m[49m: Microsoft.AspNetCore.Hosting.Diagnostics[2]
      Request finished HTTP/2 POST http://ilpp/UnityILPP.PostProcessing/PostProcessAssembly application/grpc - - 200 - application/grpc 8.4290ms
[40m[32minfo[39m[22m[49m: Microsoft.AspNetCore.Hosting.Diagnostics[1]
      Request starting HTTP/2 POST http://ilpp/UnityILPP.PostProcessing/PostProcessAssembly application/grpc -
[40m[32minfo[39m[22m[49m: Microsoft.AspNetCore.Routing.EndpointMiddleware[0]
      Executing endpoint 'gRPC - /UnityILPP.PostProcessing/PostProcessAssembly'
[40m[32minfo[39m[22m[49m: Unity.ILPP.Runner.PostProcessingPipeline[0]
      Processing assembly Library/Bee/artifacts/1300b0aPDevDbg.dag/Unity.RenderPipelines.Universal.Shaders.dll, with 136 defines and 190 references
[40m[32minfo[39m[22m[49m: Unity.ILPP.Runner.PostProcessingPipeline[0]
      processors: Unity.Jobs.CodeGen.JobsILPostProcessor, zzzUnity.Burst.CodeGen.BurstILPostProcessor
[40m[32minfo[39m[22m[49m: Microsoft.AspNetCore.Hosting.Diagnostics[1]
      Request starting HTTP/2 POST http://ilpp/UnityILPP.PostProcessing/PostProcessAssembly application/grpc -
[40m[32minfo[39m[22m[49m: Microsoft.AspNetCore.Routing.EndpointMiddleware[0]
      Executing endpoint 'gRPC - /UnityILPP.PostProcessing/PostProcessAssembly'
[40m[32minfo[39m[22m[49m: Unity.ILPP.Runner.PostProcessingPipeline[0]
      running Unity.Jobs.CodeGen.JobsILPostProcessor
[40m[32minfo[39m[22m[49m: Unity.ILPP.Runner.PostProcessingPipeline[0]
      running zzzUnity.Burst.CodeGen.BurstILPostProcessor
[40m[32minfo[39m[22m[49m: Unity.ILPP.Runner.PostProcessingPipeline[0]
      Processing assembly Library/Bee/artifacts/1300b0aPDevDbg.dag/Unity.Addressables.dll, with 136 defines and 191 references
[40m[32minfo[39m[22m[49m: Unity.ILPP.Runner.PostProcessingPipeline[0]
      processors: Unity.Jobs.CodeGen.JobsILPostProcessor, zzzUnity.Burst.CodeGen.BurstILPostProcessor
[40m[32minfo[39m[22m[49m: Unity.ILPP.Runner.PostProcessingPipeline[0]
      running Unity.Jobs.CodeGen.JobsILPostProcessor
[40m[32minfo[39m[22m[49m: Unity.ILPP.Runner.PostProcessingPipeline[0]
      running zzzUnity.Burst.CodeGen.BurstILPostProcessor
[40m[32minfo[39m[22m[49m: Microsoft.AspNetCore.Routing.EndpointMiddleware[1]
      Executed endpoint 'gRPC - /UnityILPP.PostProcessing/PostProcessAssembly'
[40m[32minfo[39m[22m[49m: Microsoft.AspNetCore.Hosting.Diagnostics[2]
      Request finished HTTP/2 POST http://ilpp/UnityILPP.PostProcessing/PostProcessAssembly application/grpc - - 200 - application/grpc 21.1845ms
[40m[32minfo[39m[22m[49m: Microsoft.AspNetCore.Routing.EndpointMiddleware[1]
      Executed endpoint 'gRPC - /UnityILPP.PostProcessing/PostProcessAssembly'
[40m[32minfo[39m[22m[49m: Microsoft.AspNetCore.Hosting.Diagnostics[2]
      Request finished HTTP/2 POST http://ilpp/UnityILPP.PostProcessing/PostProcessAssembly application/grpc - - 200 - application/grpc 7.3113ms
[40m[32minfo[39m[22m[49m: Microsoft.AspNetCore.Routing.EndpointMiddleware[1]
      Executed endpoint 'gRPC - /UnityILPP.PostProcessing/PostProcessAssembly'
[40m[32minfo[39m[22m[49m: Microsoft.AspNetCore.Hosting.Diagnostics[2]
      Request finished HTTP/2 POST http://ilpp/UnityILPP.PostProcessing/PostProcessAssembly application/grpc - - 200 - application/grpc 215.6271ms
[40m[32minfo[39m[22m[49m: Microsoft.AspNetCore.Hosting.Diagnostics[1]
      Request starting HTTP/2 POST http://ilpp/UnityILPP.PostProcessing/PostProcessAssembly application/grpc -
[40m[32minfo[39m[22m[49m: Microsoft.AspNetCore.Routing.EndpointMiddleware[0]
      Executing endpoint 'gRPC - /UnityILPP.PostProcessing/PostProcessAssembly'
[40m[32minfo[39m[22m[49m: Microsoft.AspNetCore.Hosting.Diagnostics[1]
      Request starting HTTP/2 POST http://ilpp/UnityILPP.PostProcessing/PostProcessAssembly application/grpc -
[40m[32minfo[39m[22m[49m: Microsoft.AspNetCore.Routing.EndpointMiddleware[0]
      Executing endpoint 'gRPC - /UnityILPP.PostProcessing/PostProcessAssembly'
[40m[32minfo[39m[22m[49m: Unity.ILPP.Runner.PostProcessingPipeline[0]
      Processing assembly Library/Bee/artifacts/1300b0aPDevDbg.dag/Unity.RenderPipelines.GPUDriven.Runtime.dll, with 136 defines and 194 references
[40m[32minfo[39m[22m[49m: Unity.ILPP.Runner.PostProcessingPipeline[0]
      processors: Unity.Jobs.CodeGen.JobsILPostProcessor, zzzUnity.Burst.CodeGen.BurstILPostProcessor
[40m[32minfo[39m[22m[49m: Unity.ILPP.Runner.PostProcessingPipeline[0]
      running Unity.Jobs.CodeGen.JobsILPostProcessor
[40m[32minfo[39m[22m[49m: Microsoft.AspNetCore.Hosting.Diagnostics[1]
      Request starting HTTP/2 POST http://ilpp/UnityILPP.PostProcessing/PostProcessAssembly application/grpc -
[40m[32minfo[39m[22m[49m: Microsoft.AspNetCore.Routing.EndpointMiddleware[0]
      Executing endpoint 'gRPC - /UnityILPP.PostProcessing/PostProcessAssembly'
[40m[32minfo[39m[22m[49m: Microsoft.AspNetCore.Hosting.Diagnostics[1]
      Request starting HTTP/2 POST http://ilpp/UnityILPP.PostProcessing/PostProcessAssembly application/grpc -
[40m[32minfo[39m[22m[49m: Microsoft.AspNetCore.Routing.EndpointMiddleware[0]
      Executing endpoint 'gRPC - /UnityILPP.PostProcessing/PostProcessAssembly'
[40m[32minfo[39m[22m[49m: Microsoft.AspNetCore.Hosting.Diagnostics[1]
      Request starting HTTP/2 POST http://ilpp/UnityILPP.PostProcessing/PostProcessAssembly application/grpc -
[40m[32minfo[39m[22m[49m: Microsoft.AspNetCore.Hosting.Diagnostics[1]
      Request starting HTTP/2 POST http://ilpp/UnityILPP.PostProcessing/PostProcessAssembly application/grpc -
[40m[32minfo[39m[22m[49m: Microsoft.AspNetCore.Hosting.Diagnostics[1]
      Request starting HTTP/2 POST http://ilpp/UnityILPP.PostProcessing/PostProcessAssembly application/grpc -
[40m[32minfo[39m[22m[49m: Microsoft.AspNetCore.Routing.EndpointMiddleware[0]
      Executing endpoint 'gRPC - /UnityILPP.PostProcessing/PostProcessAssembly'
[40m[32minfo[39m[22m[49m: Microsoft.AspNetCore.Routing.EndpointMiddleware[0]
      Executing endpoint 'gRPC - /UnityILPP.PostProcessing/PostProcessAssembly'
[40m[32minfo[39m[22m[49m: Microsoft.AspNetCore.Routing.EndpointMiddleware[0]
      Executing endpoint 'gRPC - /UnityILPP.PostProcessing/PostProcessAssembly'
[40m[32minfo[39m[22m[49m: Unity.ILPP.Runner.PostProcessingPipeline[0]
      Processing assembly Library/Bee/artifacts/1300b0aPDevDbg.dag/Unity.InputSystem.dll, with 147 defines and 190 references
[40m[32minfo[39m[22m[49m: Unity.ILPP.Runner.PostProcessingPipeline[0]
      processors: Unity.Jobs.CodeGen.JobsILPostProcessor, zzzUnity.Burst.CodeGen.BurstILPostProcessor
[40m[32minfo[39m[22m[49m: Unity.ILPP.Runner.PostProcessingPipeline[0]
      Processing assembly Library/Bee/artifacts/1300b0aPDevDbg.dag/Unity.TextMeshPro.dll, with 137 defines and 190 references
[40m[32minfo[39m[22m[49m: Unity.ILPP.Runner.PostProcessingPipeline[0]
      processors: Unity.Jobs.CodeGen.JobsILPostProcessor, zzzUnity.Burst.CodeGen.BurstILPostProcessor
[40m[32minfo[39m[22m[49m: Unity.ILPP.Runner.PostProcessingPipeline[0]
      Processing assembly Library/Bee/artifacts/1300b0aPDevDbg.dag/Unity.RenderPipelines.ShaderGraph.ShaderGraphLibrary.dll, with 136 defines and 190 references
[40m[32minfo[39m[22m[49m: Unity.ILPP.Runner.PostProcessingPipeline[0]
      processors: Unity.Jobs.CodeGen.JobsILPostProcessor, zzzUnity.Burst.CodeGen.BurstILPostProcessor
[40m[32minfo[39m[22m[49m: Unity.ILPP.Runner.PostProcessingPipeline[0]
      running Unity.Jobs.CodeGen.JobsILPostProcessor
[40m[32minfo[39m[22m[49m: Unity.ILPP.Runner.PostProcessingPipeline[0]
      running Unity.Jobs.CodeGen.JobsILPostProcessor
[40m[32minfo[39m[22m[49m: Unity.ILPP.Runner.PostProcessingPipeline[0]
      running zzzUnity.Burst.CodeGen.BurstILPostProcessor
[40m[32minfo[39m[22m[49m: Unity.ILPP.Runner.PostProcessingPipeline[0]
      running zzzUnity.Burst.CodeGen.BurstILPostProcessor
[40m[32minfo[39m[22m[49m: Unity.ILPP.Runner.PostProcessingPipeline[0]
      running Unity.Jobs.CodeGen.JobsILPostProcessor
[40m[32minfo[39m[22m[49m: Unity.ILPP.Runner.PostProcessingPipeline[0]
      running zzzUnity.Burst.CodeGen.BurstILPostProcessor
[40m[32minfo[39m[22m[49m: Unity.ILPP.Runner.PostProcessingPipeline[0]
      Processing assembly Library/Bee/artifacts/1300b0aPDevDbg.dag/Unity.Animation.Rigging.dll, with 136 defines and 191 references
[40m[32minfo[39m[22m[49m: Unity.ILPP.Runner.PostProcessingPipeline[0]
      processors: Unity.Jobs.CodeGen.JobsILPostProcessor, zzzUnity.Burst.CodeGen.BurstILPostProcessor
[40m[32minfo[39m[22m[49m: Unity.ILPP.Runner.PostProcessingPipeline[0]
      running Unity.Jobs.CodeGen.JobsILPostProcessor
[40m[32minfo[39m[22m[49m: Unity.ILPP.Runner.PostProcessingPipeline[0]
      running zzzUnity.Burst.CodeGen.BurstILPostProcessor
[40m[32minfo[39m[22m[49m: Unity.ILPP.Runner.PostProcessingPipeline[0]
      Processing assembly Library/Bee/artifacts/1300b0aPDevDbg.dag/Unity.Collections.dll, with 138 defines and 192 references
[40m[32minfo[39m[22m[49m: Unity.ILPP.Runner.PostProcessingPipeline[0]
      processors: Unity.Jobs.CodeGen.JobsILPostProcessor, zzzUnity.Burst.CodeGen.BurstILPostProcessor
[40m[32minfo[39m[22m[49m: Microsoft.AspNetCore.Routing.EndpointMiddleware[1]
      Executed endpoint 'gRPC - /UnityILPP.PostProcessing/PostProcessAssembly'
[40m[32minfo[39m[22m[49m: Microsoft.AspNetCore.Hosting.Diagnostics[2]
      Request finished HTTP/2 POST http://ilpp/UnityILPP.PostProcessing/PostProcessAssembly application/grpc - - 200 - application/grpc 46.9116ms
[40m[32minfo[39m[22m[49m: Unity.ILPP.Runner.PostProcessingPipeline[0]
      running Unity.Jobs.CodeGen.JobsILPostProcessor
[40m[32minfo[39m[22m[49m: Microsoft.AspNetCore.Routing.EndpointMiddleware[1]
      Executed endpoint 'gRPC - /UnityILPP.PostProcessing/PostProcessAssembly'
[40m[32minfo[39m[22m[49m: Microsoft.AspNetCore.Hosting.Diagnostics[2]
      Request finished HTTP/2 POST http://ilpp/UnityILPP.PostProcessing/PostProcessAssembly application/grpc - - 200 - application/grpc 14.6735ms
[40m[32minfo[39m[22m[49m: Microsoft.AspNetCore.Routing.EndpointMiddleware[1]
      Executed endpoint 'gRPC - /UnityILPP.PostProcessing/PostProcessAssembly'
[40m[32minfo[39m[22m[49m: Microsoft.AspNetCore.Hosting.Diagnostics[2]
      Request finished HTTP/2 POST http://ilpp/UnityILPP.PostProcessing/PostProcessAssembly application/grpc - - 200 - application/grpc 14.3662ms
[40m[32minfo[39m[22m[49m: Unity.ILPP.Runner.PostProcessingPipeline[0]
      Processing assembly Library/Bee/artifacts/1300b0aPDevDbg.dag/Gibi.Core.dll, with 136 defines and 190 references
[40m[32minfo[39m[22m[49m: Unity.ILPP.Runner.PostProcessingPipeline[0]
      processors: Unity.Jobs.CodeGen.JobsILPostProcessor, zzzUnity.Burst.CodeGen.BurstILPostProcessor
[40m[32minfo[39m[22m[49m: Unity.ILPP.Runner.PostProcessingPipeline[0]
      running Unity.Jobs.CodeGen.JobsILPostProcessor
[40m[32minfo[39m[22m[49m: Unity.ILPP.Runner.PostProcessingPipeline[0]
      running zzzUnity.Burst.CodeGen.BurstILPostProcessor
[40m[32minfo[39m[22m[49m: Microsoft.AspNetCore.Routing.EndpointMiddleware[1]
      Executed endpoint 'gRPC - /UnityILPP.PostProcessing/PostProcessAssembly'
[40m[32minfo[39m[22m[49m: Microsoft.AspNetCore.Hosting.Diagnostics[2]
      Request finished HTTP/2 POST http://ilpp/UnityILPP.PostProcessing/PostProcessAssembly application/grpc - - 200 - application/grpc 21.1510ms
[40m[32minfo[39m[22m[49m: Microsoft.AspNetCore.Routing.EndpointMiddleware[1]
      Executed endpoint 'gRPC - /UnityILPP.PostProcessing/PostProcessAssembly'
[40m[32minfo[39m[22m[49m: Microsoft.AspNetCore.Hosting.Diagnostics[2]
      Request finished HTTP/2 POST http://ilpp/UnityILPP.PostProcessing/PostProcessAssembly application/grpc - - 200 - application/grpc 147.8607ms
[40m[32minfo[39m[22m[49m: Unity.ILPP.Runner.PostProcessingPipeline[0]
      running zzzUnity.Burst.CodeGen.BurstILPostProcessor
[40m[32minfo[39m[22m[49m: Microsoft.AspNetCore.Hosting.Diagnostics[1]
      Request starting HTTP/2 POST http://ilpp/UnityILPP.PostProcessing/PostProcessAssembly application/grpc -
[40m[32minfo[39m[22m[49m: Microsoft.AspNetCore.Routing.EndpointMiddleware[0]
      Executing endpoint 'gRPC - /UnityILPP.PostProcessing/PostProcessAssembly'
[40m[32minfo[39m[22m[49m: Microsoft.AspNetCore.Hosting.Diagnostics[1]
      Request starting HTTP/2 POST http://ilpp/UnityILPP.PostProcessing/PostProcessAssembly application/grpc -
[40m[32minfo[39m[22m[49m: Microsoft.AspNetCore.Routing.EndpointMiddleware[0]
      Executing endpoint 'gRPC - /UnityILPP.PostProcessing/PostProcessAssembly'
[40m[32minfo[39m[22m[49m: Microsoft.AspNetCore.Hosting.Diagnostics[1]
      Request starting HTTP/2 POST http://ilpp/UnityILPP.PostProcessing/PostProcessAssembly application/grpc -
[40m[32minfo[39m[22m[49m: Microsoft.AspNetCore.Routing.EndpointMiddleware[0]
      Executing endpoint 'gRPC - /UnityILPP.PostProcessing/PostProcessAssembly'
[40m[32minfo[39m[22m[49m: Unity.ILPP.Runner.PostProcessingPipeline[0]
      Processing assembly Library/Bee/artifacts/1300b0aPDevDbg.dag/UnityEngine.XR.LegacyInputHelpers.dll, with 136 defines and 191 references
[40m[32minfo[39m[22m[49m: Unity.ILPP.Runner.PostProcessingPipeline[0]
      processors: Unity.Jobs.CodeGen.JobsILPostProcessor, zzzUnity.Burst.CodeGen.BurstILPostProcessor
[40m[32minfo[39m[22m[49m: Unity.ILPP.Runner.PostProcessingPipeline[0]
      Processing assembly Library/Bee/artifacts/1300b0aPDevDbg.dag/Unity.XR.Management.dll, with 137 defines and 190 references
[40m[32minfo[39m[22m[49m: Unity.ILPP.Runner.PostProcessingPipeline[0]
      processors: Unity.Jobs.CodeGen.JobsILPostProcessor, zzzUnity.Burst.CodeGen.BurstILPostProcessor
[40m[32minfo[39m[22m[49m: Unity.ILPP.Runner.PostProcessingPipeline[0]
      running Unity.Jobs.CodeGen.JobsILPostProcessor
[40m[32minfo[39m[22m[49m: Unity.ILPP.Runner.PostProcessingPipeline[0]
      running zzzUnity.Burst.CodeGen.BurstILPostProcessor
[40m[32minfo[39m[22m[49m: Unity.ILPP.Runner.PostProcessingPipeline[0]
      running Unity.Jobs.CodeGen.JobsILPostProcessor
[40m[32minfo[39m[22m[49m: Unity.ILPP.Runner.PostProcessingPipeline[0]
      running zzzUnity.Burst.CodeGen.BurstILPostProcessor
[40m[32minfo[39m[22m[49m: Microsoft.AspNetCore.Routing.EndpointMiddleware[1]
      Executed endpoint 'gRPC - /UnityILPP.PostProcessing/PostProcessAssembly'
[40m[32minfo[39m[22m[49m: Microsoft.AspNetCore.Hosting.Diagnostics[2]
      Request finished HTTP/2 POST http://ilpp/UnityILPP.PostProcessing/PostProcessAssembly application/grpc - - 200 - application/grpc 9.1874ms
[40m[32minfo[39m[22m[49m: Microsoft.AspNetCore.Routing.EndpointMiddleware[1]
      Executed endpoint 'gRPC - /UnityILPP.PostProcessing/PostProcessAssembly'
[40m[32minfo[39m[22m[49m: Microsoft.AspNetCore.Hosting.Diagnostics[2]
      Request finished HTTP/2 POST http://ilpp/UnityILPP.PostProcessing/PostProcessAssembly application/grpc - - 200 - application/grpc 7.4734ms
[40m[32minfo[39m[22m[49m: Unity.ILPP.Runner.PostProcessingPipeline[0]
      Processing assembly Library/Bee/artifacts/1300b0aPDevDbg.dag/UnityEngine.SpatialTracking.dll, with 136 defines and 190 references
[40m[32minfo[39m[22m[49m: Unity.ILPP.Runner.PostProcessingPipeline[0]
      processors: Unity.Jobs.CodeGen.JobsILPostProcessor, zzzUnity.Burst.CodeGen.BurstILPostProcessor
[40m[32minfo[39m[22m[49m: Unity.ILPP.Runner.PostProcessingPipeline[0]
      running Unity.Jobs.CodeGen.JobsILPostProcessor
[40m[32minfo[39m[22m[49m: Unity.ILPP.Runner.PostProcessingPipeline[0]
      running zzzUnity.Burst.CodeGen.BurstILPostProcessor
[40m[32minfo[39m[22m[49m: Microsoft.AspNetCore.Routing.EndpointMiddleware[1]
      Executed endpoint 'gRPC - /UnityILPP.PostProcessing/PostProcessAssembly'
[40m[32minfo[39m[22m[49m: Microsoft.AspNetCore.Hosting.Diagnostics[2]
      Request finished HTTP/2 POST http://ilpp/UnityILPP.PostProcessing/PostProcessAssembly application/grpc - - 200 - application/grpc 3.1398ms
[40m[32minfo[39m[22m[49m: Microsoft.AspNetCore.Routing.EndpointMiddleware[1]
      Executed endpoint 'gRPC - /UnityILPP.PostProcessing/PostProcessAssembly'
[40m[32minfo[39m[22m[49m: Microsoft.AspNetCore.Hosting.Diagnostics[2]
      Request finished HTTP/2 POST http://ilpp/UnityILPP.PostProcessing/PostProcessAssembly application/grpc - - 200 - application/grpc 384.4082ms
[40m[32minfo[39m[22m[49m: Unity.ILPP.Runner.PostProcessingPipeline[0]
      running zzzUnity.Burst.CodeGen.BurstILPostProcessor
[40m[32minfo[39m[22m[49m: Microsoft.AspNetCore.Routing.EndpointMiddleware[1]
      Executed endpoint 'gRPC - /UnityILPP.PostProcessing/PostProcessAssembly'
[40m[32minfo[39m[22m[49m: Microsoft.AspNetCore.Hosting.Diagnostics[2]
      Request finished HTTP/2 POST http://ilpp/UnityILPP.PostProcessing/PostProcessAssembly application/grpc - - 200 - application/grpc 447.5868ms
[40m[32minfo[39m[22m[49m: Microsoft.AspNetCore.Hosting.Diagnostics[1]
      Request starting HTTP/2 POST http://ilpp/UnityILPP.PostProcessing/PostProcessAssembly application/grpc -
[40m[32minfo[39m[22m[49m: Microsoft.AspNetCore.Routing.EndpointMiddleware[0]
      Executing endpoint 'gRPC - /UnityILPP.PostProcessing/PostProcessAssembly'
[40m[32minfo[39m[22m[49m: Unity.ILPP.Runner.PostProcessingPipeline[0]
      Processing assembly Library/Bee/artifacts/1300b0aPDevDbg.dag/Unity.RenderPipelines.Universal.Runtime.dll, with 141 defines and 197 references
[40m[32minfo[39m[22m[49m: Unity.ILPP.Runner.PostProcessingPipeline[0]
      processors: Unity.Jobs.CodeGen.JobsILPostProcessor, zzzUnity.Burst.CodeGen.BurstILPostProcessor
[40m[32minfo[39m[22m[49m: Unity.ILPP.Runner.PostProcessingPipeline[0]
      running Unity.Jobs.CodeGen.JobsILPostProcessor
[40m[32minfo[39m[22m[49m: Unity.ILPP.Runner.PostProcessingPipeline[0]
      running zzzUnity.Burst.CodeGen.BurstILPostProcessor
[40m[32minfo[39m[22m[49m: Microsoft.AspNetCore.Routing.EndpointMiddleware[1]
      Executed endpoint 'gRPC - /UnityILPP.PostProcessing/PostProcessAssembly'
[40m[32minfo[39m[22m[49m: Microsoft.AspNetCore.Hosting.Diagnostics[2]
      Request finished HTTP/2 POST http://ilpp/UnityILPP.PostProcessing/PostProcessAssembly application/grpc - - 200 - application/grpc 320.2104ms
[40m[32minfo[39m[22m[49m: Microsoft.AspNetCore.Hosting.Diagnostics[1]
      Request starting HTTP/2 POST http://ilpp/UnityILPP.PostProcessing/PostProcessAssembly application/grpc -
[40m[32minfo[39m[22m[49m: Microsoft.AspNetCore.Routing.EndpointMiddleware[0]
      Executing endpoint 'gRPC - /UnityILPP.PostProcessing/PostProcessAssembly'
[40m[32minfo[39m[22m[49m: Microsoft.AspNetCore.Hosting.Diagnostics[1]
      Request starting HTTP/2 POST http://ilpp/UnityILPP.PostProcessing/PostProcessAssembly application/grpc -
[40m[32minfo[39m[22m[49m: Microsoft.AspNetCore.Routing.EndpointMiddleware[0]
      Executing endpoint 'gRPC - /UnityILPP.PostProcessing/PostProcessAssembly'
[40m[32minfo[39m[22m[49m: Unity.ILPP.Runner.PostProcessingPipeline[0]
      Processing assembly Library/Bee/artifacts/1300b0aPDevDbg.dag/Unity.RenderPipelines.Universal.2D.Runtime.dll, with 138 defines and 195 references
[40m[32minfo[39m[22m[49m: Unity.ILPP.Runner.PostProcessingPipeline[0]
      processors: Unity.Jobs.CodeGen.JobsILPostProcessor, zzzUnity.Burst.CodeGen.BurstILPostProcessor
[40m[32minfo[39m[22m[49m: Unity.ILPP.Runner.PostProcessingPipeline[0]
      running Unity.Jobs.CodeGen.JobsILPostProcessor
[40m[32minfo[39m[22m[49m: Unity.ILPP.Runner.PostProcessingPipeline[0]
      running zzzUnity.Burst.CodeGen.BurstILPostProcessor
[40m[32minfo[39m[22m[49m: Unity.ILPP.Runner.PostProcessingPipeline[0]
      Processing assembly Library/Bee/artifacts/1300b0aPDevDbg.dag/Unity.XR.OpenXR.dll, with 140 defines and 193 references
[40m[32minfo[39m[22m[49m: Unity.ILPP.Runner.PostProcessingPipeline[0]
      processors: Unity.Jobs.CodeGen.JobsILPostProcessor, zzzUnity.Burst.CodeGen.BurstILPostProcessor
[40m[32minfo[39m[22m[49m: Unity.ILPP.Runner.PostProcessingPipeline[0]
      running Unity.Jobs.CodeGen.JobsILPostProcessor
[40m[32minfo[39m[22m[49m: Unity.ILPP.Runner.PostProcessingPipeline[0]
      running zzzUnity.Burst.CodeGen.BurstILPostProcessor
[40m[32minfo[39m[22m[49m: Microsoft.AspNetCore.Routing.EndpointMiddleware[1]
      Executed endpoint 'gRPC - /UnityILPP.PostProcessing/PostProcessAssembly'
[40m[32minfo[39m[22m[49m: Microsoft.AspNetCore.Hosting.Diagnostics[2]
      Request finished HTTP/2 POST http://ilpp/UnityILPP.PostProcessing/PostProcessAssembly application/grpc - - 200 - application/grpc 7.6232ms
[40m[32minfo[39m[22m[49m: Microsoft.AspNetCore.Hosting.Diagnostics[1]
      Request starting HTTP/2 POST http://ilpp/UnityILPP.PostProcessing/PostProcessAssembly application/grpc -
[40m[32minfo[39m[22m[49m: Microsoft.AspNetCore.Routing.EndpointMiddleware[0]
      Executing endpoint 'gRPC - /UnityILPP.PostProcessing/PostProcessAssembly'
[40m[32minfo[39m[22m[49m: Unity.ILPP.Runner.PostProcessingPipeline[0]
      Processing assembly Library/Bee/artifacts/1300b0aPDevDbg.dag/glTFast.dll, with 145 defines and 194 references
[40m[32minfo[39m[22m[49m: Unity.ILPP.Runner.PostProcessingPipeline[0]
      processors: Unity.Jobs.CodeGen.JobsILPostProcessor, zzzUnity.Burst.CodeGen.BurstILPostProcessor
[40m[32minfo[39m[22m[49m: Unity.ILPP.Runner.PostProcessingPipeline[0]
      running Unity.Jobs.CodeGen.JobsILPostProcessor
[40m[32minfo[39m[22m[49m: Microsoft.AspNetCore.Routing.EndpointMiddleware[1]
      Executed endpoint 'gRPC - /UnityILPP.PostProcessing/PostProcessAssembly'
[40m[32minfo[39m[22m[49m: Microsoft.AspNetCore.Hosting.Diagnostics[2]
      Request finished HTTP/2 POST http://ilpp/UnityILPP.PostProcessing/PostProcessAssembly application/grpc - - 200 - application/grpc 90.2362ms
[40m[32minfo[39m[22m[49m: Unity.ILPP.Runner.PostProcessingPipeline[0]
      running zzzUnity.Burst.CodeGen.BurstILPostProcessor
[40m[32minfo[39m[22m[49m: Microsoft.AspNetCore.Routing.EndpointMiddleware[1]
      Executed endpoint 'gRPC - /UnityILPP.PostProcessing/PostProcessAssembly'
[40m[32minfo[39m[22m[49m: Microsoft.AspNetCore.Hosting.Diagnostics[2]
      Request finished HTTP/2 POST http://ilpp/UnityILPP.PostProcessing/PostProcessAssembly application/grpc - - 200 - application/grpc 365.1145ms
[40m[32minfo[39m[22m[49m: Microsoft.AspNetCore.Hosting.Diagnostics[1]
      Request starting HTTP/2 POST http://ilpp/UnityILPP.PostProcessing/PostProcessAssembly application/grpc -
[40m[32minfo[39m[22m[49m: Microsoft.AspNetCore.Routing.EndpointMiddleware[0]
      Executing endpoint 'gRPC - /UnityILPP.PostProcessing/PostProcessAssembly'
[40m[32minfo[39m[22m[49m: Unity.ILPP.Runner.PostProcessingPipeline[0]
      Processing assembly Library/Bee/artifacts/1300b0aPDevDbg.dag/Unity.XR.OpenXR.Features.RuntimeDebugger.dll, with 136 defines and 185 references
[40m[32minfo[39m[22m[49m: Unity.ILPP.Runner.PostProcessingPipeline[0]
      processors: Unity.Jobs.CodeGen.JobsILPostProcessor, zzzUnity.Burst.CodeGen.BurstILPostProcessor
[40m[32minfo[39m[22m[49m: Unity.ILPP.Runner.PostProcessingPipeline[0]
      running Unity.Jobs.CodeGen.JobsILPostProcessor
[40m[32minfo[39m[22m[49m: Unity.ILPP.Runner.PostProcessingPipeline[0]
      running zzzUnity.Burst.CodeGen.BurstILPostProcessor
[40m[32minfo[39m[22m[49m: Microsoft.AspNetCore.Routing.EndpointMiddleware[1]
      Executed endpoint 'gRPC - /UnityILPP.PostProcessing/PostProcessAssembly'
[40m[32minfo[39m[22m[49m: Microsoft.AspNetCore.Hosting.Diagnostics[2]
      Request finished HTTP/2 POST http://ilpp/UnityILPP.PostProcessing/PostProcessAssembly application/grpc - - 200 - application/grpc 14.3495ms
[40m[32minfo[39m[22m[49m: Microsoft.AspNetCore.Hosting.Diagnostics[1]
      Request starting HTTP/2 POST http://ilpp/UnityILPP.PostProcessing/PostProcessAssembly application/grpc -
[40m[32minfo[39m[22m[49m: Microsoft.AspNetCore.Routing.EndpointMiddleware[0]
      Executing endpoint 'gRPC - /UnityILPP.PostProcessing/PostProcessAssembly'
[40m[32minfo[39m[22m[49m: Unity.ILPP.Runner.PostProcessingPipeline[0]
      Processing assembly Library/Bee/artifacts/1300b0aPDevDbg.dag/Unity.XR.OpenXR.Features.OculusQuestSupport.dll, with 136 defines and 192 references
[40m[32minfo[39m[22m[49m: Unity.ILPP.Runner.PostProcessingPipeline[0]
      processors: Unity.Jobs.CodeGen.JobsILPostProcessor, zzzUnity.Burst.CodeGen.BurstILPostProcessor
[40m[32minfo[39m[22m[49m: Unity.ILPP.Runner.PostProcessingPipeline[0]
      running Unity.Jobs.CodeGen.JobsILPostProcessor
[40m[32minfo[39m[22m[49m: Unity.ILPP.Runner.PostProcessingPipeline[0]
      running zzzUnity.Burst.CodeGen.BurstILPostProcessor
[40m[32minfo[39m[22m[49m: Microsoft.AspNetCore.Routing.EndpointMiddleware[1]
      Executed endpoint 'gRPC - /UnityILPP.PostProcessing/PostProcessAssembly'
[40m[32minfo[39m[22m[49m: Microsoft.AspNetCore.Hosting.Diagnostics[2]
      Request finished HTTP/2 POST http://ilpp/UnityILPP.PostProcessing/PostProcessAssembly application/grpc - - 200 - application/grpc 3.8706ms
[40m[32minfo[39m[22m[49m: Microsoft.AspNetCore.Hosting.Diagnostics[1]
      Request starting HTTP/2 POST http://ilpp/UnityILPP.PostProcessing/PostProcessAssembly application/grpc -
[40m[32minfo[39m[22m[49m: Microsoft.AspNetCore.Routing.EndpointMiddleware[0]
      Executing endpoint 'gRPC - /UnityILPP.PostProcessing/PostProcessAssembly'
[40m[32minfo[39m[22m[49m: Unity.ILPP.Runner.PostProcessingPipeline[0]
      Processing assembly Library/Bee/artifacts/1300b0aPDevDbg.dag/Unity.XR.OpenXR.TestTooling.dll, with 136 defines and 187 references
[40m[32minfo[39m[22m[49m: Unity.ILPP.Runner.PostProcessingPipeline[0]
      processors: Unity.Jobs.CodeGen.JobsILPostProcessor, zzzUnity.Burst.CodeGen.BurstILPostProcessor
[40m[32minfo[39m[22m[49m: Unity.ILPP.Runner.PostProcessingPipeline[0]
      running Unity.Jobs.CodeGen.JobsILPostProcessor
[40m[32minfo[39m[22m[49m: Unity.ILPP.Runner.PostProcessingPipeline[0]
      running zzzUnity.Burst.CodeGen.BurstILPostProcessor
[40m[32minfo[39m[22m[49m: Microsoft.AspNetCore.Routing.EndpointMiddleware[1]
      Executed endpoint 'gRPC - /UnityILPP.PostProcessing/PostProcessAssembly'
[40m[32minfo[39m[22m[49m: Microsoft.AspNetCore.Hosting.Diagnostics[2]
      Request finished HTTP/2 POST http://ilpp/UnityILPP.PostProcessing/PostProcessAssembly application/grpc - - 200 - application/grpc 20.1880ms
[40m[32minfo[39m[22m[49m: Microsoft.AspNetCore.Hosting.Diagnostics[1]
      Request starting HTTP/2 POST http://ilpp/UnityILPP.PostProcessing/PostProcessAssembly application/grpc -
[40m[32minfo[39m[22m[49m: Microsoft.AspNetCore.Routing.EndpointMiddleware[0]
      Executing endpoint 'gRPC - /UnityILPP.PostProcessing/PostProcessAssembly'
[40m[32minfo[39m[22m[49m: Unity.ILPP.Runner.PostProcessingPipeline[0]
      Processing assembly Library/Bee/artifacts/1300b0aPDevDbg.dag/Gibi.Pets.dll, with 136 defines and 193 references
[40m[32minfo[39m[22m[49m: Unity.ILPP.Runner.PostProcessingPipeline[0]
      processors: Unity.Jobs.CodeGen.JobsILPostProcessor, zzzUnity.Burst.CodeGen.BurstILPostProcessor
[40m[32minfo[39m[22m[49m: Unity.ILPP.Runner.PostProcessingPipeline[0]
      running Unity.Jobs.CodeGen.JobsILPostProcessor
[40m[32minfo[39m[22m[49m: Unity.ILPP.Runner.PostProcessingPipeline[0]
      running zzzUnity.Burst.CodeGen.BurstILPostProcessor
[40m[32minfo[39m[22m[49m: Microsoft.AspNetCore.Routing.EndpointMiddleware[1]
      Executed endpoint 'gRPC - /UnityILPP.PostProcessing/PostProcessAssembly'
[40m[32minfo[39m[22m[49m: Microsoft.AspNetCore.Hosting.Diagnostics[2]
      Request finished HTTP/2 POST http://ilpp/UnityILPP.PostProcessing/PostProcessAssembly application/grpc - - 200 - application/grpc 1.5657ms
[40m[32minfo[39m[22m[49m: Microsoft.AspNetCore.Hosting.Diagnostics[1]
      Request starting HTTP/2 POST http://ilpp/UnityILPP.PostProcessing/PostProcessAssembly application/grpc -
[40m[32minfo[39m[22m[49m: Microsoft.AspNetCore.Routing.EndpointMiddleware[0]
      Executing endpoint 'gRPC - /UnityILPP.PostProcessing/PostProcessAssembly'
[40m[32minfo[39m[22m[49m: Unity.ILPP.Runner.PostProcessingPipeline[0]
      Processing assembly Library/Bee/artifacts/1300b0aPDevDbg.dag/Unity.XR.OpenXR.Features.MockRuntime.dll, with 136 defines and 186 references
[40m[32minfo[39m[22m[49m: Unity.ILPP.Runner.PostProcessingPipeline[0]
      processors: Unity.Jobs.CodeGen.JobsILPostProcessor, zzzUnity.Burst.CodeGen.BurstILPostProcessor
[40m[32minfo[39m[22m[49m: Unity.ILPP.Runner.PostProcessingPipeline[0]
      running Unity.Jobs.CodeGen.JobsILPostProcessor
[40m[32minfo[39m[22m[49m: Unity.ILPP.Runner.PostProcessingPipeline[0]
      running zzzUnity.Burst.CodeGen.BurstILPostProcessor
[40m[32minfo[39m[22m[49m: Microsoft.AspNetCore.Routing.EndpointMiddleware[1]
      Executed endpoint 'gRPC - /UnityILPP.PostProcessing/PostProcessAssembly'
[40m[32minfo[39m[22m[49m: Microsoft.AspNetCore.Hosting.Diagnostics[2]
      Request finished HTTP/2 POST http://ilpp/UnityILPP.PostProcessing/PostProcessAssembly application/grpc - - 200 - application/grpc 2.9610ms
[40m[32minfo[39m[22m[49m: Microsoft.AspNetCore.Hosting.Diagnostics[1]
      Request starting HTTP/2 POST http://ilpp/UnityILPP.PostProcessing/PostProcessAssembly application/grpc -
[40m[32minfo[39m[22m[49m: Microsoft.AspNetCore.Routing.EndpointMiddleware[0]
      Executing endpoint 'gRPC - /UnityILPP.PostProcessing/PostProcessAssembly'
[40m[32minfo[39m[22m[49m: Unity.ILPP.Runner.PostProcessingPipeline[0]
      Processing assembly Library/Bee/artifacts/1300b0aPDevDbg.dag/Unity.XR.OpenXR.Features.ConformanceAutomation.dll, with 136 defines and 191 references
[40m[32minfo[39m[22m[49m: Unity.ILPP.Runner.PostProcessingPipeline[0]
      processors: Unity.Jobs.CodeGen.JobsILPostProcessor, zzzUnity.Burst.CodeGen.BurstILPostProcessor
[40m[32minfo[39m[22m[49m: Unity.ILPP.Runner.PostProcessingPipeline[0]
      running Unity.Jobs.CodeGen.JobsILPostProcessor
[40m[32minfo[39m[22m[49m: Unity.ILPP.Runner.PostProcessingPipeline[0]
      running zzzUnity.Burst.CodeGen.BurstILPostProcessor
[40m[32minfo[39m[22m[49m: Microsoft.AspNetCore.Routing.EndpointMiddleware[1]
      Executed endpoint 'gRPC - /UnityILPP.PostProcessing/PostProcessAssembly'
[40m[32minfo[39m[22m[49m: Microsoft.AspNetCore.Hosting.Diagnostics[2]
      Request finished HTTP/2 POST http://ilpp/UnityILPP.PostProcessing/PostProcessAssembly application/grpc - - 200 - application/grpc 1.8719ms
[40m[32minfo[39m[22m[49m: Microsoft.AspNetCore.Hosting.Diagnostics[1]
      Request starting HTTP/2 POST http://ilpp/UnityILPP.PostProcessing/PostProcessAssembly application/grpc -
[40m[32minfo[39m[22m[49m: Microsoft.AspNetCore.Routing.EndpointMiddleware[0]
      Executing endpoint 'gRPC - /UnityILPP.PostProcessing/PostProcessAssembly'
[40m[32minfo[39m[22m[49m: Unity.ILPP.Runner.PostProcessingPipeline[0]
      Processing assembly Library/Bee/artifacts/1300b0aPDevDbg.dag/glTFast.Export.dll, with 140 defines and 195 references
[40m[32minfo[39m[22m[49m: Unity.ILPP.Runner.PostProcessingPipeline[0]
      processors: Unity.Jobs.CodeGen.JobsILPostProcessor, zzzUnity.Burst.CodeGen.BurstILPostProcessor
[40m[32minfo[39m[22m[49m: Unity.ILPP.Runner.PostProcessingPipeline[0]
      running Unity.Jobs.CodeGen.JobsILPostProcessor
[40m[32minfo[39m[22m[49m: Unity.ILPP.Runner.PostProcessingPipeline[0]
      running zzzUnity.Burst.CodeGen.BurstILPostProcessor
[40m[32minfo[39m[22m[49m: Microsoft.AspNetCore.Hosting.Diagnostics[1]
      Request starting HTTP/2 POST http://ilpp/UnityILPP.PostProcessing/PostProcessAssembly application/grpc -
[40m[32minfo[39m[22m[49m: Microsoft.AspNetCore.Routing.EndpointMiddleware[0]
      Executing endpoint 'gRPC - /UnityILPP.PostProcessing/PostProcessAssembly'
[40m[32minfo[39m[22m[49m: Microsoft.AspNetCore.Routing.EndpointMiddleware[1]
      Executed endpoint 'gRPC - /UnityILPP.PostProcessing/PostProcessAssembly'
[40m[32minfo[39m[22m[49m: Microsoft.AspNetCore.Hosting.Diagnostics[2]
      Request finished HTTP/2 POST http://ilpp/UnityILPP.PostProcessing/PostProcessAssembly application/grpc - - 200 - application/grpc 54.1256ms
[40m[32minfo[39m[22m[49m: Unity.ILPP.Runner.PostProcessingPipeline[0]
      Processing assembly Library/Bee/artifacts/1300b0aPDevDbg.dag/Unity.XR.ARSubsystems.dll, with 138 defines and 193 references
[40m[32minfo[39m[22m[49m: Unity.ILPP.Runner.PostProcessingPipeline[0]
      processors: Unity.Jobs.CodeGen.JobsILPostProcessor, zzzUnity.Burst.CodeGen.BurstILPostProcessor
[40m[32minfo[39m[22m[49m: Unity.ILPP.Runner.PostProcessingPipeline[0]
      running Unity.Jobs.CodeGen.JobsILPostProcessor
[40m[32minfo[39m[22m[49m: Unity.ILPP.Runner.PostProcessingPipeline[0]
      running zzzUnity.Burst.CodeGen.BurstILPostProcessor
[40m[32minfo[39m[22m[49m: Microsoft.AspNetCore.Routing.EndpointMiddleware[1]
      Executed endpoint 'gRPC - /UnityILPP.PostProcessing/PostProcessAssembly'
[40m[32minfo[39m[22m[49m: Microsoft.AspNetCore.Hosting.Diagnostics[2]
      Request finished HTTP/2 POST http://ilpp/UnityILPP.PostProcessing/PostProcessAssembly application/grpc - - 200 - application/grpc 3.6254ms
[40m[32minfo[39m[22m[49m: Microsoft.AspNetCore.Hosting.Diagnostics[1]
      Request starting HTTP/2 POST http://ilpp/UnityILPP.PostProcessing/PostProcessAssembly application/grpc -
[40m[32minfo[39m[22m[49m: Microsoft.AspNetCore.Routing.EndpointMiddleware[0]
      Executing endpoint 'gRPC - /UnityILPP.PostProcessing/PostProcessAssembly'
[40m[32minfo[39m[22m[49m: Unity.ILPP.Runner.PostProcessingPipeline[0]
      Processing assembly Library/Bee/artifacts/1300b0aPDevDbg.dag/glTFast.dots.dll, with 137 defines and 194 references
[40m[32minfo[39m[22m[49m: Unity.ILPP.Runner.PostProcessingPipeline[0]
      processors: Unity.Jobs.CodeGen.JobsILPostProcessor, zzzUnity.Burst.CodeGen.BurstILPostProcessor
[40m[32minfo[39m[22m[49m: Unity.ILPP.Runner.PostProcessingPipeline[0]
      running Unity.Jobs.CodeGen.JobsILPostProcessor
[40m[32minfo[39m[22m[49m: Unity.ILPP.Runner.PostProcessingPipeline[0]
      running zzzUnity.Burst.CodeGen.BurstILPostProcessor
[40m[32minfo[39m[22m[49m: Microsoft.AspNetCore.Routing.EndpointMiddleware[1]
      Executed endpoint 'gRPC - /UnityILPP.PostProcessing/PostProcessAssembly'
[40m[32minfo[39m[22m[49m: Microsoft.AspNetCore.Hosting.Diagnostics[2]
      Request finished HTTP/2 POST http://ilpp/UnityILPP.PostProcessing/PostProcessAssembly application/grpc - - 200 - application/grpc 14.7546ms
[40m[32minfo[39m[22m[49m: Microsoft.AspNetCore.Hosting.Diagnostics[1]
      Request starting HTTP/2 POST http://ilpp/UnityILPP.PostProcessing/PostProcessAssembly application/grpc -
[40m[32minfo[39m[22m[49m: Microsoft.AspNetCore.Routing.EndpointMiddleware[0]
      Executing endpoint 'gRPC - /UnityILPP.PostProcessing/PostProcessAssembly'
[40m[32minfo[39m[22m[49m: Unity.ILPP.Runner.PostProcessingPipeline[0]
      Processing assembly Library/Bee/artifacts/1300b0aPDevDbg.dag/Unity.XR.OpenXR.Features.MetaQuestSupport.dll, with 136 defines and 192 references
[40m[32minfo[39m[22m[49m: Unity.ILPP.Runner.PostProcessingPipeline[0]
      processors: Unity.Jobs.CodeGen.JobsILPostProcessor, zzzUnity.Burst.CodeGen.BurstILPostProcessor
[40m[32minfo[39m[22m[49m: Unity.ILPP.Runner.PostProcessingPipeline[0]
      running Unity.Jobs.CodeGen.JobsILPostProcessor
[40m[32minfo[39m[22m[49m: Unity.ILPP.Runner.PostProcessingPipeline[0]
      running zzzUnity.Burst.CodeGen.BurstILPostProcessor
[40m[32minfo[39m[22m[49m: Microsoft.AspNetCore.Routing.EndpointMiddleware[1]
      Executed endpoint 'gRPC - /UnityILPP.PostProcessing/PostProcessAssembly'
[40m[32minfo[39m[22m[49m: Microsoft.AspNetCore.Hosting.Diagnostics[2]
      Request finished HTTP/2 POST http://ilpp/UnityILPP.PostProcessing/PostProcessAssembly application/grpc - - 200 - application/grpc 11.5812ms
[40m[32minfo[39m[22m[49m: Microsoft.AspNetCore.Hosting.Diagnostics[1]
      Request starting HTTP/2 POST http://ilpp/UnityILPP.PostProcessing/PostProcessAssembly application/grpc -
[40m[32minfo[39m[22m[49m: Microsoft.AspNetCore.Routing.EndpointMiddleware[0]
      Executing endpoint 'gRPC - /UnityILPP.PostProcessing/PostProcessAssembly'
[40m[32minfo[39m[22m[49m: Unity.ILPP.Runner.PostProcessingPipeline[0]
      Processing assembly Library/Bee/artifacts/1300b0aPDevDbg.dag/glTFast.Newtonsoft.dll, with 138 defines and 191 references
[40m[32minfo[39m[22m[49m: Unity.ILPP.Runner.PostProcessingPipeline[0]
      processors: Unity.Jobs.CodeGen.JobsILPostProcessor, zzzUnity.Burst.CodeGen.BurstILPostProcessor
[40m[32minfo[39m[22m[49m: Unity.ILPP.Runner.PostProcessingPipeline[0]
      running Unity.Jobs.CodeGen.JobsILPostProcessor
[40m[32minfo[39m[22m[49m: Unity.ILPP.Runner.PostProcessingPipeline[0]
      running zzzUnity.Burst.CodeGen.BurstILPostProcessor
[40m[32minfo[39m[22m[49m: Microsoft.AspNetCore.Routing.EndpointMiddleware[1]
      Executed endpoint 'gRPC - /UnityILPP.PostProcessing/PostProcessAssembly'
[40m[32minfo[39m[22m[49m: Microsoft.AspNetCore.Hosting.Diagnostics[2]
      Request finished HTTP/2 POST http://ilpp/UnityILPP.PostProcessing/PostProcessAssembly application/grpc - - 200 - application/grpc 1.7135ms
[40m[32minfo[39m[22m[49m: Microsoft.AspNetCore.Hosting.Diagnostics[1]
      Request starting HTTP/2 POST http://ilpp/UnityILPP.PostProcessing/PostProcessAssembly application/grpc -
[40m[32minfo[39m[22m[49m: Microsoft.AspNetCore.Routing.EndpointMiddleware[0]
      Executing endpoint 'gRPC - /UnityILPP.PostProcessing/PostProcessAssembly'
[40m[32minfo[39m[22m[49m: Unity.ILPP.Runner.PostProcessingPipeline[0]
      Processing assembly Library/Bee/artifacts/1300b0aPDevDbg.dag/glTFast.Documentation.Examples.dll, with 138 defines and 194 references
[40m[32minfo[39m[22m[49m: Unity.ILPP.Runner.PostProcessingPipeline[0]
      processors: Unity.Jobs.CodeGen.JobsILPostProcessor, zzzUnity.Burst.CodeGen.BurstILPostProcessor
[40m[32minfo[39m[22m[49m: Unity.ILPP.Runner.PostProcessingPipeline[0]
      running Unity.Jobs.CodeGen.JobsILPostProcessor
[40m[32minfo[39m[22m[49m: Unity.ILPP.Runner.PostProcessingPipeline[0]
      running zzzUnity.Burst.CodeGen.BurstILPostProcessor
[40m[32minfo[39m[22m[49m: Microsoft.AspNetCore.Routing.EndpointMiddleware[1]
      Executed endpoint 'gRPC - /UnityILPP.PostProcessing/PostProcessAssembly'
[40m[32minfo[39m[22m[49m: Microsoft.AspNetCore.Hosting.Diagnostics[2]
      Request finished HTTP/2 POST http://ilpp/UnityILPP.PostProcessing/PostProcessAssembly application/grpc - - 200 - application/grpc 2.3493ms
[40m[32minfo[39m[22m[49m: Microsoft.AspNetCore.Hosting.Diagnostics[1]
      Request starting HTTP/2 POST http://ilpp/UnityILPP.PostProcessing/PostProcessAssembly application/grpc -
[40m[32minfo[39m[22m[49m: Microsoft.AspNetCore.Routing.EndpointMiddleware[0]
      Executing endpoint 'gRPC - /UnityILPP.PostProcessing/PostProcessAssembly'
[40m[32minfo[39m[22m[49m: Unity.ILPP.Runner.PostProcessingPipeline[0]
      Processing assembly Library/Bee/artifacts/1300b0aPDevDbg.dag/Gibi.AssetRuntime.dll, with 136 defines and 194 references
[40m[32minfo[39m[22m[49m: Unity.ILPP.Runner.PostProcessingPipeline[0]
      processors: Unity.Jobs.CodeGen.JobsILPostProcessor, zzzUnity.Burst.CodeGen.BurstILPostProcessor
[40m[32minfo[39m[22m[49m: Unity.ILPP.Runner.PostProcessingPipeline[0]
      running Unity.Jobs.CodeGen.JobsILPostProcessor
[40m[32minfo[39m[22m[49m: Unity.ILPP.Runner.PostProcessingPipeline[0]
      running zzzUnity.Burst.CodeGen.BurstILPostProcessor
[40m[32minfo[39m[22m[49m: Microsoft.AspNetCore.Routing.EndpointMiddleware[1]
      Executed endpoint 'gRPC - /UnityILPP.PostProcessing/PostProcessAssembly'
[40m[32minfo[39m[22m[49m: Microsoft.AspNetCore.Hosting.Diagnostics[2]
      Request finished HTTP/2 POST http://ilpp/UnityILPP.PostProcessing/PostProcessAssembly application/grpc - - 200 - application/grpc 14.9786ms
[40m[32minfo[39m[22m[49m: Microsoft.AspNetCore.Hosting.Diagnostics[1]
      Request starting HTTP/2 POST http://ilpp/UnityILPP.PostProcessing/PostProcessAssembly application/grpc -
[40m[32minfo[39m[22m[49m: Microsoft.AspNetCore.Routing.EndpointMiddleware[0]
      Executing endpoint 'gRPC - /UnityILPP.PostProcessing/PostProcessAssembly'
[40m[32minfo[39m[22m[49m: Unity.ILPP.Runner.PostProcessingPipeline[0]
      Processing assembly Library/Bee/artifacts/1300b0aPDevDbg.dag/Unity.XR.ARFoundation.InternalUtils.dll, with 136 defines and 193 references
[40m[32minfo[39m[22m[49m: Unity.ILPP.Runner.PostProcessingPipeline[0]
      processors: Unity.Jobs.CodeGen.JobsILPostProcessor, zzzUnity.Burst.CodeGen.BurstILPostProcessor
[40m[32minfo[39m[22m[49m: Unity.ILPP.Runner.PostProcessingPipeline[0]
      running Unity.Jobs.CodeGen.JobsILPostProcessor
[40m[32minfo[39m[22m[49m: Unity.ILPP.Runner.PostProcessingPipeline[0]
      running zzzUnity.Burst.CodeGen.BurstILPostProcessor
[40m[32minfo[39m[22m[49m: Microsoft.AspNetCore.Routing.EndpointMiddleware[1]
      Executed endpoint 'gRPC - /UnityILPP.PostProcessing/PostProcessAssembly'
[40m[32minfo[39m[22m[49m: Microsoft.AspNetCore.Hosting.Diagnostics[2]
      Request finished HTTP/2 POST http://ilpp/UnityILPP.PostProcessing/PostProcessAssembly application/grpc - - 200 - application/grpc 0.8352ms
[40m[32minfo[39m[22m[49m: Microsoft.AspNetCore.Hosting.Diagnostics[1]
      Request starting HTTP/2 POST http://ilpp/UnityILPP.PostProcessing/PostProcessAssembly application/grpc -
[40m[32minfo[39m[22m[49m: Microsoft.AspNetCore.Routing.EndpointMiddleware[0]
      Executing endpoint 'gRPC - /UnityILPP.PostProcessing/PostProcessAssembly'
[40m[32minfo[39m[22m[49m: Unity.ILPP.Runner.PostProcessingPipeline[0]
      Processing assembly Library/Bee/artifacts/1300b0aPDevDbg.dag/Unity.XR.ARCore.dll, with 139 defines and 196 references
[40m[32minfo[39m[22m[49m: Unity.ILPP.Runner.PostProcessingPipeline[0]
      processors: Unity.Jobs.CodeGen.JobsILPostProcessor, zzzUnity.Burst.CodeGen.BurstILPostProcessor
[40m[32minfo[39m[22m[49m: Unity.ILPP.Runner.PostProcessingPipeline[0]
      running Unity.Jobs.CodeGen.JobsILPostProcessor
[40m[32minfo[39m[22m[49m: Unity.ILPP.Runner.PostProcessingPipeline[0]
      running zzzUnity.Burst.CodeGen.BurstILPostProcessor
[40m[32minfo[39m[22m[49m: Microsoft.AspNetCore.Routing.EndpointMiddleware[1]
      Executed endpoint 'gRPC - /UnityILPP.PostProcessing/PostProcessAssembly'
[40m[32minfo[39m[22m[49m: Microsoft.AspNetCore.Hosting.Diagnostics[2]
      Request finished HTTP/2 POST http://ilpp/UnityILPP.PostProcessing/PostProcessAssembly application/grpc - - 200 - application/grpc 1.2498ms
[40m[32minfo[39m[22m[49m: Microsoft.AspNetCore.Hosting.Diagnostics[1]
      Request starting HTTP/2 POST http://ilpp/UnityILPP.PostProcessing/PostProcessAssembly application/grpc -
[40m[32minfo[39m[22m[49m: Microsoft.AspNetCore.Routing.EndpointMiddleware[0]
      Executing endpoint 'gRPC - /UnityILPP.PostProcessing/PostProcessAssembly'
[40m[32minfo[39m[22m[49m: Unity.ILPP.Runner.PostProcessingPipeline[0]
      Processing assembly Library/Bee/artifacts/1300b0aPDevDbg.dag/Unity.XR.ARFoundation.dll, with 141 defines and 198 references
[40m[32minfo[39m[22m[49m: Unity.ILPP.Runner.PostProcessingPipeline[0]
      processors: Unity.Jobs.CodeGen.JobsILPostProcessor, zzzUnity.Burst.CodeGen.BurstILPostProcessor
[40m[32minfo[39m[22m[49m: Unity.ILPP.Runner.PostProcessingPipeline[0]
      running Unity.Jobs.CodeGen.JobsILPostProcessor
[40m[32minfo[39m[22m[49m: Unity.ILPP.Runner.PostProcessingPipeline[0]
      running zzzUnity.Burst.CodeGen.BurstILPostProcessor
[40m[32minfo[39m[22m[49m: Microsoft.AspNetCore.Routing.EndpointMiddleware[1]
      Executed endpoint 'gRPC - /UnityILPP.PostProcessing/PostProcessAssembly'
[40m[32minfo[39m[22m[49m: Microsoft.AspNetCore.Hosting.Diagnostics[2]
      Request finished HTTP/2 POST http://ilpp/UnityILPP.PostProcessing/PostProcessAssembly application/grpc - - 200 - application/grpc 1.6245ms
[40m[32minfo[39m[22m[49m: Microsoft.AspNetCore.Hosting.Diagnostics[1]
      Request starting HTTP/2 POST http://ilpp/UnityILPP.PostProcessing/PostProcessAssembly application/grpc -
[40m[32minfo[39m[22m[49m: Microsoft.AspNetCore.Routing.EndpointMiddleware[0]
      Executing endpoint 'gRPC - /UnityILPP.PostProcessing/PostProcessAssembly'
[40m[32minfo[39m[22m[49m: Unity.ILPP.Runner.PostProcessingPipeline[0]
      Processing assembly Library/Bee/artifacts/1300b0aPDevDbg.dag/Gibi.Spatial.dll, with 136 defines and 194 references
[40m[32minfo[39m[22m[49m: Unity.ILPP.Runner.PostProcessingPipeline[0]
      processors: Unity.Jobs.CodeGen.JobsILPostProcessor, zzzUnity.Burst.CodeGen.BurstILPostProcessor
[40m[32minfo[39m[22m[49m: Unity.ILPP.Runner.PostProcessingPipeline[0]
      running Unity.Jobs.CodeGen.JobsILPostProcessor
[40m[32minfo[39m[22m[49m: Unity.ILPP.Runner.PostProcessingPipeline[0]
      running zzzUnity.Burst.CodeGen.BurstILPostProcessor
[40m[32minfo[39m[22m[49m: Microsoft.AspNetCore.Routing.EndpointMiddleware[1]
      Executed endpoint 'gRPC - /UnityILPP.PostProcessing/PostProcessAssembly'
[40m[32minfo[39m[22m[49m: Microsoft.AspNetCore.Hosting.Diagnostics[2]
      Request finished HTTP/2 POST http://ilpp/UnityILPP.PostProcessing/PostProcessAssembly application/grpc - - 200 - application/grpc 6.0244ms
[40m[32minfo[39m[22m[49m: Microsoft.AspNetCore.Hosting.Diagnostics[1]
      Request starting HTTP/2 POST http://ilpp/UnityILPP.PostProcessing/PostProcessAssembly application/grpc -
[40m[32minfo[39m[22m[49m: Microsoft.AspNetCore.Routing.EndpointMiddleware[0]
      Executing endpoint 'gRPC - /UnityILPP.PostProcessing/PostProcessAssembly'
[40m[32minfo[39m[22m[49m: Unity.ILPP.Runner.PostProcessingPipeline[0]
      Processing assembly Library/Bee/artifacts/1300b0aPDevDbg.dag/Gibi.Gameplay.dll, with 136 defines and 193 references
[40m[32minfo[39m[22m[49m: Unity.ILPP.Runner.PostProcessingPipeline[0]
      processors: Unity.Jobs.CodeGen.JobsILPostProcessor, zzzUnity.Burst.CodeGen.BurstILPostProcessor
[40m[32minfo[39m[22m[49m: Unity.ILPP.Runner.PostProcessingPipeline[0]
      running Unity.Jobs.CodeGen.JobsILPostProcessor
[40m[32minfo[39m[22m[49m: Unity.ILPP.Runner.PostProcessingPipeline[0]
      running zzzUnity.Burst.CodeGen.BurstILPostProcessor
[40m[32minfo[39m[22m[49m: Microsoft.AspNetCore.Routing.EndpointMiddleware[1]
      Executed endpoint 'gRPC - /UnityILPP.PostProcessing/PostProcessAssembly'
[40m[32minfo[39m[22m[49m: Microsoft.AspNetCore.Hosting.Diagnostics[2]
      Request finished HTTP/2 POST http://ilpp/UnityILPP.PostProcessing/PostProcessAssembly application/grpc - - 200 - application/grpc 1.0383ms
[40m[32minfo[39m[22m[49m: Microsoft.AspNetCore.Hosting.Diagnostics[1]
      Request starting HTTP/2 POST http://ilpp/UnityILPP.PostProcessing/PostProcessAssembly application/grpc -
[40m[32minfo[39m[22m[49m: Microsoft.AspNetCore.Routing.EndpointMiddleware[0]
      Executing endpoint 'gRPC - /UnityILPP.PostProcessing/PostProcessAssembly'
[40m[32minfo[39m[22m[49m: Unity.ILPP.Runner.PostProcessingPipeline[0]
      Processing assembly Library/Bee/artifacts/1300b0aPDevDbg.dag/Unity.XR.ARFoundation.VisualScripting.dll, with 136 defines and 193 references
[40m[32minfo[39m[22m[49m: Unity.ILPP.Runner.PostProcessingPipeline[0]
      processors: Unity.Jobs.CodeGen.JobsILPostProcessor, zzzUnity.Burst.CodeGen.BurstILPostProcessor
[40m[32minfo[39m[22m[49m: Unity.ILPP.Runner.PostProcessingPipeline[0]
      running Unity.Jobs.CodeGen.JobsILPostProcessor
[40m[32minfo[39m[22m[49m: Unity.ILPP.Runner.PostProcessingPipeline[0]
      running zzzUnity.Burst.CodeGen.BurstILPostProcessor
[40m[32minfo[39m[22m[49m: Microsoft.AspNetCore.Routing.EndpointMiddleware[1]
      Executed endpoint 'gRPC - /UnityILPP.PostProcessing/PostProcessAssembly'
[40m[32minfo[39m[22m[49m: Microsoft.AspNetCore.Hosting.Diagnostics[2]
      Request finished HTTP/2 POST http://ilpp/UnityILPP.PostProcessing/PostProcessAssembly application/grpc - - 200 - application/grpc 1.0356ms
[40m[32minfo[39m[22m[49m: Microsoft.AspNetCore.Hosting.Diagnostics[1]
      Request starting HTTP/2 POST http://ilpp/UnityILPP.PostProcessing/PostProcessAssembly application/grpc -
[40m[32minfo[39m[22m[49m: Microsoft.AspNetCore.Routing.EndpointMiddleware[0]
      Executing endpoint 'gRPC - /UnityILPP.PostProcessing/PostProcessAssembly'
[40m[32minfo[39m[22m[49m: Unity.ILPP.Runner.PostProcessingPipeline[0]
      Processing assembly Library/Bee/artifacts/1300b0aPDevDbg.dag/Gibi.UI.dll, with 136 defines and 195 references
[40m[32minfo[39m[22m[49m: Unity.ILPP.Runner.PostProcessingPipeline[0]
      processors: Unity.Jobs.CodeGen.JobsILPostProcessor, zzzUnity.Burst.CodeGen.BurstILPostProcessor
[40m[32minfo[39m[22m[49m: Unity.ILPP.Runner.PostProcessingPipeline[0]
      running Unity.Jobs.CodeGen.JobsILPostProcessor
[40m[32minfo[39m[22m[49m: Unity.ILPP.Runner.PostProcessingPipeline[0]
      running zzzUnity.Burst.CodeGen.BurstILPostProcessor
[40m[32minfo[39m[22m[49m: Microsoft.AspNetCore.Routing.EndpointMiddleware[1]
      Executed endpoint 'gRPC - /UnityILPP.PostProcessing/PostProcessAssembly'
[40m[32minfo[39m[22m[49m: Microsoft.AspNetCore.Hosting.Diagnostics[2]
      Request finished HTTP/2 POST http://ilpp/UnityILPP.PostProcessing/PostProcessAssembly application/grpc - - 200 - application/grpc 0.7874ms
[40m[32minfo[39m[22m[49m: Microsoft.AspNetCore.Hosting.Diagnostics[1]
      Request starting HTTP/2 POST http://ilpp/UnityILPP.PostProcessing/PostProcessAssembly application/grpc -
[40m[32minfo[39m[22m[49m: Microsoft.AspNetCore.Routing.EndpointMiddleware[0]
      Executing endpoint 'gRPC - /UnityILPP.PostProcessing/PostProcessAssembly'
[40m[32minfo[39m[22m[49m: Unity.ILPP.Runner.PostProcessingPipeline[0]
      Processing assembly Library/Bee/artifacts/1300b0aPDevDbg.dag/NianticSpatial.NSDK.AR.dll, with 141 defines and 197 references
[40m[32minfo[39m[22m[49m: Unity.ILPP.Runner.PostProcessingPipeline[0]
      processors: Unity.Jobs.CodeGen.JobsILPostProcessor, zzzUnity.Burst.CodeGen.BurstILPostProcessor
[40m[32minfo[39m[22m[49m: Unity.ILPP.Runner.PostProcessingPipeline[0]
      running Unity.Jobs.CodeGen.JobsILPostProcessor
[40m[32minfo[39m[22m[49m: Unity.ILPP.Runner.PostProcessingPipeline[0]
      running zzzUnity.Burst.CodeGen.BurstILPostProcessor
[40m[32minfo[39m[22m[49m: Microsoft.AspNetCore.Routing.EndpointMiddleware[1]
      Executed endpoint 'gRPC - /UnityILPP.PostProcessing/PostProcessAssembly'
[40m[32minfo[39m[22m[49m: Microsoft.AspNetCore.Hosting.Diagnostics[2]
      Request finished HTTP/2 POST http://ilpp/UnityILPP.PostProcessing/PostProcessAssembly application/grpc - - 200 - application/grpc 147.9480ms
Total cache size 291694050
Total cache size after purge 237967074, took 00:00:00.0675972
ExitCode: 0 Duration: 12s
Finished compiling graph: 757 nodes, 9644 flattened edges (7286 ToBuild, 122 ToUse), maximum node priority 639
[ 92/756    0s] WriteText Library/Bee/artifacts/1300b0aPDevDbg.dag/UnityEngine.UI.rsp
[204/756    0s] WriteText Library/Bee/artifacts/Android_CodeGen/UnityEngine.TestRunner.rsp
[217/756    0s] WriteText Library/Bee/artifacts/Android_CodeGen/UnityEngine.UI.rsp
[223/756    0s] WriteText Library/Bee/artifacts/1300b0aPDevDbg.dag/Unity.Mathematics.rsp
[228/756    0s] WriteText Library/Bee/artifacts/1300b0aPDevDbg.dag/Unity.Burst.rsp
[236/756    0s] WriteText Library/Bee/artifacts/Android_CodeGen/UnityEditor.TestRunner.rsp
[238/756    0s] WriteText Library/Bee/artifacts/Android_CodeGen/UnityEditor.UI.rsp
[241/756    0s] WriteText Library/Bee/artifacts/1300b0aPDevDbg.dag/Unity.Collections.rsp
[242/756    0s] WriteText Library/Bee/artifacts/1300b0aPDevDbg.dag/Unity.InputSystem.rsp
[246/756    0s] WriteText Library/Bee/artifacts/1300b0aPDevDbg.dag/Unity.RenderPipelines.Core.Runtime.rsp
[254/756    0s] WriteText Library/Bee/artifacts/Android_CodeGen/Unity.Burst.rsp
[262/756    0s] WriteText Library/Bee/artifacts/Android_CodeGen/Unity.Mathematics.rsp
[264/756    0s] WriteText Library/Bee/artifacts/1300b0aPDevDbg.dag/Unity.RenderPipeline.Universal.ShaderLibrary.rsp
[269/756    0s] WriteText Library/Bee/artifacts/1300b0aPDevDbg.dag/Unity.RenderPipelines.Universal.Config.Runtime.rsp
[274/756    0s] WriteText Library/Bee/artifacts/1300b0aPDevDbg.dag/Unity.RenderPipelines.Core.Runtime.Shared.rsp
[279/756    0s] WriteText Library/Bee/artifacts/1300b0aPDevDbg.dag/Unity.RenderPipelines.GPUDriven.Runtime.rsp
[282/756    0s] WriteText Library/Bee/artifacts/Android_CodeGen/Unity.Collections.rsp
[289/756    0s] WriteText Library/Bee/artifacts/1300b0aPDevDbg.dag/UnityEngine.SpatialTracking.rsp
[293/756    0s] WriteText Library/Bee/artifacts/1300b0aPDevDbg.dag/Unity.RenderPipelines.Universal.Runtime.rsp
[295/756    0s] WriteText Library/Bee/artifacts/1300b0aPDevDbg.dag/Unity.XR.Management.rsp
[297/756    0s] WriteText Library/Bee/artifacts/1300b0aPDevDbg.dag/Unity.XR.OpenXR.rsp
[305/756    0s] WriteText Library/Bee/artifacts/1300b0aPDevDbg.dag/Unity.XR.CoreUtils.rsp
[309/756    0s] WriteText Library/Bee/artifacts/1300b0aPDevDbg.dag/Unity.XR.ARFoundation.InternalUtils.rsp
[314/756    0s] WriteText Library/Bee/artifacts/1300b0aPDevDbg.dag/Unity.XR.ARSubsystems.rsp
[317/756    0s] WriteText Library/Bee/artifacts/Android_CodeGen/Unity.Burst.CodeGen.rsp
[318/756    0s] WriteText Library/Bee/artifacts/Android_CodeGen/Unity.Collections.CodeGen.rsp
[322/756    0s] WriteText Library/Bee/artifacts/1300b0aPDevDbg.dag/Gibi.Core.rsp
[342/756    0s] WriteText Library/Bee/artifacts/1300b0aPDevDbg.dag/Unity.XR.ARFoundation.rsp
[343/756    0s] WriteText Library/Bee/artifacts/1300b0aPDevDbg.dag/glTFast.rsp
[344/756    0s] WriteText Library/Bee/artifacts/1300b0aPDevDbg.dag/Unity.Animation.Rigging.rsp
[345/756    0s] WriteText Library/Bee/artifacts/1300b0aPDevDbg.dag/Gibi.Pets.rsp
[346/756    0s] WriteText Library/Bee/artifacts/1300b0aPDevDbg.dag/Unity.XR.OpenXR.Features.MockRuntime.rsp
[347/756    0s] WriteText Library/Bee/artifacts/1300b0aPDevDbg.dag/Gibi.AssetRuntime.rsp
[348/756    0s] WriteText Library/Bee/artifacts/1300b0aPDevDbg.dag/Unity.XR.ARCore.rsp
[349/756    0s] WriteText Library/Bee/artifacts/1300b0aPDevDbg.dag/Gibi.Spatial.rsp
[359/756    0s] WriteText Library/Bee/artifacts/1300b0aPDevDbg.dag/Unity.XR.OpenXR.Features.MetaQuestSupport.rsp
[360/756    0s] WriteText Library/Bee/artifacts/1300b0aPDevDbg.dag/Unity.ResourceManager.rsp
[366/756    0s] WriteText Library/Bee/artifacts/1300b0aPDevDbg.dag/glTFast.Newtonsoft.rsp
[367/756    0s] WriteText Library/Bee/artifacts/1300b0aPDevDbg.dag/Gibi.Gameplay.rsp
[381/756    0s] WriteText Library/Bee/artifacts/1300b0aPDevDbg.dag/glTFast.Export.rsp
[427/756    0s] WriteText Library/Bee/artifacts/1300b0aPDevDbg.dag/Unity.XR.OpenXR.Features.OculusQuestSupport.rsp
[428/756    0s] WriteText Library/Bee/artifacts/1300b0aPDevDbg.dag/Unity.XR.OpenXR.TestTooling.rsp
[429/756    0s] WriteText Library/Bee/artifacts/1300b0aPDevDbg.dag/glTFast.Documentation.Examples.rsp
[430/756    0s] WriteText Library/Bee/artifacts/1300b0aPDevDbg.dag/Unity.RenderPipelines.Universal.2D.Runtime.rsp
[431/756    0s] WriteText Library/Bee/artifacts/1300b0aPDevDbg.dag/Unity.RenderPipelines.Universal.Shaders.rsp
[432/756    0s] WriteText Library/Bee/artifacts/1300b0aPDevDbg.dag/Unity.Rendering.LightTransport.Runtime.rsp
[433/756    0s] WriteText Library/Bee/artifacts/1300b0aPDevDbg.dag/NianticSpatial.NSDK.AR.rsp
[434/756    0s] WriteText Library/Bee/artifacts/1300b0aPDevDbg.dag/Unity.XR.ARFoundation.VisualScripting.rsp
[435/756    0s] WriteText Library/Bee/artifacts/1300b0aPDevDbg.dag/Unity.Timeline.rsp
[436/756    0s] WriteText Library/Bee/artifacts/1300b0aPDevDbg.dag/Unity.RenderPipelines.ShaderGraph.ShaderGraphLibrary.rsp
[437/756    0s] WriteText Library/Bee/artifacts/1300b0aPDevDbg.dag/Unity.XR.OpenXR.Features.RuntimeDebugger.rsp
[438/756    0s] WriteText Library/Bee/artifacts/1300b0aPDevDbg.dag/Unity.RenderPipelines.Core.ShaderLibrary.rsp
[439/756    0s] WriteText Library/Bee/artifacts/1300b0aPDevDbg.dag/Unity.Addressables.rsp
[440/756    0s] WriteText Library/Bee/artifacts/1300b0aPDevDbg.dag/Unity.ScriptableBuildPipeline.rsp
[441/756    0s] WriteText Library/Bee/artifacts/1300b0aPDevDbg.dag/Unity.InputSystem.ForUI.rsp
[442/756    0s] WriteText Library/Bee/artifacts/1300b0aPDevDbg.dag/glTFast.dots.rsp
[443/756    0s] WriteText Library/Bee/artifacts/1300b0aPDevDbg.dag/Unity.Animation.Rigging.DocCodeExamples.rsp
[444/756    0s] WriteText Library/Bee/artifacts/1300b0aPDevDbg.dag/Gibi.UI.rsp
[445/756    0s] WriteText Library/Bee/artifacts/1300b0aPDevDbg.dag/Unity.TextMeshPro.rsp
[446/756    0s] WriteText Library/Bee/artifacts/1300b0aPDevDbg.dag/UnityEngine.XR.LegacyInputHelpers.rsp
[447/756    0s] WriteText Library/Bee/artifacts/1300b0aPDevDbg.dag/Unity.XR.OpenXR.Features.ConformanceAutomation.rsp
[448/756    0s] Csc Library/Bee/artifacts/Android_CodeGen/UnityEngine.TestRunner.dll (+2 others)
[           0s] Csc Library/Bee/artifacts/Android_CodeGen/UnityEngine.TestRunner.dll (+2 others) [CacheWrite 00000000000000000000000000000004]
[451/756    0s] Csc Library/Bee/artifacts/Android_CodeGen/UnityEngine.UI.dll (+2 others)
[           0s] Csc Library/Bee/artifacts/Android_CodeGen/UnityEngine.UI.dll (+2 others) [CacheWrite 00000000000000000000000000000004]
[453/756    0s] Csc Library/Bee/artifacts/1300b0aPDevDbg.dag/UnityEngine.UI.dll (+2 others)
[           0s] Csc Library/Bee/artifacts/1300b0aPDevDbg.dag/UnityEngine.UI.dll (+2 others) [CacheWrite 00000000000000000000000000000004]
[462/756    0s] Csc Library/Bee/artifacts/1300b0aPDevDbg.dag/Gibi.Core.dll (+2 others)
[471/756    0s] Csc Library/Bee/artifacts/1300b0aPDevDbg.dag/UnityEngine.SpatialTracking.dll (+2 others)
[           0s] Csc Library/Bee/artifacts/1300b0aPDevDbg.dag/UnityEngine.SpatialTracking.dll (+2 others) [CacheWrite 00000000000000000000000000000004]
[474/756    0s] Csc Library/Bee/artifacts/Android_CodeGen/UnityEditor.TestRunner.dll (+2 others)
[           0s] Csc Library/Bee/artifacts/Android_CodeGen/UnityEditor.TestRunner.dll (+2 others) [CacheWrite 00000000000000000000000000000004]
[477/756    0s] Csc Library/Bee/artifacts/1300b0aPDevDbg.dag/UnityEngine.XR.LegacyInputHelpers.dll (+2 others)
[           0s] Csc Library/Bee/artifacts/1300b0aPDevDbg.dag/UnityEngine.XR.LegacyInputHelpers.dll (+2 others) [CacheWrite 00000000000000000000000000000004]
[478/756    0s] Csc Library/Bee/artifacts/1300b0aPDevDbg.dag/Unity.RenderPipelines.ShaderGraph.ShaderGraphLibrary.dll (+2 others)
[           0s] Csc Library/Bee/artifacts/1300b0aPDevDbg.dag/Unity.RenderPipelines.ShaderGraph.ShaderGraphLibrary.dll (+2 others) [CacheWrite 00000000000000000000000000000004]
[479/756    0s] Csc Library/Bee/artifacts/1300b0aPDevDbg.dag/Unity.ScriptableBuildPipeline.dll (+2 others)
[480/756    1s] Csc Library/Bee/artifacts/1300b0aPDevDbg.dag/Unity.XR.Management.dll (+2 others)
[481/756    1s] Csc Library/Bee/artifacts/1300b0aPDevDbg.dag/Unity.ResourceManager.dll (+2 others)
[           0s] Csc Library/Bee/artifacts/1300b0aPDevDbg.dag/Unity.ScriptableBuildPipeline.dll (+2 others) [CacheWrite 00000000000000000000000000000004]
[           0s] Csc Library/Bee/artifacts/1300b0aPDevDbg.dag/Unity.XR.Management.dll (+2 others) [CacheWrite 00000000000000000000000000000004]
[           0s] Csc Library/Bee/artifacts/1300b0aPDevDbg.dag/Unity.ResourceManager.dll (+2 others) [CacheWrite 00000000000000000000000000000004]
[485/756    0s] Csc Library/Bee/artifacts/Android_CodeGen/UnityEditor.UI.dll (+2 others)
[           0s] Csc Library/Bee/artifacts/Android_CodeGen/UnityEditor.UI.dll (+2 others) [CacheWrite 00000000000000000000000000000004]
[488/756    0s] Csc Library/Bee/artifacts/1300b0aPDevDbg.dag/Unity.RenderPipelines.Universal.Shaders.dll (+2 others)
[           0s] Csc Library/Bee/artifacts/1300b0aPDevDbg.dag/Unity.RenderPipelines.Universal.Shaders.dll (+2 others) [CacheWrite 00000000000000000000000000000004]
[490/756    0s] Csc Library/Bee/artifacts/1300b0aPDevDbg.dag/Unity.Timeline.dll (+2 others)
[           0s] Csc Library/Bee/artifacts/1300b0aPDevDbg.dag/Unity.Timeline.dll (+2 others) [CacheWrite 00000000000000000000000000000004]
[491/756    0s] Csc Library/Bee/artifacts/1300b0aPDevDbg.dag/Unity.RenderPipelines.Core.ShaderLibrary.dll (+2 others)
[           0s] Csc Library/Bee/artifacts/1300b0aPDevDbg.dag/Unity.RenderPipelines.Core.ShaderLibrary.dll (+2 others) [CacheWrite 00000000000000000000000000000004]
[492/756    2s] Csc Library/Bee/artifacts/1300b0aPDevDbg.dag/Unity.Burst.dll (+2 others)
[           0s] Csc Library/Bee/artifacts/1300b0aPDevDbg.dag/Unity.Burst.dll (+2 others) [CacheWrite 00000000000000000000000000000004]
[495/756    1s] Csc Library/Bee/artifacts/1300b0aPDevDbg.dag/Unity.Addressables.dll (+2 others)
[           0s] Csc Library/Bee/artifacts/1300b0aPDevDbg.dag/Unity.Addressables.dll (+2 others) [CacheWrite 00000000000000000000000000000004]
[496/756    1s] Csc Library/Bee/artifacts/1300b0aPDevDbg.dag/Unity.Animation.Rigging.dll (+2 others)
[           0s] Csc Library/Bee/artifacts/1300b0aPDevDbg.dag/Unity.Animation.Rigging.dll (+2 others) [CacheWrite 00000000000000000000000000000004]
[500/756    0s] Csc Library/Bee/artifacts/1300b0aPDevDbg.dag/Unity.Animation.Rigging.DocCodeExamples.dll (+2 others)
[           0s] Csc Library/Bee/artifacts/1300b0aPDevDbg.dag/Unity.Animation.Rigging.DocCodeExamples.dll (+2 others) [CacheWrite 00000000000000000000000000000004]
[501/756    2s] Csc Library/Bee/artifacts/1300b0aPDevDbg.dag/Unity.TextMeshPro.dll (+2 others)
[           0s] Csc Library/Bee/artifacts/1300b0aPDevDbg.dag/Unity.TextMeshPro.dll (+2 others) [CacheWrite 00000000000000000000000000000004]
[502/756    3s] Csc Library/Bee/artifacts/1300b0aPDevDbg.dag/Unity.InputSystem.dll (+2 others)
[           0s] Csc Library/Bee/artifacts/1300b0aPDevDbg.dag/Unity.InputSystem.dll (+2 others) [CacheWrite 00000000000000000000000000000004]
[507/756    0s] Csc Library/Bee/artifacts/1300b0aPDevDbg.dag/Unity.InputSystem.ForUI.dll (+2 others)
[           0s] Csc Library/Bee/artifacts/1300b0aPDevDbg.dag/Unity.InputSystem.ForUI.dll (+2 others) [CacheWrite 00000000000000000000000000000004]
[508/756    0s] Csc Library/Bee/artifacts/1300b0aPDevDbg.dag/Unity.XR.CoreUtils.dll (+2 others)
[           0s] Csc Library/Bee/artifacts/1300b0aPDevDbg.dag/Unity.XR.CoreUtils.dll (+2 others) [CacheWrite 00000000000000000000000000000004]
[510/756    2s] Csc Library/Bee/artifacts/Android_CodeGen/Unity.Burst.dll (+2 others)
[           0s] Csc Library/Bee/artifacts/Android_CodeGen/Unity.Burst.dll (+2 others) [CacheWrite 00000000000000000000000000000004]
[513/756    0s] Csc Library/Bee/artifacts/Android_CodeGen/Unity.Burst.CodeGen.dll (+2 others)
[           0s] Csc Library/Bee/artifacts/Android_CodeGen/Unity.Burst.CodeGen.dll (+2 others) [CacheWrite 00000000000000000000000000000004]
[514/756    4s] Csc Library/Bee/artifacts/1300b0aPDevDbg.dag/Unity.Mathematics.dll (+2 others)
[           0s] Csc Library/Bee/artifacts/1300b0aPDevDbg.dag/Unity.Mathematics.dll (+2 others) [CacheWrite 00000000000000000000000000000004]
[518/756    3s] Csc Library/Bee/artifacts/Android_CodeGen/Unity.Mathematics.dll (+2 others)
[           0s] Csc Library/Bee/artifacts/Android_CodeGen/Unity.Mathematics.dll (+2 others) [CacheWrite 00000000000000000000000000000004]
[521/756    0s] Csc Library/Bee/artifacts/1300b0aPDevDbg.dag/Unity.Collections.dll (+2 others)
[           0s] Csc Library/Bee/artifacts/1300b0aPDevDbg.dag/Unity.Collections.dll (+2 others) [CacheWrite 00000000000000000000000000000004]
[527/756    1s] Csc Library/Bee/artifacts/Android_CodeGen/Unity.Collections.dll (+2 others)
[           0s] Csc Library/Bee/artifacts/Android_CodeGen/Unity.Collections.dll (+2 others) [CacheWrite 00000000000000000000000000000004]
[530/756    0s] Csc Library/Bee/artifacts/Android_CodeGen/Unity.Collections.CodeGen.dll (+2 others)
[           0s] Csc Library/Bee/artifacts/Android_CodeGen/Unity.Collections.CodeGen.dll (+2 others) [CacheWrite 00000000000000000000000000000004]
[531/756    0s] ILPP-Configuration Library/ilpp-configuration.nevergeneratedoutput
[532/756    0s] Csc Library/Bee/artifacts/1300b0aPDevDbg.dag/Unity.Rendering.LightTransport.Runtime.dll (+2 others)
[533/756    0s] Csc Library/Bee/artifacts/1300b0aPDevDbg.dag/Unity.RenderPipelines.Core.Runtime.dll (+2 others)
[           0s] Csc Library/Bee/artifacts/1300b0aPDevDbg.dag/Unity.Rendering.LightTransport.Runtime.dll (+2 others) [CacheWrite 00000000000000000000000000000004]
[           0s] Csc Library/Bee/artifacts/1300b0aPDevDbg.dag/Unity.RenderPipelines.Core.Runtime.dll (+2 others) [CacheWrite 00000000000000000000000000000004]
[536/756    0s] Csc Library/Bee/artifacts/1300b0aPDevDbg.dag/Unity.RenderPipeline.Universal.ShaderLibrary.dll (+2 others)
[           0s] Csc Library/Bee/artifacts/1300b0aPDevDbg.dag/Unity.RenderPipeline.Universal.ShaderLibrary.dll (+2 others) [CacheWrite 00000000000000000000000000000004]
[540/756    0s] ILPostProcess Library/Bee/artifacts/1300b0aPDevDbg.dag/post-processed/Unity.XR.CoreUtils.dll (+pdb)
Processing assembly Library/Bee/artifacts/1300b0aPDevDbg.dag/Unity.XR.CoreUtils.dll, with 142 defines and 192 references
processors: Unity.Jobs.CodeGen.JobsILPostProcessor, zzzUnity.Burst.CodeGen.BurstILPostProcessor
running Unity.Jobs.CodeGen.JobsILPostProcessor
running zzzUnity.Burst.CodeGen.BurstILPostProcessor
[541/756    0s] ILPostProcess Library/Bee/artifacts/1300b0aPDevDbg.dag/post-processed/Unity.InputSystem.ForUI.dll (+pdb)
Processing assembly Library/Bee/artifacts/1300b0aPDevDbg.dag/Unity.InputSystem.ForUI.dll, with 136 defines and 191 references
processors: Unity.Jobs.CodeGen.JobsILPostProcessor, zzzUnity.Burst.CodeGen.BurstILPostProcessor
running Unity.Jobs.CodeGen.JobsILPostProcessor
running zzzUnity.Burst.CodeGen.BurstILPostProcessor
[542/756    0s] ILPostProcess Library/Bee/artifacts/1300b0aPDevDbg.dag/post-processed/Unity.Timeline.dll (+pdb)
Processing assembly Library/Bee/artifacts/1300b0aPDevDbg.dag/Unity.Timeline.dll, with 137 defines and 190 references
processors: Unity.Jobs.CodeGen.JobsILPostProcessor, zzzUnity.Burst.CodeGen.BurstILPostProcessor
running Unity.Jobs.CodeGen.JobsILPostProcessor
running zzzUnity.Burst.CodeGen.BurstILPostProcessor
[543/756    0s] ILPostProcess Library/Bee/artifacts/1300b0aPDevDbg.dag/post-processed/Unity.RenderPipelines.Core.ShaderLibrary.dll (+pdb)
Processing assembly Library/Bee/artifacts/1300b0aPDevDbg.dag/Unity.RenderPipelines.Core.ShaderLibrary.dll, with 136 defines and 190 references
processors: Unity.Jobs.CodeGen.JobsILPostProcessor, zzzUnity.Burst.CodeGen.BurstILPostProcessor
running Unity.Jobs.CodeGen.JobsILPostProcessor
running zzzUnity.Burst.CodeGen.BurstILPostProcessor
[544/756    0s] ILPostProcess Library/Bee/artifacts/1300b0aPDevDbg.dag/post-processed/UnityEngine.UI.dll (+pdb)
Processing assembly Library/Bee/artifacts/1300b0aPDevDbg.dag/UnityEngine.UI.dll, with 140 defines and 189 references
processors: Unity.Jobs.CodeGen.JobsILPostProcessor, zzzUnity.Burst.CodeGen.BurstILPostProcessor
running Unity.Jobs.CodeGen.JobsILPostProcessor
running zzzUnity.Burst.CodeGen.BurstILPostProcessor
[545/756    0s] ILPostProcess Library/Bee/artifacts/1300b0aPDevDbg.dag/post-processed/Unity.Burst.dll (+pdb)
Processing assembly Library/Bee/artifacts/1300b0aPDevDbg.dag/Unity.Burst.dll, with 136 defines and 185 references
processors: Unity.Jobs.CodeGen.JobsILPostProcessor, zzzUnity.Burst.CodeGen.BurstILPostProcessor
running Unity.Jobs.CodeGen.JobsILPostProcessor
running zzzUnity.Burst.CodeGen.BurstILPostProcessor
[546/756    0s] Csc Library/Bee/artifacts/1300b0aPDevDbg.dag/Unity.RenderPipelines.Core.Runtime.Shared.dll (+2 others)
[           0s] Csc Library/Bee/artifacts/1300b0aPDevDbg.dag/Unity.RenderPipelines.Core.Runtime.Shared.dll (+2 others) [CacheWrite 00000000000000000000000000000004]
[549/756    0s] Csc Library/Bee/artifacts/1300b0aPDevDbg.dag/Unity.RenderPipelines.Universal.Config.Runtime.dll (+2 others)
[550/756    0s] ILPostProcess Library/Bee/artifacts/1300b0aPDevDbg.dag/post-processed/Unity.ScriptableBuildPipeline.dll (+pdb)
Processing assembly Library/Bee/artifacts/1300b0aPDevDbg.dag/Unity.ScriptableBuildPipeline.dll, with 136 defines and 190 references
processors: Unity.Jobs.CodeGen.JobsILPostProcessor, zzzUnity.Burst.CodeGen.BurstILPostProcessor
running Unity.Jobs.CodeGen.JobsILPostProcessor
running zzzUnity.Burst.CodeGen.BurstILPostProcessor
[551/756    0s] ILPostProcess Library/Bee/artifacts/1300b0aPDevDbg.dag/post-processed/Unity.RenderPipelines.Core.Runtime.Shared.dll (+pdb)
Processing assembly Library/Bee/artifacts/1300b0aPDevDbg.dag/Unity.RenderPipelines.Core.Runtime.Shared.dll, with 136 defines and 191 references
processors: Unity.Jobs.CodeGen.JobsILPostProcessor, zzzUnity.Burst.CodeGen.BurstILPostProcessor
running Unity.Jobs.CodeGen.JobsILPostProcessor
running zzzUnity.Burst.CodeGen.BurstILPostProcessor
[           0s] Csc Library/Bee/artifacts/1300b0aPDevDbg.dag/Unity.RenderPipelines.Universal.Config.Runtime.dll (+2 others) [CacheWrite 00000000000000000000000000000004]
[553/756    0s] ILPostProcess Library/Bee/artifacts/1300b0aPDevDbg.dag/post-processed/Unity.Rendering.LightTransport.Runtime.dll (+pdb)
Processing assembly Library/Bee/artifacts/1300b0aPDevDbg.dag/Unity.Rendering.LightTransport.Runtime.dll, with 136 defines and 193 references
processors: Unity.Jobs.CodeGen.JobsILPostProcessor, zzzUnity.Burst.CodeGen.BurstILPostProcessor
running Unity.Jobs.CodeGen.JobsILPostProcessor
running zzzUnity.Burst.CodeGen.BurstILPostProcessor
[554/756    0s] ILPostProcess Library/Bee/artifacts/1300b0aPDevDbg.dag/post-processed/Unity.RenderPipeline.Universal.ShaderLibrary.dll (+pdb)
Processing assembly Library/Bee/artifacts/1300b0aPDevDbg.dag/Unity.RenderPipeline.Universal.ShaderLibrary.dll, with 136 defines and 191 references
processors: Unity.Jobs.CodeGen.JobsILPostProcessor, zzzUnity.Burst.CodeGen.BurstILPostProcessor
running Unity.Jobs.CodeGen.JobsILPostProcessor
running zzzUnity.Burst.CodeGen.BurstILPostProcessor
[555/756    0s] Csc Library/Bee/artifacts/1300b0aPDevDbg.dag/Unity.RenderPipelines.GPUDriven.Runtime.dll (+2 others)
[556/756    0s] ILPostProcess Library/Bee/artifacts/1300b0aPDevDbg.dag/post-processed/Unity.Animation.Rigging.DocCodeExamples.dll (+pdb)
Processing assembly Library/Bee/artifacts/1300b0aPDevDbg.dag/Unity.Animation.Rigging.DocCodeExamples.dll, with 136 defines and 185 references
processors: Unity.Jobs.CodeGen.JobsILPostProcessor, zzzUnity.Burst.CodeGen.BurstILPostProcessor
running Unity.Jobs.CodeGen.JobsILPostProcessor
running zzzUnity.Burst.CodeGen.BurstILPostProcessor
[557/756    0s] ILPostProcess Library/Bee/artifacts/1300b0aPDevDbg.dag/post-processed/Unity.RenderPipelines.Universal.Config.Runtime.dll (+pdb)
Processing assembly Library/Bee/artifacts/1300b0aPDevDbg.dag/Unity.RenderPipelines.Universal.Config.Runtime.dll, with 136 defines and 191 references
processors: Unity.Jobs.CodeGen.JobsILPostProcessor, zzzUnity.Burst.CodeGen.BurstILPostProcessor
running Unity.Jobs.CodeGen.JobsILPostProcessor
running zzzUnity.Burst.CodeGen.BurstILPostProcessor
[558/756    0s] ILPostProcess Library/Bee/artifacts/1300b0aPDevDbg.dag/post-processed/Unity.ResourceManager.dll (+pdb)
Processing assembly Library/Bee/artifacts/1300b0aPDevDbg.dag/Unity.ResourceManager.dll, with 137 defines and 190 references
processors: Unity.Jobs.CodeGen.JobsILPostProcessor, zzzUnity.Burst.CodeGen.BurstILPostProcessor
running Unity.Jobs.CodeGen.JobsILPostProcessor
running zzzUnity.Burst.CodeGen.BurstILPostProcessor
[           0s] Csc Library/Bee/artifacts/1300b0aPDevDbg.dag/Unity.RenderPipelines.GPUDriven.Runtime.dll (+2 others) [CacheWrite 00000000000000000000000000000004]
[560/756    0s] ILPostProcess Library/Bee/artifacts/1300b0aPDevDbg.dag/post-processed/Unity.Addressables.dll (+pdb)
Processing assembly Library/Bee/artifacts/1300b0aPDevDbg.dag/Unity.Addressables.dll, with 136 defines and 191 references
processors: Unity.Jobs.CodeGen.JobsILPostProcessor, zzzUnity.Burst.CodeGen.BurstILPostProcessor
running Unity.Jobs.CodeGen.JobsILPostProcessor
running zzzUnity.Burst.CodeGen.BurstILPostProcessor
[561/756    0s] ILPostProcess Library/Bee/artifacts/1300b0aPDevDbg.dag/post-processed/Unity.RenderPipelines.Universal.Shaders.dll (+pdb)
Processing assembly Library/Bee/artifacts/1300b0aPDevDbg.dag/Unity.RenderPipelines.Universal.Shaders.dll, with 136 defines and 190 references
processors: Unity.Jobs.CodeGen.JobsILPostProcessor, zzzUnity.Burst.CodeGen.BurstILPostProcessor
running Unity.Jobs.CodeGen.JobsILPostProcessor
running zzzUnity.Burst.CodeGen.BurstILPostProcessor
[563/756    0s] ILPostProcess Library/Bee/artifacts/1300b0aPDevDbg.dag/post-processed/Unity.Mathematics.dll (+pdb)
Processing assembly Library/Bee/artifacts/1300b0aPDevDbg.dag/Unity.Mathematics.dll, with 136 defines and 190 references
processors: Unity.Jobs.CodeGen.JobsILPostProcessor, zzzUnity.Burst.CodeGen.BurstILPostProcessor
running Unity.Jobs.CodeGen.JobsILPostProcessor
running zzzUnity.Burst.CodeGen.BurstILPostProcessor
[564/756    0s] ILPostProcess Library/Bee/artifacts/1300b0aPDevDbg.dag/post-processed/Unity.RenderPipelines.Core.Runtime.dll (+pdb)
Processing assembly Library/Bee/artifacts/1300b0aPDevDbg.dag/Unity.RenderPipelines.Core.Runtime.dll, with 139 defines and 194 references
processors: Unity.Jobs.CodeGen.JobsILPostProcessor, zzzUnity.Burst.CodeGen.BurstILPostProcessor
running Unity.Jobs.CodeGen.JobsILPostProcessor
running zzzUnity.Burst.CodeGen.BurstILPostProcessor
[565/756    0s] ILPostProcess Library/Bee/artifacts/1300b0aPDevDbg.dag/post-processed/Unity.InputSystem.dll (+pdb)
Processing assembly Library/Bee/artifacts/1300b0aPDevDbg.dag/Unity.InputSystem.dll, with 147 defines and 190 references
processors: Unity.Jobs.CodeGen.JobsILPostProcessor, zzzUnity.Burst.CodeGen.BurstILPostProcessor
running Unity.Jobs.CodeGen.JobsILPostProcessor
running zzzUnity.Burst.CodeGen.BurstILPostProcessor
[566/756    0s] ILPostProcess Library/Bee/artifacts/1300b0aPDevDbg.dag/post-processed/Unity.TextMeshPro.dll (+pdb)
Processing assembly Library/Bee/artifacts/1300b0aPDevDbg.dag/Unity.TextMeshPro.dll, with 137 defines and 190 references
processors: Unity.Jobs.CodeGen.JobsILPostProcessor, zzzUnity.Burst.CodeGen.BurstILPostProcessor
running Unity.Jobs.CodeGen.JobsILPostProcessor
running zzzUnity.Burst.CodeGen.BurstILPostProcessor
[567/756    0s] ILPostProcess Library/Bee/artifacts/1300b0aPDevDbg.dag/post-processed/Gibi.Core.dll (+pdb)
Processing assembly Library/Bee/artifacts/1300b0aPDevDbg.dag/Gibi.Core.dll, with 136 defines and 190 references
processors: Unity.Jobs.CodeGen.JobsILPostProcessor, zzzUnity.Burst.CodeGen.BurstILPostProcessor
running Unity.Jobs.CodeGen.JobsILPostProcessor
running zzzUnity.Burst.CodeGen.BurstILPostProcessor
[568/756    0s] ILPostProcess Library/Bee/artifacts/1300b0aPDevDbg.dag/post-processed/Unity.RenderPipelines.ShaderGraph.ShaderGraphLibrary.dll (+pdb)
Processing assembly Library/Bee/artifacts/1300b0aPDevDbg.dag/Unity.RenderPipelines.ShaderGraph.ShaderGraphLibrary.dll, with 136 defines and 190 references
processors: Unity.Jobs.CodeGen.JobsILPostProcessor, zzzUnity.Burst.CodeGen.BurstILPostProcessor
running Unity.Jobs.CodeGen.JobsILPostProcessor
running zzzUnity.Burst.CodeGen.BurstILPostProcessor
[569/756    0s] ILPostProcess Library/Bee/artifacts/1300b0aPDevDbg.dag/post-processed/Unity.Animation.Rigging.dll (+pdb)
Processing assembly Library/Bee/artifacts/1300b0aPDevDbg.dag/Unity.Animation.Rigging.dll, with 136 defines and 191 references
processors: Unity.Jobs.CodeGen.JobsILPostProcessor, zzzUnity.Burst.CodeGen.BurstILPostProcessor
running Unity.Jobs.CodeGen.JobsILPostProcessor
running zzzUnity.Burst.CodeGen.BurstILPostProcessor
[570/756    0s] CopyFiles Library/Bee/PlayerScriptAssemblies/Unity.Animation.Rigging.DocCodeExamples.dll
[571/756    0s] CopyFiles Library/Bee/PlayerScriptAssemblies/Unity.RenderPipelines.ShaderGraph.ShaderGraphLibrary.dll
[572/756    0s] CopyFiles Library/Bee/PlayerScriptAssemblies/Gibi.Core.dll
[573/756    0s] CopyFiles Library/Bee/PlayerScriptAssemblies/Unity.RenderPipelines.Core.ShaderLibrary.dll
[574/756    0s] CopyFiles Library/Bee/PlayerScriptAssemblies/Unity.XR.CoreUtils.dll
[575/756    0s] CopyFiles Library/Bee/PlayerScriptAssemblies/Unity.TextMeshPro.dll
[576/756    0s] CopyFiles Library/Bee/PlayerScriptAssemblies/Unity.RenderPipeline.Universal.ShaderLibrary.dll
[577/756    0s] CopyFiles Library/Bee/PlayerScriptAssemblies/Unity.InputSystem.dll
[578/756    0s] CopyFiles Library/Bee/PlayerScriptAssemblies/Unity.RenderPipelines.Core.Runtime.dll
[579/756    0s] CopyFiles Library/Bee/PlayerScriptAssemblies/Unity.InputSystem.ForUI.dll
[580/756    0s] CopyFiles Library/Bee/PlayerScriptAssemblies/Unity.Mathematics.dll
[581/756    0s] CopyFiles Library/Bee/PlayerScriptAssemblies/Unity.Animation.Rigging.dll
[582/756    0s] CopyFiles Library/Bee/PlayerScriptAssemblies/UnityEngine.UI.dll
[583/756    0s] CopyFiles Library/Bee/PlayerScriptAssemblies/Unity.RenderPipelines.Universal.Shaders.dll
[584/756    0s] CopyFiles Library/Bee/PlayerScriptAssemblies/Unity.Rendering.LightTransport.Runtime.dll
[585/756    0s] CopyFiles Library/Bee/PlayerScriptAssemblies/Unity.Timeline.dll
[586/756    0s] CopyFiles Library/Bee/PlayerScriptAssemblies/Unity.Burst.dll
[587/756    0s] CopyFiles Library/Bee/PlayerScriptAssemblies/Unity.Addressables.dll
[588/756    0s] CopyFiles Library/Bee/PlayerScriptAssemblies/Unity.RenderPipelines.Core.Runtime.Shared.dll
[589/756    0s] CopyFiles Library/Bee/PlayerScriptAssemblies/Unity.RenderPipelines.Universal.Config.Runtime.dll
[590/756    0s] CopyFiles Library/Bee/PlayerScriptAssemblies/Unity.ScriptableBuildPipeline.dll
[591/756    0s] CopyFiles Library/Bee/PlayerScriptAssemblies/Unity.Animation.Rigging.pdb
[592/756    0s] CopyFiles Library/Bee/PlayerScriptAssemblies/Unity.ResourceManager.dll
[593/756    0s] CopyFiles Library/Bee/PlayerScriptAssemblies/Unity.RenderPipelines.ShaderGraph.ShaderGraphLibrary.pdb
[594/756    0s] CopyFiles Library/Bee/PlayerScriptAssemblies/Gibi.Core.pdb
[595/756    0s] CopyFiles Library/Bee/PlayerScriptAssemblies/Unity.TextMeshPro.pdb
[596/756    0s] CopyFiles Library/Bee/PlayerScriptAssemblies/Unity.InputSystem.pdb
[597/756    0s] CopyFiles Library/Bee/PlayerScriptAssemblies/Unity.RenderPipelines.Core.Runtime.pdb
[598/756    0s] CopyFiles Library/Bee/PlayerScriptAssemblies/Unity.Mathematics.pdb
[599/756    0s] CopyFiles Library/Bee/PlayerScriptAssemblies/Unity.RenderPipelines.Universal.Shaders.pdb
[600/756    0s] CopyFiles Library/Bee/PlayerScriptAssemblies/Unity.Addressables.pdb
[601/756    0s] CopyFiles Library/Bee/PlayerScriptAssemblies/Unity.RenderPipelines.Universal.Config.Runtime.pdb
[602/756    0s] CopyFiles Library/Bee/PlayerScriptAssemblies/Unity.ResourceManager.pdb
[603/756    0s] CopyFiles Library/Bee/PlayerScriptAssemblies/Unity.Animation.Rigging.DocCodeExamples.pdb
[604/756    0s] CopyFiles Library/Bee/PlayerScriptAssemblies/Unity.RenderPipeline.Universal.ShaderLibrary.pdb
[605/756    0s] CopyFiles Library/Bee/PlayerScriptAssemblies/Unity.Rendering.LightTransport.Runtime.pdb
[606/756    0s] CopyFiles Library/Bee/PlayerScriptAssemblies/Unity.RenderPipelines.Core.Runtime.Shared.pdb
[607/756    0s] CopyFiles Library/Bee/PlayerScriptAssemblies/Unity.ScriptableBuildPipeline.pdb
[608/756    0s] CopyFiles Library/Bee/PlayerScriptAssemblies/UnityEngine.UI.pdb
[609/756    0s] CopyFiles Library/Bee/PlayerScriptAssemblies/Unity.Burst.pdb
[610/756    0s] CopyFiles Library/Bee/PlayerScriptAssemblies/Unity.RenderPipelines.Core.ShaderLibrary.pdb
[611/756    0s] CopyFiles Library/Bee/PlayerScriptAssemblies/Unity.Timeline.pdb
[612/756    0s] CopyFiles Library/Bee/PlayerScriptAssemblies/Unity.InputSystem.ForUI.pdb
[613/756    0s] CopyFiles Library/Bee/PlayerScriptAssemblies/Unity.XR.CoreUtils.pdb
[614/756    0s] ILPostProcess Library/Bee/artifacts/1300b0aPDevDbg.dag/post-processed/UnityEngine.XR.LegacyInputHelpers.dll (+pdb)
Processing assembly Library/Bee/artifacts/1300b0aPDevDbg.dag/UnityEngine.XR.LegacyInputHelpers.dll, with 136 defines and 191 references
processors: Unity.Jobs.CodeGen.JobsILPostProcessor, zzzUnity.Burst.CodeGen.BurstILPostProcessor
running Unity.Jobs.CodeGen.JobsILPostProcessor
running zzzUnity.Burst.CodeGen.BurstILPostProcessor
[615/756    0s] ILPostProcess Library/Bee/artifacts/1300b0aPDevDbg.dag/post-processed/UnityEngine.SpatialTracking.dll (+pdb)
Processing assembly Library/Bee/artifacts/1300b0aPDevDbg.dag/UnityEngine.SpatialTracking.dll, with 136 defines and 190 references
processors: Unity.Jobs.CodeGen.JobsILPostProcessor, zzzUnity.Burst.CodeGen.BurstILPostProcessor
running Unity.Jobs.CodeGen.JobsILPostProcessor
running zzzUnity.Burst.CodeGen.BurstILPostProcessor
[616/756    0s] ILPostProcess Library/Bee/artifacts/1300b0aPDevDbg.dag/post-processed/Unity.XR.Management.dll (+pdb)
Processing assembly Library/Bee/artifacts/1300b0aPDevDbg.dag/Unity.XR.Management.dll, with 137 defines and 190 references
processors: Unity.Jobs.CodeGen.JobsILPostProcessor, zzzUnity.Burst.CodeGen.BurstILPostProcessor
running Unity.Jobs.CodeGen.JobsILPostProcessor
running zzzUnity.Burst.CodeGen.BurstILPostProcessor
[617/756    0s] CopyFiles Library/Bee/PlayerScriptAssemblies/UnityEngine.XR.LegacyInputHelpers.pdb
[618/756    0s] CopyFiles Library/Bee/PlayerScriptAssemblies/UnityEngine.XR.LegacyInputHelpers.dll
[619/756    0s] CopyFiles Library/Bee/PlayerScriptAssemblies/Unity.XR.Management.pdb
[620/756    0s] CopyFiles Library/Bee/PlayerScriptAssemblies/Unity.XR.Management.dll
[621/756    0s] CopyFiles Library/Bee/PlayerScriptAssemblies/UnityEngine.SpatialTracking.dll
[622/756    0s] CopyFiles Library/Bee/PlayerScriptAssemblies/UnityEngine.SpatialTracking.pdb
[623/756    0s] ILPostProcess Library/Bee/artifacts/1300b0aPDevDbg.dag/post-processed/Unity.RenderPipelines.GPUDriven.Runtime.dll (+pdb)
Processing assembly Library/Bee/artifacts/1300b0aPDevDbg.dag/Unity.RenderPipelines.GPUDriven.Runtime.dll, with 136 defines and 194 references
processors: Unity.Jobs.CodeGen.JobsILPostProcessor, zzzUnity.Burst.CodeGen.BurstILPostProcessor
running Unity.Jobs.CodeGen.JobsILPostProcessor
running zzzUnity.Burst.CodeGen.BurstILPostProcessor
[624/756    0s] CopyFiles Library/Bee/PlayerScriptAssemblies/Unity.RenderPipelines.GPUDriven.Runtime.pdb
[625/756    0s] CopyFiles Library/Bee/PlayerScriptAssemblies/Unity.RenderPipelines.GPUDriven.Runtime.dll
[626/756    0s] Csc Library/Bee/artifacts/1300b0aPDevDbg.dag/Unity.RenderPipelines.Universal.Runtime.dll (+2 others)
[           0s] Csc Library/Bee/artifacts/1300b0aPDevDbg.dag/Unity.RenderPipelines.Universal.Runtime.dll (+2 others) [CacheWrite 00000000000000000000000000000004]
[632/756    0s] ILPostProcess Library/Bee/artifacts/1300b0aPDevDbg.dag/post-processed/Unity.Collections.dll (+pdb)
Processing assembly Library/Bee/artifacts/1300b0aPDevDbg.dag/Unity.Collections.dll, with 138 defines and 192 references
processors: Unity.Jobs.CodeGen.JobsILPostProcessor, zzzUnity.Burst.CodeGen.BurstILPostProcessor
running Unity.Jobs.CodeGen.JobsILPostProcessor
running zzzUnity.Burst.CodeGen.BurstILPostProcessor
[633/756    0s] CopyFiles Library/Bee/PlayerScriptAssemblies/Unity.Collections.pdb
[634/756    0s] CopyFiles Library/Bee/PlayerScriptAssemblies/Unity.Collections.dll
[635/756    0s] ILPostProcess Library/Bee/artifacts/1300b0aPDevDbg.dag/post-processed/Unity.RenderPipelines.Universal.Runtime.dll (+pdb)
Processing assembly Library/Bee/artifacts/1300b0aPDevDbg.dag/Unity.RenderPipelines.Universal.Runtime.dll, with 141 defines and 197 references
processors: Unity.Jobs.CodeGen.JobsILPostProcessor, zzzUnity.Burst.CodeGen.BurstILPostProcessor
running Unity.Jobs.CodeGen.JobsILPostProcessor
running zzzUnity.Burst.CodeGen.BurstILPostProcessor
[636/756    0s] CopyFiles Library/Bee/PlayerScriptAssemblies/Unity.RenderPipelines.Universal.Runtime.dll
[637/756    0s] CopyFiles Library/Bee/PlayerScriptAssemblies/Unity.RenderPipelines.Universal.Runtime.pdb
[638/756    0s] Csc Library/Bee/artifacts/1300b0aPDevDbg.dag/Unity.RenderPipelines.Universal.2D.Runtime.dll (+2 others)
[639/756    0s] Csc Library/Bee/artifacts/1300b0aPDevDbg.dag/Unity.XR.OpenXR.dll (+2 others)
[640/756    0s] Csc Library/Bee/artifacts/1300b0aPDevDbg.dag/glTFast.dll (+2 others)
[           0s] Csc Library/Bee/artifacts/1300b0aPDevDbg.dag/Unity.RenderPipelines.Universal.2D.Runtime.dll (+2 others) [CacheWrite 00000000000000000000000000000004]
[           0s] Csc Library/Bee/artifacts/1300b0aPDevDbg.dag/glTFast.dll (+2 others) [CacheWrite 00000000000000000000000000000004]
[           0s] Csc Library/Bee/artifacts/1300b0aPDevDbg.dag/Unity.XR.OpenXR.dll (+2 others) [CacheWrite 00000000000000000000000000000004]
[643/756    0s] Csc Library/Bee/artifacts/1300b0aPDevDbg.dag/Gibi.AssetRuntime.dll (+2 others)
[646/756    0s] Csc Library/Bee/artifacts/1300b0aPDevDbg.dag/glTFast.Newtonsoft.dll (+2 others)
[647/756    0s] ILPostProcess Library/Bee/artifacts/1300b0aPDevDbg.dag/post-processed/Unity.XR.OpenXR.dll (+pdb)
Processing assembly Library/Bee/artifacts/1300b0aPDevDbg.dag/Unity.XR.OpenXR.dll, with 140 defines and 193 references
processors: Unity.Jobs.CodeGen.JobsILPostProcessor, zzzUnity.Burst.CodeGen.BurstILPostProcessor
running Unity.Jobs.CodeGen.JobsILPostProcessor
running zzzUnity.Burst.CodeGen.BurstILPostProcessor
[           0s] Csc Library/Bee/artifacts/1300b0aPDevDbg.dag/glTFast.Newtonsoft.dll (+2 others) [CacheWrite 00000000000000000000000000000004]
[648/756    0s] Csc Library/Bee/artifacts/1300b0aPDevDbg.dag/glTFast.dots.dll (+2 others)
[           0s] Csc Library/Bee/artifacts/1300b0aPDevDbg.dag/glTFast.dots.dll (+2 others) [CacheWrite 00000000000000000000000000000004]
[651/756    0s] Csc Library/Bee/artifacts/1300b0aPDevDbg.dag/Unity.XR.OpenXR.Features.MetaQuestSupport.dll (+2 others)
[           0s] Csc Library/Bee/artifacts/1300b0aPDevDbg.dag/Unity.XR.OpenXR.Features.MetaQuestSupport.dll (+2 others) [CacheWrite 00000000000000000000000000000004]
[654/756    0s] Csc Library/Bee/artifacts/1300b0aPDevDbg.dag/Unity.XR.OpenXR.Features.MockRuntime.dll (+2 others)
[           0s] Csc Library/Bee/artifacts/1300b0aPDevDbg.dag/Unity.XR.OpenXR.Features.MockRuntime.dll (+2 others) [CacheWrite 00000000000000000000000000000004]
[657/756    0s] Csc Library/Bee/artifacts/1300b0aPDevDbg.dag/Gibi.Pets.dll (+2 others)
[658/756    0s] Csc Library/Bee/artifacts/1300b0aPDevDbg.dag/Unity.XR.OpenXR.Features.RuntimeDebugger.dll (+2 others)
[659/756    0s] Csc Library/Bee/artifacts/1300b0aPDevDbg.dag/Unity.XR.OpenXR.Features.OculusQuestSupport.dll (+2 others)
[           0s] Csc Library/Bee/artifacts/1300b0aPDevDbg.dag/Unity.XR.OpenXR.Features.RuntimeDebugger.dll (+2 others) [CacheWrite 00000000000000000000000000000004]
[           0s] Csc Library/Bee/artifacts/1300b0aPDevDbg.dag/Unity.XR.OpenXR.Features.OculusQuestSupport.dll (+2 others) [CacheWrite 00000000000000000000000000000004]
[660/756    0s] ILPostProcess Library/Bee/artifacts/1300b0aPDevDbg.dag/post-processed/Unity.RenderPipelines.Universal.2D.Runtime.dll (+pdb)
Processing assembly Library/Bee/artifacts/1300b0aPDevDbg.dag/Unity.RenderPipelines.Universal.2D.Runtime.dll, with 138 defines and 195 references
processors: Unity.Jobs.CodeGen.JobsILPostProcessor, zzzUnity.Burst.CodeGen.BurstILPostProcessor
running Unity.Jobs.CodeGen.JobsILPostProcessor
running zzzUnity.Burst.CodeGen.BurstILPostProcessor
[661/756    0s] ILPostProcess Library/Bee/artifacts/1300b0aPDevDbg.dag/post-processed/glTFast.dll (+pdb)
Processing assembly Library/Bee/artifacts/1300b0aPDevDbg.dag/glTFast.dll, with 145 defines and 194 references
processors: Unity.Jobs.CodeGen.JobsILPostProcessor, zzzUnity.Burst.CodeGen.BurstILPostProcessor
running Unity.Jobs.CodeGen.JobsILPostProcessor
running zzzUnity.Burst.CodeGen.BurstILPostProcessor
[662/756    0s] Csc Library/Bee/artifacts/1300b0aPDevDbg.dag/Unity.XR.OpenXR.TestTooling.dll (+2 others)
[           0s] Csc Library/Bee/artifacts/1300b0aPDevDbg.dag/Unity.XR.OpenXR.TestTooling.dll (+2 others) [CacheWrite 00000000000000000000000000000004]
[663/756    0s] Csc Library/Bee/artifacts/1300b0aPDevDbg.dag/Unity.XR.OpenXR.Features.ConformanceAutomation.dll (+2 others)
[           0s] Csc Library/Bee/artifacts/1300b0aPDevDbg.dag/Unity.XR.OpenXR.Features.ConformanceAutomation.dll (+2 others) [CacheWrite 00000000000000000000000000000004]
[664/756    0s] Csc Library/Bee/artifacts/1300b0aPDevDbg.dag/Unity.XR.ARSubsystems.dll (+2 others)
[           0s] Csc Library/Bee/artifacts/1300b0aPDevDbg.dag/Unity.XR.ARSubsystems.dll (+2 others) [CacheWrite 00000000000000000000000000000004]
[667/756    0s] Csc Library/Bee/artifacts/1300b0aPDevDbg.dag/glTFast.Export.dll (+2 others)
[           0s] Csc Library/Bee/artifacts/1300b0aPDevDbg.dag/glTFast.Export.dll (+2 others) [CacheWrite 00000000000000000000000000000004]
[669/756    0s] ILPostProcess Library/Bee/artifacts/1300b0aPDevDbg.dag/post-processed/Unity.XR.OpenXR.Features.RuntimeDebugger.dll (+pdb)
Processing assembly Library/Bee/artifacts/1300b0aPDevDbg.dag/Unity.XR.OpenXR.Features.RuntimeDebugger.dll, with 136 defines and 185 references
processors: Unity.Jobs.CodeGen.JobsILPostProcessor, zzzUnity.Burst.CodeGen.BurstILPostProcessor
running Unity.Jobs.CodeGen.JobsILPostProcessor
running zzzUnity.Burst.CodeGen.BurstILPostProcessor
[670/756    0s] ILPostProcess Library/Bee/artifacts/1300b0aPDevDbg.dag/post-processed/Unity.XR.OpenXR.Features.OculusQuestSupport.dll (+pdb)
Processing assembly Library/Bee/artifacts/1300b0aPDevDbg.dag/Unity.XR.OpenXR.Features.OculusQuestSupport.dll, with 136 defines and 192 references
processors: Unity.Jobs.CodeGen.JobsILPostProcessor, zzzUnity.Burst.CodeGen.BurstILPostProcessor
running Unity.Jobs.CodeGen.JobsILPostProcessor
running zzzUnity.Burst.CodeGen.BurstILPostProcessor
[671/756    0s] ILPostProcess Library/Bee/artifacts/1300b0aPDevDbg.dag/post-processed/Gibi.Pets.dll (+pdb)
Processing assembly Library/Bee/artifacts/1300b0aPDevDbg.dag/Gibi.Pets.dll, with 136 defines and 193 references
processors: Unity.Jobs.CodeGen.JobsILPostProcessor, zzzUnity.Burst.CodeGen.BurstILPostProcessor
running Unity.Jobs.CodeGen.JobsILPostProcessor
running zzzUnity.Burst.CodeGen.BurstILPostProcessor
[672/756    0s] ILPostProcess Library/Bee/artifacts/1300b0aPDevDbg.dag/post-processed/Unity.XR.OpenXR.TestTooling.dll (+pdb)
Processing assembly Library/Bee/artifacts/1300b0aPDevDbg.dag/Unity.XR.OpenXR.TestTooling.dll, with 136 defines and 187 references
processors: Unity.Jobs.CodeGen.JobsILPostProcessor, zzzUnity.Burst.CodeGen.BurstILPostProcessor
running Unity.Jobs.CodeGen.JobsILPostProcessor
running zzzUnity.Burst.CodeGen.BurstILPostProcessor
[673/756    0s] ILPostProcess Library/Bee/artifacts/1300b0aPDevDbg.dag/post-processed/Unity.XR.OpenXR.Features.MockRuntime.dll (+pdb)
Processing assembly Library/Bee/artifacts/1300b0aPDevDbg.dag/Unity.XR.OpenXR.Features.MockRuntime.dll, with 136 defines and 186 references
processors: Unity.Jobs.CodeGen.JobsILPostProcessor, zzzUnity.Burst.CodeGen.BurstILPostProcessor
running Unity.Jobs.CodeGen.JobsILPostProcessor
running zzzUnity.Burst.CodeGen.BurstILPostProcessor
[674/756    0s] ILPostProcess Library/Bee/artifacts/1300b0aPDevDbg.dag/post-processed/Unity.XR.OpenXR.Features.ConformanceAutomation.dll (+pdb)
Processing assembly Library/Bee/artifacts/1300b0aPDevDbg.dag/Unity.XR.OpenXR.Features.ConformanceAutomation.dll, with 136 defines and 191 references
processors: Unity.Jobs.CodeGen.JobsILPostProcessor, zzzUnity.Burst.CodeGen.BurstILPostProcessor
running Unity.Jobs.CodeGen.JobsILPostProcessor
running zzzUnity.Burst.CodeGen.BurstILPostProcessor
[675/756    0s] Csc Library/Bee/artifacts/1300b0aPDevDbg.dag/glTFast.Documentation.Examples.dll (+2 others)
[676/756    0s] ILPostProcess Library/Bee/artifacts/1300b0aPDevDbg.dag/post-processed/glTFast.Export.dll (+pdb)
Processing assembly Library/Bee/artifacts/1300b0aPDevDbg.dag/glTFast.Export.dll, with 140 defines and 195 references
processors: Unity.Jobs.CodeGen.JobsILPostProcessor, zzzUnity.Burst.CodeGen.BurstILPostProcessor
running Unity.Jobs.CodeGen.JobsILPostProcessor
running zzzUnity.Burst.CodeGen.BurstILPostProcessor
[           0s] Csc Library/Bee/artifacts/1300b0aPDevDbg.dag/glTFast.Documentation.Examples.dll (+2 others) [CacheWrite 00000000000000000000000000000004]
[677/756    0s] ILPostProcess Library/Bee/artifacts/1300b0aPDevDbg.dag/post-processed/Unity.XR.ARSubsystems.dll (+pdb)
Processing assembly Library/Bee/artifacts/1300b0aPDevDbg.dag/Unity.XR.ARSubsystems.dll, with 138 defines and 193 references
processors: Unity.Jobs.CodeGen.JobsILPostProcessor, zzzUnity.Burst.CodeGen.BurstILPostProcessor
running Unity.Jobs.CodeGen.JobsILPostProcessor
running zzzUnity.Burst.CodeGen.BurstILPostProcessor
[678/756    0s] ILPostProcess Library/Bee/artifacts/1300b0aPDevDbg.dag/post-processed/glTFast.dots.dll (+pdb)
Processing assembly Library/Bee/artifacts/1300b0aPDevDbg.dag/glTFast.dots.dll, with 137 defines and 194 references
processors: Unity.Jobs.CodeGen.JobsILPostProcessor, zzzUnity.Burst.CodeGen.BurstILPostProcessor
running Unity.Jobs.CodeGen.JobsILPostProcessor
running zzzUnity.Burst.CodeGen.BurstILPostProcessor
[679/756    0s] CopyFiles Library/Bee/PlayerScriptAssemblies/Unity.XR.ARSubsystems.dll
[680/756    0s] ILPostProcess Library/Bee/artifacts/1300b0aPDevDbg.dag/post-processed/Unity.XR.OpenXR.Features.MetaQuestSupport.dll (+pdb)
Processing assembly Library/Bee/artifacts/1300b0aPDevDbg.dag/Unity.XR.OpenXR.Features.MetaQuestSupport.dll, with 136 defines and 192 references
processors: Unity.Jobs.CodeGen.JobsILPostProcessor, zzzUnity.Burst.CodeGen.BurstILPostProcessor
running Unity.Jobs.CodeGen.JobsILPostProcessor
running zzzUnity.Burst.CodeGen.BurstILPostProcessor
[681/756    0s] CopyFiles Library/Bee/PlayerScriptAssemblies/glTFast.Export.dll
[682/756    0s] CopyFiles Library/Bee/PlayerScriptAssemblies/Unity.XR.OpenXR.Features.ConformanceAutomation.dll
[683/756    0s] CopyFiles Library/Bee/PlayerScriptAssemblies/Unity.XR.OpenXR.Features.MockRuntime.dll
[684/756    0s] CopyFiles Library/Bee/PlayerScriptAssemblies/Unity.XR.OpenXR.TestTooling.dll
[685/756    0s] CopyFiles Library/Bee/PlayerScriptAssemblies/Gibi.Pets.dll
[686/756    0s] CopyFiles Library/Bee/PlayerScriptAssemblies/Unity.XR.OpenXR.Features.OculusQuestSupport.dll
[687/756    0s] CopyFiles Library/Bee/PlayerScriptAssemblies/Unity.XR.OpenXR.Features.RuntimeDebugger.dll
[688/756    0s] CopyFiles Library/Bee/PlayerScriptAssemblies/glTFast.dll
[689/756    0s] CopyFiles Library/Bee/PlayerScriptAssemblies/Unity.RenderPipelines.Universal.2D.Runtime.dll
[690/756    0s] CopyFiles Library/Bee/PlayerScriptAssemblies/Unity.XR.OpenXR.dll
[691/756    0s] CopyFiles Library/Bee/PlayerScriptAssemblies/Unity.XR.ARSubsystems.pdb
[692/756    0s] CopyFiles Library/Bee/PlayerScriptAssemblies/glTFast.Export.pdb
[693/756    0s] CopyFiles Library/Bee/PlayerScriptAssemblies/Unity.XR.OpenXR.Features.ConformanceAutomation.pdb
[694/756    0s] CopyFiles Library/Bee/PlayerScriptAssemblies/Unity.XR.OpenXR.Features.MockRuntime.pdb
[695/756    0s] CopyFiles Library/Bee/PlayerScriptAssemblies/Unity.XR.OpenXR.TestTooling.pdb
[696/756    0s] CopyFiles Library/Bee/PlayerScriptAssemblies/Gibi.Pets.pdb
[697/756    0s] CopyFiles Library/Bee/PlayerScriptAssemblies/Unity.XR.OpenXR.Features.OculusQuestSupport.pdb
[698/756    0s] CopyFiles Library/Bee/PlayerScriptAssemblies/Unity.XR.OpenXR.Features.RuntimeDebugger.pdb
[699/756    0s] CopyFiles Library/Bee/PlayerScriptAssemblies/glTFast.pdb
[700/756    0s] Csc Library/Bee/artifacts/1300b0aPDevDbg.dag/Unity.XR.ARFoundation.InternalUtils.dll (+2 others)
[701/756    0s] CopyFiles Library/Bee/PlayerScriptAssemblies/Unity.RenderPipelines.Universal.2D.Runtime.pdb
[702/756    0s] CopyFiles Library/Bee/PlayerScriptAssemblies/Unity.XR.OpenXR.pdb
[703/756    0s] Csc Library/Bee/artifacts/1300b0aPDevDbg.dag/Unity.XR.ARCore.dll (+2 others)
[704/756    0s] CopyFiles Library/Bee/PlayerScriptAssemblies/glTFast.dots.dll
[705/756    0s] CopyFiles Library/Bee/PlayerScriptAssemblies/glTFast.dots.pdb
[706/756    0s] CopyFiles Library/Bee/PlayerScriptAssemblies/Unity.XR.OpenXR.Features.MetaQuestSupport.dll
[707/756    0s] CopyFiles Library/Bee/PlayerScriptAssemblies/Unity.XR.OpenXR.Features.MetaQuestSupport.pdb
[           0s] Csc Library/Bee/artifacts/1300b0aPDevDbg.dag/Unity.XR.ARFoundation.InternalUtils.dll (+2 others) [CacheWrite 00000000000000000000000000000004]
[           0s] Csc Library/Bee/artifacts/1300b0aPDevDbg.dag/Unity.XR.ARCore.dll (+2 others) [CacheWrite 00000000000000000000000000000004]
[708/756    0s] ILPostProcess Library/Bee/artifacts/1300b0aPDevDbg.dag/post-processed/glTFast.Newtonsoft.dll (+pdb)
Processing assembly Library/Bee/artifacts/1300b0aPDevDbg.dag/glTFast.Newtonsoft.dll, with 138 defines and 191 references
processors: Unity.Jobs.CodeGen.JobsILPostProcessor, zzzUnity.Burst.CodeGen.BurstILPostProcessor
running Unity.Jobs.CodeGen.JobsILPostProcessor
running zzzUnity.Burst.CodeGen.BurstILPostProcessor
[712/756    0s] CopyFiles Library/Bee/PlayerScriptAssemblies/glTFast.Newtonsoft.dll
[713/756    0s] CopyFiles Library/Bee/PlayerScriptAssemblies/glTFast.Newtonsoft.pdb
[714/756    0s] ILPostProcess Library/Bee/artifacts/1300b0aPDevDbg.dag/post-processed/glTFast.Documentation.Examples.dll (+pdb)
Processing assembly Library/Bee/artifacts/1300b0aPDevDbg.dag/glTFast.Documentation.Examples.dll, with 138 defines and 194 references
processors: Unity.Jobs.CodeGen.JobsILPostProcessor, zzzUnity.Burst.CodeGen.BurstILPostProcessor
running Unity.Jobs.CodeGen.JobsILPostProcessor
running zzzUnity.Burst.CodeGen.BurstILPostProcessor
[715/756    0s] CopyFiles Library/Bee/PlayerScriptAssemblies/glTFast.Documentation.Examples.dll
[716/756    0s] CopyFiles Library/Bee/PlayerScriptAssemblies/glTFast.Documentation.Examples.pdb
[717/756    0s] ILPostProcess Library/Bee/artifacts/1300b0aPDevDbg.dag/post-processed/Gibi.AssetRuntime.dll (+pdb)
Processing assembly Library/Bee/artifacts/1300b0aPDevDbg.dag/Gibi.AssetRuntime.dll, with 136 defines and 194 references
processors: Unity.Jobs.CodeGen.JobsILPostProcessor, zzzUnity.Burst.CodeGen.BurstILPostProcessor
running Unity.Jobs.CodeGen.JobsILPostProcessor
running zzzUnity.Burst.CodeGen.BurstILPostProcessor
[718/756    0s] CopyFiles Library/Bee/PlayerScriptAssemblies/Gibi.AssetRuntime.dll
[719/756    0s] CopyFiles Library/Bee/PlayerScriptAssemblies/Gibi.AssetRuntime.pdb
[720/756    0s] ILPostProcess Library/Bee/artifacts/1300b0aPDevDbg.dag/post-processed/Unity.XR.ARFoundation.InternalUtils.dll (+pdb)
Processing assembly Library/Bee/artifacts/1300b0aPDevDbg.dag/Unity.XR.ARFoundation.InternalUtils.dll, with 136 defines and 193 references
processors: Unity.Jobs.CodeGen.JobsILPostProcessor, zzzUnity.Burst.CodeGen.BurstILPostProcessor
running Unity.Jobs.CodeGen.JobsILPostProcessor
running zzzUnity.Burst.CodeGen.BurstILPostProcessor
[721/756    0s] CopyFiles Library/Bee/PlayerScriptAssemblies/Unity.XR.ARFoundation.InternalUtils.dll
[722/756    0s] CopyFiles Library/Bee/PlayerScriptAssemblies/Unity.XR.ARFoundation.InternalUtils.pdb
[723/756    0s] ILPostProcess Library/Bee/artifacts/1300b0aPDevDbg.dag/post-processed/Unity.XR.ARCore.dll (+pdb)
Processing assembly Library/Bee/artifacts/1300b0aPDevDbg.dag/Unity.XR.ARCore.dll, with 139 defines and 196 references
processors: Unity.Jobs.CodeGen.JobsILPostProcessor, zzzUnity.Burst.CodeGen.BurstILPostProcessor
running Unity.Jobs.CodeGen.JobsILPostProcessor
running zzzUnity.Burst.CodeGen.BurstILPostProcessor
[724/756    0s] CopyFiles Library/Bee/PlayerScriptAssemblies/Unity.XR.ARCore.dll
[725/756    0s] CopyFiles Library/Bee/PlayerScriptAssemblies/Unity.XR.ARCore.pdb
[726/756    0s] Csc Library/Bee/artifacts/1300b0aPDevDbg.dag/Unity.XR.ARFoundation.dll (+2 others)
[           0s] Csc Library/Bee/artifacts/1300b0aPDevDbg.dag/Unity.XR.ARFoundation.dll (+2 others) [CacheWrite 00000000000000000000000000000004]
[731/756    0s] Csc Library/Bee/artifacts/1300b0aPDevDbg.dag/Gibi.Spatial.dll (+2 others)
[732/756    0s] ILPostProcess Library/Bee/artifacts/1300b0aPDevDbg.dag/post-processed/Unity.XR.ARFoundation.dll (+pdb)
Processing assembly Library/Bee/artifacts/1300b0aPDevDbg.dag/Unity.XR.ARFoundation.dll, with 141 defines and 198 references
processors: Unity.Jobs.CodeGen.JobsILPostProcessor, zzzUnity.Burst.CodeGen.BurstILPostProcessor
running Unity.Jobs.CodeGen.JobsILPostProcessor
running zzzUnity.Burst.CodeGen.BurstILPostProcessor
[733/756    0s] CopyFiles Library/Bee/PlayerScriptAssemblies/Unity.XR.ARFoundation.dll
[734/756    0s] CopyFiles Library/Bee/PlayerScriptAssemblies/Unity.XR.ARFoundation.pdb
[735/756    0s] Csc Library/Bee/artifacts/1300b0aPDevDbg.dag/Gibi.Gameplay.dll (+2 others)
[736/756    0s] ILPostProcess Library/Bee/artifacts/1300b0aPDevDbg.dag/post-processed/Gibi.Spatial.dll (+pdb)
Processing assembly Library/Bee/artifacts/1300b0aPDevDbg.dag/Gibi.Spatial.dll, with 136 defines and 194 references
processors: Unity.Jobs.CodeGen.JobsILPostProcessor, zzzUnity.Burst.CodeGen.BurstILPostProcessor
running Unity.Jobs.CodeGen.JobsILPostProcessor
running zzzUnity.Burst.CodeGen.BurstILPostProcessor
[737/756    0s] CopyFiles Library/Bee/PlayerScriptAssemblies/Gibi.Spatial.dll
[738/756    0s] CopyFiles Library/Bee/PlayerScriptAssemblies/Gibi.Spatial.pdb
[739/756    0s] Csc Library/Bee/artifacts/1300b0aPDevDbg.dag/Unity.XR.ARFoundation.VisualScripting.dll (+2 others)
[           0s] Csc Library/Bee/artifacts/1300b0aPDevDbg.dag/Unity.XR.ARFoundation.VisualScripting.dll (+2 others) [CacheWrite 00000000000000000000000000000004]
[740/756    0s] Csc Library/Bee/artifacts/1300b0aPDevDbg.dag/Gibi.UI.dll (+2 others)
[741/756    0s] ILPostProcess Library/Bee/artifacts/1300b0aPDevDbg.dag/post-processed/Gibi.Gameplay.dll (+pdb)
Processing assembly Library/Bee/artifacts/1300b0aPDevDbg.dag/Gibi.Gameplay.dll, with 136 defines and 193 references
processors: Unity.Jobs.CodeGen.JobsILPostProcessor, zzzUnity.Burst.CodeGen.BurstILPostProcessor
running Unity.Jobs.CodeGen.JobsILPostProcessor
running zzzUnity.Burst.CodeGen.BurstILPostProcessor
[742/756    0s] CopyFiles Library/Bee/PlayerScriptAssemblies/Gibi.Gameplay.pdb
[743/756    0s] CopyFiles Library/Bee/PlayerScriptAssemblies/Gibi.Gameplay.dll
[744/756    0s] ILPostProcess Library/Bee/artifacts/1300b0aPDevDbg.dag/post-processed/Unity.XR.ARFoundation.VisualScripting.dll (+pdb)
Processing assembly Library/Bee/artifacts/1300b0aPDevDbg.dag/Unity.XR.ARFoundation.VisualScripting.dll, with 136 defines and 193 references
processors: Unity.Jobs.CodeGen.JobsILPostProcessor, zzzUnity.Burst.CodeGen.BurstILPostProcessor
running Unity.Jobs.CodeGen.JobsILPostProcessor
running zzzUnity.Burst.CodeGen.BurstILPostProcessor
[745/756    0s] ILPostProcess Library/Bee/artifacts/1300b0aPDevDbg.dag/post-processed/Gibi.UI.dll (+pdb)
Processing assembly Library/Bee/artifacts/1300b0aPDevDbg.dag/Gibi.UI.dll, with 136 defines and 195 references
processors: Unity.Jobs.CodeGen.JobsILPostProcessor, zzzUnity.Burst.CodeGen.BurstILPostProcessor
running Unity.Jobs.CodeGen.JobsILPostProcessor
running zzzUnity.Burst.CodeGen.BurstILPostProcessor
[746/756    0s] CopyFiles Library/Bee/PlayerScriptAssemblies/Unity.XR.ARFoundation.VisualScripting.pdb
[747/756    0s] CopyFiles Library/Bee/PlayerScriptAssemblies/Unity.XR.ARFoundation.VisualScripting.dll
[748/756    0s] CopyFiles Library/Bee/PlayerScriptAssemblies/Gibi.UI.dll
[749/756    0s] CopyFiles Library/Bee/PlayerScriptAssemblies/Gibi.UI.pdb
[750/756    0s] Csc Library/Bee/artifacts/1300b0aPDevDbg.dag/NianticSpatial.NSDK.AR.dll (+2 others)
[           0s] Csc Library/Bee/artifacts/1300b0aPDevDbg.dag/NianticSpatial.NSDK.AR.dll (+2 others) [CacheWrite 00000000000000000000000000000004]
[751/756    0s] ILPostProcess Library/Bee/artifacts/1300b0aPDevDbg.dag/post-processed/NianticSpatial.NSDK.AR.dll (+pdb)
Processing assembly Library/Bee/artifacts/1300b0aPDevDbg.dag/NianticSpatial.NSDK.AR.dll, with 141 defines and 197 references
processors: Unity.Jobs.CodeGen.JobsILPostProcessor, zzzUnity.Burst.CodeGen.BurstILPostProcessor
running Unity.Jobs.CodeGen.JobsILPostProcessor
running zzzUnity.Burst.CodeGen.BurstILPostProcessor
[752/756    0s] CopyFiles Library/Bee/PlayerScriptAssemblies/NianticSpatial.NSDK.AR.pdb
[753/756    0s] CopyFiles Library/Bee/PlayerScriptAssemblies/NianticSpatial.NSDK.AR.dll
[755/756    0s] BuildPlayerDataGenerator Library/BuildPlayerData/Player/RuntimeInitializeOnLoads.json (+1 other)
*** Tundra build success (12.53 seconds), 280 items updated, 756 evaluated
Rebuilding Data files because Assets/Scenes/Bootstrap.unity is dirty (hash)
2026-08-03 12:12:25.047 Unity[8938:1286453] NSEventModifierFlagFunction specified to -setKeyEquivalentModifierMask: for item <NSMenuItem: 0xb8bab5900 SDF, ke='Command-F12'>, but is only supported for system-provided menu items; will not be used
Opening scene 'Assets/Scenes/Bootstrap.unity'
Unloading 2 Unused Serialized files (Serialized files now loaded: 0)
Loaded scene 'Assets/Scenes/Bootstrap.unity'
	Deserialize:            0.489 ms
	Integration:            182.548 ms
	Integration of assets:  0.001 ms
	Thread Wait Time:       0.016 ms
	Total Operation Time:   183.054 ms
Unloading 89 unused Assets / (0.5 MB). Loaded Objects now: 7716.
Memory consumption went from 209.5 MB to 209.0 MB.
Total: 14.362417 ms (FindLiveObjects: 0.233583 ms CreateObjectMapping: 0.131959 ms MarkObjects: 13.508375 ms  DeleteObjects: 0.487792 ms)

Created GICache directory at /Users/robert/Library/Caches/com.unity3d.UnityEditor/GiCache. Took: 0.002s, timestamps: [34.906 - 34.908]
Opening scene 'Assets/Scenes/ARWorld.unity'
Unloading 45 Unused Serialized files (Serialized files now loaded: 0)
Loaded scene 'Assets/Scenes/ARWorld.unity'
	Deserialize:            1.875 ms
	Integration:            175.952 ms
	Integration of assets:  0.038 ms
	Thread Wait Time:       0.008 ms
	Total Operation Time:   177.873 ms
Unloading 2020 unused Assets / (0.8 MB). Loaded Objects now: 7798.
Memory consumption went from 209.9 MB to 209.1 MB.
Total: 10.756666 ms (FindLiveObjects: 0.263917 ms CreateObjectMapping: 0.166833 ms MarkObjects: 9.414875 ms  DeleteObjects: 0.910666 ms)

Opening scene 'Assets/Scenes/PetSandbox.unity'
Unloading 4 Unused Serialized files (Serialized files now loaded: 0)
Loaded scene 'Assets/Scenes/PetSandbox.unity'
	Deserialize:            0.852 ms
	Integration:            171.072 ms
	Integration of assets:  0.009 ms
	Thread Wait Time:       0.009 ms
	Total Operation Time:   171.941 ms
Unloading 1 unused Assets / (0.7 KB). Loaded Objects now: 7797.
Memory consumption went from 228.3 MB to 228.3 MB.
Total: 9.901875 ms (FindLiveObjects: 0.220459 ms CreateObjectMapping: 0.125583 ms MarkObjects: 9.541208 ms  DeleteObjects: 0.014208 ms)



Mono dependencies included in the build
Dependency assembly - Gibi.Spatial.dll
Dependency assembly - System.Runtime.CompilerServices.Unsafe.dll
Dependency assembly - System.IO.FileSystem.DriveInfo.dll
Dependency assembly - System.Data.Entity.dll
Dependency assembly - I18N.Rare.dll
Dependency assembly - System.Linq.Parallel.dll
Dependency assembly - System.Net.HttpListener.dll
Dependency assembly - System.Security.Cryptography.Pkcs.dll
Dependency assembly - System.Memory.dll
Dependency assembly - System.Console.dll
Dependency assembly - System.Xml.ReaderWriter.dll
Dependency assembly - System.Web.Services.dll
Dependency assembly - Unity.RenderPipelines.Core.ShaderLibrary.dll
Dependency assembly - System.Security.Cryptography.ProtectedData.dll
Dependency assembly - System.Security.Claims.dll
Dependency assembly - Gibi.UI.dll
Dependency assembly - Unity.RenderPipeline.Universal.ShaderLibrary.dll
Dependency assembly - Unity.Timeline.dll
Dependency assembly - System.Xml.XPath.XmlDocument.dll
Dependency assembly - System.ComponentModel.Composition.dll
Dependency assembly - glTFast.Export.dll
Dependency assembly - System.Net.Security.dll
Dependency assembly - System.Security.Cryptography.OpenSsl.dll
Dependency assembly - Unity.RenderPipelines.GPUDriven.Runtime.dll
Dependency assembly - System.Runtime.Loader.dll
Dependency assembly - System.Web.RegularExpressions.dll
Dependency assembly - System.AppContext.dll
Dependency assembly - System.Security.Cryptography.Cng.dll
Dependency assembly - System.Net.Requests.dll
Dependency assembly - System.Security.Cryptography.X509Certificates.dll
Dependency assembly - System.Resources.ReaderWriter.dll
Dependency assembly - System.DirectoryServices.Protocols.dll
Dependency assembly - System.Core.dll
Dependency assembly - System.Security.Cryptography.Encoding.dll
Dependency assembly - glTFast.dll
Dependency assembly - Unity.Addressables.dll
Dependency assembly - System.IO.Hashing.dll
Dependency assembly - System.Runtime.CompilerServices.VisualC.dll
Dependency assembly - System.Xml.dll
Dependency assembly - NianticSpatial.NSDK.AR.dll
Dependency assembly - System.Security.Cryptography.Primitives.dll
Dependency assembly - System.IO.FileSystem.AccessControl.dll
Dependency assembly - System.Collections.NonGeneric.dll
Dependency assembly - I18N.Other.dll
Dependency assembly - System.Threading.Thread.dll
Dependency assembly - System.Security.Principal.dll
Dependency assembly - System.ServiceModel.Web.dll
Dependency assembly - System.Diagnostics.TraceSource.dll
Dependency assembly - System.IO.Compression.dll
Dependency assembly - Gibi.Pets.dll
Dependency assembly - System.Messaging.dll
Dependency assembly - System.Configuration.dll
Dependency assembly - System.ValueTuple.dll
Dependency assembly - System.IO.dll
Dependency assembly - Unity.XR.OpenXR.dll
Dependency assembly - System.Threading.Overlapped.dll
Dependency assembly - I18N.CJK.dll
Dependency assembly - I18N.dll
Dependency assembly - System.ComponentModel.dll
Dependency assembly - System.Management.dll
Dependency assembly - System.Data.dll
Dependency assembly - Gibi.Gameplay.dll
Dependency assembly - System.Reflection.Emit.dll
Dependency assembly - System.Numerics.Vectors.dll
Dependency assembly - I18N.MidEast.dll
Dependency assembly - Unity.XR.OpenXR.Features.OculusQuestSupport.dll
Dependency assembly - System.ServiceModel.Activation.dll
Dependency assembly - System.Data.Services.dll
Dependency assembly - System.dll
Dependency assembly - System.Resources.Writer.dll
Dependency assembly - System.Data.Common.dll
Dependency assembly - System.Net.AuthenticationManager.dll
Dependency assembly - System.ServiceModel.Security.dll
Dependency assembly - System.ComponentModel.Primitives.dll
Dependency assembly - System.ServiceProcess.ServiceController.dll
Dependency assembly - System.Security.Cryptography.Encryption.ECDiffieHellman.dll
Dependency assembly - Microsoft.Win32.Primitives.dll
Dependency assembly - System.Globalization.dll
Dependency assembly - System.Net.Ping.dll
Dependency assembly - System.Text.Encoding.CodePages.dll
Dependency assembly - System.IO.IsolatedStorage.dll
Dependency assembly - System.Diagnostics.Tracing.dll
Dependency assembly - System.IO.UnmanagedMemoryStream.dll
Dependency assembly - glTFast.dots.dll
Dependency assembly - System.Web.dll
Dependency assembly - Niantic.Protobuf.dll
Dependency assembly - System.Diagnostics.Process.dll
Dependency assembly - System.Security.Cryptography.RSA.dll
Dependency assembly - System.Json.dll
Dependency assembly - System.Net.Utilities.dll
Dependency assembly - Unity.RenderPipelines.Core.Runtime.Shared.dll
Dependency assembly - Unity.RenderPipelines.Universal.Runtime.dll
Dependency assembly - System.IO.Pipes.dll
Dependency assembly - Unity.XR.OpenXR.Features.MetaQuestSupport.dll
Dependency assembly - System.Runtime.Numerics.dll
Dependency assembly - System.IO.FileSystem.Watcher.dll
Dependency assembly - System.Net.Primitives.dll
Dependency assembly - Unity.RenderPipelines.Universal.Shaders.dll
Dependency assembly - System.ComponentModel.Annotations.dll
Dependency assembly - Unity.RenderPipelines.ShaderGraph.ShaderGraphLibrary.dll
Dependency assembly - System.Buffers.dll
Dependency assembly - System.Data.Linq.dll
Dependency assembly - UnityEngine.XR.LegacyInputHelpers.dll
Dependency assembly - Unity.ResourceManager.dll
Dependency assembly - Unity.XR.OpenXR.Features.ConformanceAutomation.dll
Dependency assembly - System.Net.NetworkInformation.dll
Dependency assembly - System.Runtime.Remoting.dll
Dependency assembly - System.Xml.Linq.dll
Dependency assembly - Unity.Burst.Unsafe.dll
Dependency assembly - System.Security.SecureString.dll
Dependency assembly - System.Threading.Timer.dll
Dependency assembly - System.Security.Cryptography.Algorithms.dll
Dependency assembly - Mono.Data.Tds.dll
Dependency assembly - Unity.Rendering.LightTransport.Runtime.dll
Dependency assembly - System.Web.DynamicData.dll
Dependency assembly - System.Security.Cryptography.Csp.dll
Dependency assembly - netstandard.dll
Dependency assembly - System.Drawing.Primitives.dll
Dependency assembly - System.IdentityModel.dll
Dependency assembly - Accessibility.dll
Dependency assembly - Unity.Animation.Rigging.DocCodeExamples.dll
Dependency assembly - System.Runtime.Serialization.Formatters.Soap.dll
Dependency assembly - I18N.West.dll
Dependency assembly - Unity.XR.ARFoundation.InternalUtils.dll
Dependency assembly - System.Runtime.Caching.dll
Dependency assembly - System.Net.Http.dll
Dependency assembly - System.Diagnostics.TraceEvent.dll
Dependency assembly - System.Reflection.Emit.Lightweight.dll
Dependency assembly - Mono.Data.Sqlite.dll
Dependency assembly - System.Security.AccessControl.dll
Dependency assembly - System.IO.Compression.ZipFile.dll
Dependency assembly - System.ObjectModel.dll
Dependency assembly - mscorlib.dll
Dependency assembly - System.Threading.ThreadPool.dll
Dependency assembly - System.Drawing.Design.dll
Dependency assembly - System.Security.dll
Dependency assembly - System.Security.Cryptography.Hashing.dll
Dependency assembly - System.Web.ApplicationServices.dll
Dependency assembly - System.Reflection.dll
Dependency assembly - Unity.XR.OpenXR.TestTooling.dll
Dependency assembly - System.Resources.Reader.dll
Dependency assembly - System.Data.OracleClient.dll
Dependency assembly - System.Dynamic.Runtime.dll
Dependency assembly - System.Web.Extensions.dll
Dependency assembly - System.Security.Principal.Windows.dll
Dependency assembly - System.Security.Cryptography.RandomNumberGenerator.dll
Dependency assembly - System.Windows.dll
Dependency assembly - System.IO.MemoryMappedFiles.dll
Dependency assembly - System.ServiceModel.Primitives.dll
Dependency assembly - UnityEngine.UI.dll
Dependency assembly - System.ComponentModel.EventBasedAsync.dll
Dependency assembly - System.Reflection.Extensions.dll
Dependency assembly - System.Diagnostics.TextWriterTraceListener.dll
Dependency assembly - System.Runtime.InteropServices.RuntimeInformation.dll
Dependency assembly - Unity.Collections.dll
Dependency assembly - Microsoft.Win32.Registry.dll
Dependency assembly - System.Net.dll
Dependency assembly - System.Net.ServicePoint.dll
Dependency assembly - System.Text.Encoding.dll
Dependency assembly - System.Text.Encoding.Extensions.dll
Dependency assembly - System.Data.Services.Client.dll
Dependency assembly - System.ComponentModel.DataAnnotations.dll
Dependency assembly - Unity.RenderPipelines.Universal.Config.Runtime.dll
Dependency assembly - Gibi.Core.dll
Dependency assembly - System.Collections.Specialized.dll
Dependency assembly - System.Runtime.dll
Dependency assembly - System.Xml.XmlSerializer.dll
Dependency assembly - System.IO.FileSystem.Primitives.dll
Dependency assembly - Unity.XR.ARFoundation.dll
Dependency assembly - Microsoft.Win32.Registry.AccessControl.dll
Dependency assembly - Unity.ScriptableBuildPipeline.dll
Dependency assembly - Unity.TextMeshPro.dll
Dependency assembly - System.Runtime.Handles.dll
Dependency assembly - System.Diagnostics.FileVersionInfo.dll
Dependency assembly - System.Xml.XmlDocument.dll
Dependency assembly - System.ComponentModel.TypeConverter.dll
Dependency assembly - System.Runtime.Extensions.dll
Dependency assembly - System.Collections.Concurrent.dll
Dependency assembly - System.ServiceModel.Http.dll
Dependency assembly - System.Security.Cryptography.Encryption.dll
Dependency assembly - System.Web.Extensions.Design.dll
Dependency assembly - Unity.InputSystem.ForUI.dll
Dependency assembly - System.Runtime.DurableInstancing.dll
Dependency assembly - System.Xaml.dll
Dependency assembly - System.Reflection.TypeExtensions.dll
Dependency assembly - System.EnterpriseServices.dll
Dependency assembly - Mono.Security.dll
Dependency assembly - System.ServiceModel.Internals.dll
Dependency assembly - Unity.XR.OpenXR.Features.RuntimeDebugger.dll
Dependency assembly - glTFast.Documentation.Examples.dll
Dependency assembly - System.Data.SqlClient.dll
Dependency assembly - System.Collections.dll
Dependency assembly - System.Xml.Serialization.dll
Dependency assembly - System.Net.Sockets.dll
Dependency assembly - System.Threading.AccessControl.dll
Dependency assembly - System.Threading.Tasks.Parallel.dll
Dependency assembly - Unity.XR.ARCore.dll
Dependency assembly - Unity.XR.CoreUtils.dll
Dependency assembly - UnityEngine.SpatialTracking.dll
Dependency assembly - Unity.Burst.dll
Dependency assembly - System.Runtime.Serialization.Formatters.dll
Dependency assembly - Unity.XR.Management.dll
Dependency assembly - Unity.RenderPipelines.Universal.2D.Runtime.dll
Dependency assembly - System.Net.Http.WebRequest.dll
Dependency assembly - System.ServiceModel.Routing.dll
Dependency assembly - System.Net.NameResolution.dll
Dependency assembly - System.Diagnostics.Debug.dll
Dependency assembly - Unity.XR.OpenXR.Features.MockRuntime.dll
Dependency assembly - System.DirectoryServices.dll
Dependency assembly - System.Text.RegularExpressions.dll
Dependency assembly - System.IO.Compression.FileSystem.dll
Dependency assembly - System.Threading.dll
Dependency assembly - glTFast.Newtonsoft.dll
Dependency assembly - System.Diagnostics.Contracts.dll
Dependency assembly - System.Net.Cache.dll
Dependency assembly - System.Design.dll
Dependency assembly - Gibi.AssetRuntime.dll
Dependency assembly - Unity.Collections.LowLevel.ILSupport.dll
Dependency assembly - Unity.Animation.Rigging.dll
Dependency assembly - Microsoft.CSharp.dll
Dependency assembly - System.Runtime.Serialization.dll
Dependency assembly - System.Net.WebSockets.dll
Dependency assembly - Unity.XR.ARFoundation.VisualScripting.dll
Dependency assembly - System.ServiceModel.Discovery.dll
Dependency assembly - System.Diagnostics.StackTrace.dll
Dependency assembly - System.Runtime.Serialization.Json.dll
Dependency assembly - System.IdentityModel.Selectors.dll
Dependency assembly - System.Diagnostics.Tools.dll
Dependency assembly - System.ServiceModel.NetTcp.dll
Dependency assembly - System.Runtime.Serialization.Xml.dll
Dependency assembly - System.Net.WebSockets.Client.dll
Dependency assembly - System.Runtime.Serialization.Primitives.dll
Dependency assembly - Unity.RenderPipelines.Core.Runtime.dll
Dependency assembly - Unity.Mathematics.dll
Dependency assembly - System.Configuration.Install.dll
Dependency assembly - System.Windows.Forms.dll
Dependency assembly - System.Linq.Queryable.dll
Dependency assembly - System.Net.Mail.dll
Dependency assembly - System.Reflection.Emit.ILGeneration.dll
Dependency assembly - System.Net.WebHeaderCollection.dll
Dependency assembly - System.Security.Cryptography.Encryption.Aes.dll
Dependency assembly - System.Security.Cryptography.Hashing.Algorithms.dll
Dependency assembly - System.Linq.dll
Dependency assembly - Unity.XR.ARSubsystems.dll
Dependency assembly - Newtonsoft.Json.dll
Dependency assembly - System.Xml.XPath.dll
Dependency assembly - System.Drawing.dll
Dependency assembly - System.Security.Cryptography.DeriveBytes.dll
Dependency assembly - System.Threading.Tasks.Extensions.dll
Dependency assembly - System.Xml.Xsl.Primitives.dll
Dependency assembly - System.Globalization.Calendars.dll
Dependency assembly - System.Runtime.InteropServices.dll
Dependency assembly - System.Windows.Forms.DataVisualization.dll
Dependency assembly - System.Linq.Expressions.dll
Dependency assembly - System.Globalization.Extensions.dll
Dependency assembly - System.Data.DataSetExtensions.dll
Dependency assembly - System.Reflection.Primitives.dll
Dependency assembly - System.Reflection.DispatchProxy.dll
Dependency assembly - System.Xml.XPath.XDocument.dll
Dependency assembly - Unity.InputSystem.dll
Dependency assembly - System.Resources.ResourceManager.dll
Dependency assembly - System.Numerics.dll
Dependency assembly - System.ServiceModel.Duplex.dll
Dependency assembly - System.Runtime.InteropServices.WindowsRuntime.dll
Dependency assembly - System.IO.FileSystem.dll
Dependency assembly - System.Xml.XDocument.dll
Dependency assembly - System.Security.Cryptography.Encryption.ECDsa.dll
Dependency assembly - System.Threading.Tasks.dll
Dependency assembly - System.ServiceModel.dll
Dependency assembly - System.Transactions.dll
Dependency assembly - System.ServiceProcess.dll
Dependency assembly - System.Reflection.Context.dll

DisplayProgressbar: Fetching assembly references
Unloading 1 Unused Serialized files (Serialized files now loaded: 0)
Unloading 43 unused Assets / (11.8 KB). Loaded Objects now: 7715.
Memory consumption went from 232.0 MB to 232.0 MB.
Total: 10.123958 ms (FindLiveObjects: 0.172000 ms CreateObjectMapping: 0.104125 ms MarkObjects: 9.771458 ms  DeleteObjects: 0.076166 ms)

Unloading 0 Unused Serialized files (Serialized files now loaded: 0)
Unloading 0 unused Assets / (0 B). Loaded Objects now: 7715.
Memory consumption went from 231.9 MB to 231.9 MB.
Total: 9.102375 ms (FindLiveObjects: 0.201584 ms CreateObjectMapping: 0.111750 ms MarkObjects: 8.782084 ms  DeleteObjects: 0.006667 ms)

Unloading 1 Unused Serialized files (Serialized files now loaded: 0)
Unloading 164 unused Assets / (139.7 MB). Loaded Objects now: 7715.
Memory consumption went from 373.2 MB to 233.5 MB.
Total: 17.401416 ms (FindLiveObjects: 0.156708 ms CreateObjectMapping: 0.085541 ms MarkObjects: 9.601084 ms  DeleteObjects: 7.557750 ms)

Compiling compute shader "DepthToPointCloud"
    starting stripping...
    finished in 0.00 seconds. 1 of 1 variants left
    1 variants, starting compilation...
Shader warning in 'DepthToPointCloud': signed/unsigned mismatch, unsigned assumed at kernel CSMain at DepthToPointCloud.compute(18) (on gles3)
    finished in 0.00 seconds. Local cache hits 1, remote cache hits 0, compiled 0 variants
Compiling shader "Hidden/Universal Render Pipeline/Sampling" pass "BoxDownsample" (vp)
    Full variant space:         1
    After settings filtering:   1
    After built-in stripping:   2
    After scriptable stripping: 2
    Processed in 0.05 seconds
    starting compilation...
    finished in 0.00 seconds. Local cache hits 2 (0.00s CPU time), remote cache hits 0 (0.00s CPU time), compiled 0 variants (0.00s CPU time), skipped 0 variants
    Prepared data for serialisation in 0.00s
Serialized binary data for shader Hidden/Universal Render Pipeline/Sampling in 0.00s
    gles3 (total internal programs: 2, unique: 2)
Compiling shader "Unlit/ARCoreBackground/AfterOpaques" pass "ARCore Background Occlusion Handling" (vp)
    Full variant space:         4
    After settings filtering:   4
    After built-in stripping:   8
    After scriptable stripping: 8
    Processed in 0.00 seconds
    starting compilation...
    finished in 0.00 seconds. Local cache hits 8 (0.01s CPU time), remote cache hits 0 (0.00s CPU time), compiled 0 variants (0.00s CPU time), skipped 0 variants
    Prepared data for serialisation in 0.00s
Compiling shader "Unlit/ARCoreBackground/AfterOpaques" pass "AR Camera Background (ARCore)" (vp)
    Full variant space:         4
    After settings filtering:   4
    After built-in stripping:   8
    After scriptable stripping: 8
    Processed in 0.00 seconds
    starting compilation...
    finished in 0.00 seconds. Local cache hits 8 (0.00s CPU time), remote cache hits 0 (0.00s CPU time), compiled 0 variants (0.00s CPU time), skipped 0 variants
    Prepared data for serialisation in 0.00s
    Prepared data for serialisation in 0.00s
    Prepared data for serialisation in 0.00s
Serialized binary data for shader Unlit/ARCoreBackground/AfterOpaques in 0.00s
    gles3 (total internal programs: 16, unique: 16)
Compiling shader "Nsdk/OcclusionMesh" pass "" (vp)
    Full variant space:         4
    After settings filtering:   4
    After built-in stripping:   8
    After scriptable stripping: 8
    Processed in 0.00 seconds
    starting compilation...
    finished in 0.00 seconds. Local cache hits 8 (0.00s CPU time), remote cache hits 0 (0.00s CPU time), compiled 0 variants (0.00s CPU time), skipped 0 variants
    Prepared data for serialisation in 0.00s
Serialized binary data for shader Nsdk/OcclusionMesh in 0.00s
    gles3 (total internal programs: 8, unique: 8)
Compiling shader "Hidden/CoreSRP/CoreCopy" pass "Copy" (vp)
    Full variant space:         2
    After settings filtering:   2
    After built-in stripping:   4
    After scriptable stripping: 4
    Processed in 0.00 seconds
    starting compilation...
    finished in 0.00 seconds. Local cache hits 4 (0.00s CPU time), remote cache hits 0 (0.00s CPU time), compiled 0 variants (0.00s CPU time), skipped 0 variants
    Prepared data for serialisation in 0.00s
Compiling shader "Hidden/CoreSRP/CoreCopy" pass "CopyMS" (vp)
    Full variant space:         2
    After settings filtering:   2
    After built-in stripping:   4
    After scriptable stripping: 4
    Processed in 0.00 seconds
    starting compilation...
    finished in 0.00 seconds. Local cache hits 4 (0.00s CPU time), remote cache hits 0 (0.00s CPU time), compiled 0 variants (0.00s CPU time), skipped 0 variants
    Prepared data for serialisation in 0.00s
Serialized binary data for shader Hidden/CoreSRP/CoreCopy in 0.00s
    gles3 (total internal programs: 8, unique: 8)
Compiling shader "Hidden/TerrainEngine/Details/UniversalPipeline/BillboardWavingDoublePass" pass "ForwardLit" (vp)
    Full variant space:         61440
    After settings filtering:   1024
    After built-in stripping:   16
    After scriptable stripping: 16
    Processed in 0.00 seconds
    starting compilation...
    finished in 0.00 seconds. Local cache hits 16 (0.01s CPU time), remote cache hits 0 (0.00s CPU time), compiled 0 variants (0.00s CPU time), skipped 0 variants
    Prepared data for serialisation in 0.00s
    Prepared data for serialisation in 0.00s
Compiling shader "Hidden/TerrainEngine/Details/UniversalPipeline/BillboardWavingDoublePass" pass "DepthOnly" (vp)
    Full variant space:         2
    After settings filtering:   2
    After built-in stripping:   2
    After scriptable stripping: 2
    Processed in 0.00 seconds
    starting compilation...
    finished in 0.00 seconds. Local cache hits 2 (0.00s CPU time), remote cache hits 0 (0.00s CPU time), compiled 0 variants (0.00s CPU time), skipped 0 variants
    Prepared data for serialisation in 0.00s
Compiling shader "Hidden/TerrainEngine/Details/UniversalPipeline/BillboardWavingDoublePass" pass "DepthNormals" (vp)
    Full variant space:         2
    After settings filtering:   2
    After built-in stripping:   2
    After scriptable stripping: 2
    Processed in 0.00 seconds
    starting compilation...
    finished in 0.00 seconds. Local cache hits 2 (0.00s CPU time), remote cache hits 0 (0.00s CPU time), compiled 0 variants (0.00s CPU time), skipped 0 variants
    Prepared data for serialisation in 0.00s
Serialized binary data for shader Hidden/TerrainEngine/Details/UniversalPipeline/BillboardWavingDoublePass in 0.00s
    gles3 (total internal programs: 20, unique: 20)
Compiling shader "Unlit/NsdkImageConversion" pass "" (vp)
    Full variant space:         1
    After settings filtering:   1
    After built-in stripping:   2
    After scriptable stripping: 2
    Processed in 0.00 seconds
    starting compilation...
    finished in 0.00 seconds. Local cache hits 2 (0.00s CPU time), remote cache hits 0 (0.00s CPU time), compiled 0 variants (0.00s CPU time), skipped 0 variants
    Prepared data for serialisation in 0.00s
Serialized binary data for shader Unlit/NsdkImageConversion in 0.00s
    gles3 (total internal programs: 2, unique: 2)
Compiling shader "Hidden/Core/FallbackError" pass "" (vp)
    Full variant space:         3
    After settings filtering:   3
    After built-in stripping:   2
    After scriptable stripping: 2
    Processed in 0.00 seconds
    starting compilation...
    finished in 0.00 seconds. Local cache hits 2 (0.00s CPU time), remote cache hits 0 (0.00s CPU time), compiled 0 variants (0.00s CPU time), skipped 0 variants
    Prepared data for serialisation in 0.00s
Serialized binary data for shader Hidden/Core/FallbackError in 0.00s
    gles3 (total internal programs: 2, unique: 2)
Compiling shader "Hidden/Universal Render Pipeline/XR/XROcclusionMesh" pass "" (vp)
    Full variant space:         2
    After settings filtering:   2
    After built-in stripping:   4
    After scriptable stripping: 4
    Processed in 0.00 seconds
    starting compilation...
    finished in 0.00 seconds. Local cache hits 4 (0.00s CPU time), remote cache hits 0 (0.00s CPU time), compiled 0 variants (0.00s CPU time), skipped 0 variants
    Prepared data for serialisation in 0.00s
Serialized binary data for shader Hidden/Universal Render Pipeline/XR/XROcclusionMesh in 0.00s
    gles3 (total internal programs: 4, unique: 4)
Compiling shader "Hidden/Universal/HDRDebugView" pass "" (vp)
    Full variant space:         4
    After settings filtering:   1
    After built-in stripping:   2
    After scriptable stripping: 2
    Processed in 0.00 seconds
    starting compilation...
    finished in 0.00 seconds. Local cache hits 2 (0.00s CPU time), remote cache hits 0 (0.00s CPU time), compiled 0 variants (0.00s CPU time), skipped 0 variants
    Prepared data for serialisation in 0.00s
Compiling shader "Hidden/Universal/HDRDebugView" pass "" (vp)
    Full variant space:         4
    After settings filtering:   1
    After built-in stripping:   2
    After scriptable stripping: 2
    Processed in 0.00 seconds
    starting compilation...
    finished in 0.00 seconds. Local cache hits 2 (0.00s CPU time), remote cache hits 0 (0.00s CPU time), compiled 0 variants (0.00s CPU time), skipped 0 variants
    Prepared data for serialisation in 0.00s
Serialized binary data for shader Hidden/Universal/HDRDebugView in 0.00s
    gles3 (total internal programs: 4, unique: 4)
Compiling shader "Hidden/Universal/CoreBlit" pass "Nearest" (vp)
    Full variant space:         1
    After settings filtering:   1
    After built-in stripping:   2
    After scriptable stripping: 2
    Processed in 0.00 seconds
    starting compilation...
    finished in 0.00 seconds. Local cache hits 2 (0.00s CPU time), remote cache hits 0 (0.00s CPU time), compiled 0 variants (0.00s CPU time), skipped 0 variants
    Prepared data for serialisation in 0.00s
Compiling shader "Hidden/Universal/CoreBlit" pass "Bilinear" (vp)
    Full variant space:         1
    After settings filtering:   1
    After built-in stripping:   2
    After scriptable stripping: 2
    Processed in 0.00 seconds
    starting compilation...
    finished in 0.00 seconds. Local cache hits 2 (0.00s CPU time), remote cache hits 0 (0.00s CPU time), compiled 0 variants (0.00s CPU time), skipped 0 variants
    Prepared data for serialisation in 0.00s
Compiling shader "Hidden/Universal/CoreBlit" pass "NearestQuad" (vp)
    Full variant space:         1
    After settings filtering:   1
    After built-in stripping:   2
    After scriptable stripping: 2
    Processed in 0.00 seconds
    starting compilation...
    finished in 0.00 seconds. Local cache hits 2 (0.00s CPU time), remote cache hits 0 (0.00s CPU time), compiled 0 variants (0.00s CPU time), skipped 0 variants
    Prepared data for serialisation in 0.00s
Compiling shader "Hidden/Universal/CoreBlit" pass "BilinearQuad" (vp)
    Full variant space:         1
    After settings filtering:   1
    After built-in stripping:   2
    After scriptable stripping: 2
    Processed in 0.00 seconds
    starting compilation...
    finished in 0.00 seconds. Local cache hits 2 (0.00s CPU time), remote cache hits 0 (0.00s CPU time), compiled 0 variants (0.00s CPU time), skipped 0 variants
    Prepared data for serialisation in 0.00s
Compiling shader "Hidden/Universal/CoreBlit" pass "NearestQuadPadding" (vp)
    Full variant space:         1
    After settings filtering:   1
    After built-in stripping:   2
    After scriptable stripping: 2
    Processed in 0.00 seconds
    starting compilation...
    finished in 0.00 seconds. Local cache hits 2 (0.00s CPU time), remote cache hits 0 (0.00s CPU time), compiled 0 variants (0.00s CPU time), skipped 0 variants
    Prepared data for serialisation in 0.00s
Compiling shader "Hidden/Universal/CoreBlit" pass "BilinearQuadPadding" (vp)
    Full variant space:         1
    After settings filtering:   1
    After built-in stripping:   2
    After scriptable stripping: 2
    Processed in 0.00 seconds
    starting compilation...
    finished in 0.00 seconds. Local cache hits 2 (0.00s CPU time), remote cache hits 0 (0.00s CPU time), compiled 0 variants (0.00s CPU time), skipped 0 variants
    Prepared data for serialisation in 0.00s
Compiling shader "Hidden/Universal/CoreBlit" pass "NearestQuadPaddingRepeat" (vp)
    Full variant space:         1
    After settings filtering:   1
    After built-in stripping:   2
    After scriptable stripping: 2
    Processed in 0.00 seconds
    starting compilation...
    finished in 0.00 seconds. Local cache hits 2 (0.00s CPU time), remote cache hits 0 (0.00s CPU time), compiled 0 variants (0.00s CPU time), skipped 0 variants
    Prepared data for serialisation in 0.00s
Compiling shader "Hidden/Universal/CoreBlit" pass "BilinearQuadPaddingRepeat" (vp)
    Full variant space:         1
    After settings filtering:   1
    After built-in stripping:   2
    After scriptable stripping: 2
    Processed in 0.00 seconds
    starting compilation...
    finished in 0.00 seconds. Local cache hits 2 (0.00s CPU time), remote cache hits 0 (0.00s CPU time), compiled 0 variants (0.00s CPU time), skipped 0 variants
    Prepared data for serialisation in 0.00s
Compiling shader "Hidden/Universal/CoreBlit" pass "BilinearQuadPaddingOctahedral" (vp)
    Full variant space:         1
    After settings filtering:   1
    After built-in stripping:   2
    After scriptable stripping: 2
    Processed in 0.00 seconds
    starting compilation...
    finished in 0.00 seconds. Local cache hits 2 (0.00s CPU time), remote cache hits 0 (0.00s CPU time), compiled 0 variants (0.00s CPU time), skipped 0 variants
    Prepared data for serialisation in 0.00s
Compiling shader "Hidden/Universal/CoreBlit" pass "NearestQuadPaddingAlphaBlend" (vp)
    Full variant space:         1
    After settings filtering:   1
    After built-in stripping:   2
    After scriptable stripping: 2
    Processed in 0.00 seconds
    starting compilation...
    finished in 0.00 seconds. Local cache hits 2 (0.00s CPU time), remote cache hits 0 (0.00s CPU time), compiled 0 variants (0.00s CPU time), skipped 0 variants
    Prepared data for serialisation in 0.00s
Compiling shader "Hidden/Universal/CoreBlit" pass "BilinearQuadPaddingAlphaBlend" (vp)
    Full variant space:         1
    After settings filtering:   1
    After built-in stripping:   2
    After scriptable stripping: 2
    Processed in 0.00 seconds
    starting compilation...
    finished in 0.00 seconds. Local cache hits 2 (0.00s CPU time), remote cache hits 0 (0.00s CPU time), compiled 0 variants (0.00s CPU time), skipped 0 variants
    Prepared data for serialisation in 0.00s
Compiling shader "Hidden/Universal/CoreBlit" pass "NearestQuadPaddingAlphaBlendRepeat" (vp)
    Full variant space:         1
    After settings filtering:   1
    After built-in stripping:   2
    After scriptable stripping: 2
    Processed in 0.00 seconds
    starting compilation...
    finished in 0.00 seconds. Local cache hits 2 (0.00s CPU time), remote cache hits 0 (0.00s CPU time), compiled 0 variants (0.00s CPU time), skipped 0 variants
    Prepared data for serialisation in 0.00s
Compiling shader "Hidden/Universal/CoreBlit" pass "BilinearQuadPaddingAlphaBlendRepeat" (vp)
    Full variant space:         1
    After settings filtering:   1
    After built-in stripping:   2
    After scriptable stripping: 2
    Processed in 0.00 seconds
    starting compilation...
    finished in 0.00 seconds. Local cache hits 2 (0.00s CPU time), remote cache hits 0 (0.00s CPU time), compiled 0 variants (0.00s CPU time), skipped 0 variants
    Prepared data for serialisation in 0.00s
Compiling shader "Hidden/Universal/CoreBlit" pass "BilinearQuadPaddingAlphaBlendOctahedral" (vp)
    Full variant space:         1
    After settings filtering:   1
    After built-in stripping:   2
    After scriptable stripping: 2
    Processed in 0.00 seconds
    starting compilation...
    finished in 0.00 seconds. Local cache hits 2 (0.00s CPU time), remote cache hits 0 (0.00s CPU time), compiled 0 variants (0.00s CPU time), skipped 0 variants
    Prepared data for serialisation in 0.00s
Compiling shader "Hidden/Universal/CoreBlit" pass "CubeToOctahedral" (vp)
    Full variant space:         1
    After settings filtering:   1
    After built-in stripping:   2
    After scriptable stripping: 2
    Processed in 0.00 seconds
    starting compilation...
    finished in 0.00 seconds. Local cache hits 2 (0.00s CPU time), remote cache hits 0 (0.00s CPU time), compiled 0 variants (0.00s CPU time), skipped 0 variants
    Prepared data for serialisation in 0.00s
Compiling shader "Hidden/Universal/CoreBlit" pass "CubeToOctahedralLuminance" (vp)
    Full variant space:         1
    After settings filtering:   1
    After built-in stripping:   2
    After scriptable stripping: 2
    Processed in 0.00 seconds
    starting compilation...
    finished in 0.00 seconds. Local cache hits 2 (0.00s CPU time), remote cache hits 0 (0.00s CPU time), compiled 0 variants (0.00s CPU time), skipped 0 variants
    Prepared data for serialisation in 0.00s
Compiling shader "Hidden/Universal/CoreBlit" pass "CubeToOctahedralAlpha" (vp)
    Full variant space:         1
    After settings filtering:   1
    After built-in stripping:   2
    After scriptable stripping: 2
    Processed in 0.00 seconds
    starting compilation...
    finished in 0.00 seconds. Local cache hits 2 (0.00s CPU time), remote cache hits 0 (0.00s CPU time), compiled 0 variants (0.00s CPU time), skipped 0 variants
    Prepared data for serialisation in 0.00s
Compiling shader "Hidden/Universal/CoreBlit" pass "CubeToOctahedralRed" (vp)
    Full variant space:         1
    After settings filtering:   1
    After built-in stripping:   2
    After scriptable stripping: 2
    Processed in 0.00 seconds
    starting compilation...
    finished in 0.00 seconds. Local cache hits 2 (0.00s CPU time), remote cache hits 0 (0.00s CPU time), compiled 0 variants (0.00s CPU time), skipped 0 variants
    Prepared data for serialisation in 0.00s
Compiling shader "Hidden/Universal/CoreBlit" pass "BilinearQuadLuminance" (vp)
    Full variant space:         1
    After settings filtering:   1
    After built-in stripping:   2
    After scriptable stripping: 2
    Processed in 0.00 seconds
    starting compilation...
    finished in 0.00 seconds. Local cache hits 2 (0.00s CPU time), remote cache hits 0 (0.00s CPU time), compiled 0 variants (0.00s CPU time), skipped 0 variants
    Prepared data for serialisation in 0.00s
Compiling shader "Hidden/Universal/CoreBlit" pass "BilinearQuadAlpha" (vp)
    Full variant space:         1
    After settings filtering:   1
    After built-in stripping:   2
    After scriptable stripping: 2
    Processed in 0.00 seconds
    starting compilation...
    finished in 0.00 seconds. Local cache hits 2 (0.00s CPU time), remote cache hits 0 (0.00s CPU time), compiled 0 variants (0.00s CPU time), skipped 0 variants
    Prepared data for serialisation in 0.00s
Compiling shader "Hidden/Universal/CoreBlit" pass "BilinearQuadRed" (vp)
    Full variant space:         1
    After settings filtering:   1
    After built-in stripping:   2
    After scriptable stripping: 2
    Processed in 0.00 seconds
    starting compilation...
    finished in 0.00 seconds. Local cache hits 2 (0.00s CPU time), remote cache hits 0 (0.00s CPU time), compiled 0 variants (0.00s CPU time), skipped 0 variants
    Prepared data for serialisation in 0.00s
Compiling shader "Hidden/Universal/CoreBlit" pass "NearestCubeToOctahedralPadding" (vp)
    Full variant space:         2
    After settings filtering:   2
    After built-in stripping:   4
    After scriptable stripping: 4
    Processed in 0.00 seconds
    starting compilation...
    finished in 0.00 seconds. Local cache hits 4 (0.00s CPU time), remote cache hits 0 (0.00s CPU time), compiled 0 variants (0.00s CPU time), skipped 0 variants
    Prepared data for serialisation in 0.00s
Compiling shader "Hidden/Universal/CoreBlit" pass "BilinearCubeToOctahedralPadding" (vp)
    Full variant space:         2
    After settings filtering:   2
    After built-in stripping:   4
    After scriptable stripping: 4
    Processed in 0.00 seconds
    starting compilation...
    finished in 0.00 seconds. Local cache hits 4 (0.00s CPU time), remote cache hits 0 (0.00s CPU time), compiled 0 variants (0.00s CPU time), skipped 0 variants
    Prepared data for serialisation in 0.00s
Compiling shader "Hidden/Universal/CoreBlit" pass "BilinearDebugDraw" (vp)
    Full variant space:         4
    After settings filtering:   2
    After built-in stripping:   4
    After scriptable stripping: 4
    Processed in 0.00 seconds
    starting compilation...
    finished in 0.00 seconds. Local cache hits 4 (0.00s CPU time), remote cache hits 0 (0.00s CPU time), compiled 0 variants (0.00s CPU time), skipped 0 variants
    Prepared data for serialisation in 0.00s
Compiling shader "Hidden/Universal/CoreBlit" pass "NearestDebugDraw" (vp)
    Full variant space:         4
    After settings filtering:   2
    After built-in stripping:   4
    After scriptable stripping: 4
    Processed in 0.00 seconds
    starting compilation...
    finished in 0.00 seconds. Local cache hits 4 (0.00s CPU time), remote cache hits 0 (0.00s CPU time), compiled 0 variants (0.00s CPU time), skipped 0 variants
    Prepared data for serialisation in 0.00s
Serialized binary data for shader Hidden/Universal/CoreBlit in 0.00s
    gles3 (total internal programs: 58, unique: 30)
Compiling shader "Hidden/Universal/BlitHDROverlay" pass "BilinearDebugDraw" (vp)
    Full variant space:         8
    After settings filtering:   1
    After built-in stripping:   2
    After scriptable stripping: 0
    Processed in 0.00 seconds
    Prepared data for serialisation in 0.00s
Compiling shader "Hidden/Universal/BlitHDROverlay" pass "NearestDebugDraw" (vp)
    Full variant space:         8
    After settings filtering:   1
    After built-in stripping:   2
    After scriptable stripping: 0
    Processed in 0.00 seconds
    Prepared data for serialisation in 0.00s
Serialized binary data for shader Hidden/Universal/BlitHDROverlay in 0.00s
    gles3 (total internal programs: 0, unique: 0)
Compiling shader "Nsdk/ZBufferOcclusion" pass "" (vp)
    Full variant space:         16
    After settings filtering:   16
    After built-in stripping:   32
    After scriptable stripping: 32
    Processed in 0.00 seconds
    starting compilation...
    finished in 0.00 seconds. Local cache hits 32 (0.01s CPU time), remote cache hits 0 (0.00s CPU time), compiled 0 variants (0.00s CPU time), skipped 0 variants
    Prepared data for serialisation in 0.00s
Serialized binary data for shader Nsdk/ZBufferOcclusion in 0.00s
    gles3 (total internal programs: 32, unique: 32)
Compiling shader "Unlit/NsdkPlaybackBackground" pass "AR Camera Background (Nsdk)" (vp)
    Full variant space:         4
    After settings filtering:   4
    After built-in stripping:   8
    After scriptable stripping: 8
    Processed in 0.00 seconds
    starting compilation...
    finished in 0.00 seconds. Local cache hits 8 (0.01s CPU time), remote cache hits 0 (0.00s CPU time), compiled 0 variants (0.00s CPU time), skipped 0 variants
    Prepared data for serialisation in 0.00s
Serialized binary data for shader Unlit/NsdkPlaybackBackground in 0.00s
    gles3 (total internal programs: 8, unique: 8)
Compiling shader "Hidden/Universal Render Pipeline/CameraMotionVectors" pass "Camera Motion Vectors" (vp)
    Full variant space:         1
    After settings filtering:   1
    After built-in stripping:   2
    After scriptable stripping: 2
    Processed in 0.00 seconds
    starting compilation...
    finished in 0.00 seconds. Local cache hits 2 (0.00s CPU time), remote cache hits 0 (0.00s CPU time), compiled 0 variants (0.00s CPU time), skipped 0 variants
    Prepared data for serialisation in 0.00s
Serialized binary data for shader Hidden/Universal Render Pipeline/CameraMotionVectors in 0.00s
    gles3 (total internal programs: 2, unique: 2)
Compiling shader "Unlit/ARCoreBackground" pass "AR Camera Background (ARCore)" (vp)
    Full variant space:         4
    After settings filtering:   4
    After built-in stripping:   8
    After scriptable stripping: 8
    Processed in 0.00 seconds
    starting compilation...
    finished in 0.00 seconds. Local cache hits 8 (0.00s CPU time), remote cache hits 0 (0.00s CPU time), compiled 0 variants (0.00s CPU time), skipped 0 variants
    Prepared data for serialisation in 0.00s
    Prepared data for serialisation in 0.00s
Serialized binary data for shader Unlit/ARCoreBackground in 0.00s
    gles3 (total internal programs: 8, unique: 8)
Compiling shader "Hidden/Universal Render Pipeline/Debug/DebugReplacement" pass "Vertex Attributes" (vp)
    Full variant space:         2
    After settings filtering:   2
    After built-in stripping:   2
    After scriptable stripping: 2
    Processed in 0.00 seconds
    starting compilation...
    finished in 0.00 seconds. Local cache hits 2 (0.00s CPU time), remote cache hits 0 (0.00s CPU time), compiled 0 variants (0.00s CPU time), skipped 0 variants
    Prepared data for serialisation in 0.00s
Serialized binary data for shader Hidden/Universal Render Pipeline/Debug/DebugReplacement in 0.00s
    gles3 (total internal programs: 2, unique: 2)
Compiling shader "Hidden/Universal/CoreBlitColorAndDepth" pass "ColorOnly" (vp)
    Full variant space:         1
    After settings filtering:   1
    After built-in stripping:   2
    After scriptable stripping: 2
    Processed in 0.00 seconds
    starting compilation...
    finished in 0.00 seconds. Local cache hits 2 (0.00s CPU time), remote cache hits 0 (0.00s CPU time), compiled 0 variants (0.00s CPU time), skipped 0 variants
    Prepared data for serialisation in 0.00s
Compiling shader "Hidden/Universal/CoreBlitColorAndDepth" pass "ColorAndDepth" (vp)
    Full variant space:         1
    After settings filtering:   1
    After built-in stripping:   2
    After scriptable stripping: 2
    Processed in 0.00 seconds
    starting compilation...
    finished in 0.00 seconds. Local cache hits 2 (0.00s CPU time), remote cache hits 0 (0.00s CPU time), compiled 0 variants (0.00s CPU time), skipped 0 variants
    Prepared data for serialisation in 0.00s
Serialized binary data for shader Hidden/Universal/CoreBlitColorAndDepth in 0.00s
    gles3 (total internal programs: 4, unique: 4)
Compiling shader "Hidden/Universal Render Pipeline/XR/XRMirrorView" pass "" (vp)
    Full variant space:         4
    After settings filtering:   2
    After built-in stripping:   4
    After scriptable stripping: 4
    Processed in 0.00 seconds
    starting compilation...
    finished in 0.00 seconds. Local cache hits 4 (0.00s CPU time), remote cache hits 0 (0.00s CPU time), compiled 0 variants (0.00s CPU time), skipped 0 variants
    Prepared data for serialisation in 0.00s
Serialized binary data for shader Hidden/Universal Render Pipeline/XR/XRMirrorView in 0.00s
    gles3 (total internal programs: 4, unique: 4)
Compiling shader "Hidden/Universal Render Pipeline/CopyDepth" pass "CopyDepth" (vp)
    Full variant space:         8
    After settings filtering:   8
    After built-in stripping:   16
    After scriptable stripping: 16
    Processed in 0.00 seconds
    starting compilation...
    finished in 0.00 seconds. Local cache hits 16 (0.00s CPU time), remote cache hits 0 (0.00s CPU time), compiled 0 variants (0.00s CPU time), skipped 0 variants
    Prepared data for serialisation in 0.00s
Serialized binary data for shader Hidden/Universal Render Pipeline/CopyDepth in 0.00s
    gles3 (total internal programs: 16, unique: 16)
Compiling shader "Hidden/TerrainEngine/Details/UniversalPipeline/WavingDoublePass" pass "ForwardLit" (vp)
    Full variant space:         4423680
    After settings filtering:   6144
    After built-in stripping:   96
    After scriptable stripping: 32
    Processed in 0.00 seconds
    starting compilation...
    finished in 0.00 seconds. Local cache hits 32 (0.01s CPU time), remote cache hits 0 (0.00s CPU time), compiled 0 variants (0.00s CPU time), skipped 0 variants
    Prepared data for serialisation in 0.00s
    Prepared data for serialisation in 0.00s
Compiling shader "Hidden/TerrainEngine/Details/UniversalPipeline/WavingDoublePass" pass "DepthOnly" (vp)
    Full variant space:         2
    After settings filtering:   2
    After built-in stripping:   2
    After scriptable stripping: 2
    Processed in 0.00 seconds
    starting compilation...
    finished in 0.00 seconds. Local cache hits 2 (0.00s CPU time), remote cache hits 0 (0.00s CPU time), compiled 0 variants (0.00s CPU time), skipped 0 variants
    Prepared data for serialisation in 0.00s
Compiling shader "Hidden/TerrainEngine/Details/UniversalPipeline/WavingDoublePass" pass "DepthNormalsOnly" (vp)
    Full variant space:         8
    After settings filtering:   2
    After built-in stripping:   2
    After scriptable stripping: 2
    Processed in 0.00 seconds
    starting compilation...
    finished in 0.00 seconds. Local cache hits 2 (0.00s CPU time), remote cache hits 0 (0.00s CPU time), compiled 0 variants (0.00s CPU time), skipped 0 variants
    Prepared data for serialisation in 0.00s
Serialized binary data for shader Hidden/TerrainEngine/Details/UniversalPipeline/WavingDoublePass in 0.00s
    gles3 (total internal programs: 36, unique: 36)
Compiling shader "Hidden/Universal Render Pipeline/FallbackError" pass "" (vp)
    Full variant space:         6
    After settings filtering:   6
    After built-in stripping:   2
    After scriptable stripping: 2
    Processed in 0.00 seconds
    starting compilation...
    finished in 0.00 seconds. Local cache hits 2 (0.00s CPU time), remote cache hits 0 (0.00s CPU time), compiled 0 variants (0.00s CPU time), skipped 0 variants
    Prepared data for serialisation in 0.00s
Serialized binary data for shader Hidden/Universal Render Pipeline/FallbackError in 0.00s
    gles3 (total internal programs: 2, unique: 2)
    Prepared data for serialisation in 0.00s
    Prepared data for serialisation in 0.00s
    Prepared data for serialisation in 0.00s
    Prepared data for serialisation in 0.00s
    Prepared data for serialisation in 0.00s
    Prepared data for serialisation in 0.00s
    Prepared data for serialisation in 0.00s
    Prepared data for serialisation in 0.00s
Serialized binary data for shader Hidden/Universal Render Pipeline/StencilDeferred in 0.00s
    gles3 (total internal programs: 0, unique: 0)
Compiling shader "Hidden/Universal Render Pipeline/DBufferClear" pass "DBufferClear" (vp)
    Full variant space:         3
    After settings filtering:   1
    After built-in stripping:   2
    After scriptable stripping: 0
    Processed in 0.00 seconds
    Prepared data for serialisation in 0.00s
Serialized binary data for shader Hidden/Universal Render Pipeline/DBufferClear in 0.00s
    gles3 (total internal programs: 0, unique: 0)
Compiling shader "Nsdk/CopyEyeDepth" pass "" (vp)
    Full variant space:         1
    After settings filtering:   1
    After built-in stripping:   2
    After scriptable stripping: 2
    Processed in 0.00 seconds
    starting compilation...
    finished in 0.00 seconds. Local cache hits 2 (0.00s CPU time), remote cache hits 0 (0.00s CPU time), compiled 0 variants (0.00s CPU time), skipped 0 variants
    Prepared data for serialisation in 0.00s
Serialized binary data for shader Nsdk/CopyEyeDepth in 0.00s
    gles3 (total internal programs: 2, unique: 2)
Compiling shader "Hidden/TerrainEngine/Details/UniversalPipeline/Vertexlit" pass "TerrainDetailVertex" (vp)
    Full variant space:         184320
    After settings filtering:   1024
    After built-in stripping:   32
    After scriptable stripping: 32
    Processed in 0.00 seconds
    starting compilation...
    finished in 0.00 seconds. Local cache hits 32 (0.01s CPU time), remote cache hits 0 (0.00s CPU time), compiled 0 variants (0.00s CPU time), skipped 0 variants
    Prepared data for serialisation in 0.00s
Compiling shader "Hidden/TerrainEngine/Details/UniversalPipeline/Vertexlit" pass "TerrainDetailVertex - GBuffer" (vp)
    Full variant space:         3840
    After settings filtering:   64
    After built-in stripping:   32
    After scriptable stripping: 16
    Processed in 0.00 seconds
    starting compilation...
    finished in 0.00 seconds. Local cache hits 16 (0.00s CPU time), remote cache hits 0 (0.00s CPU time), compiled 0 variants (0.00s CPU time), skipped 0 variants
    Prepared data for serialisation in 0.00s
Compiling shader "Hidden/TerrainEngine/Details/UniversalPipeline/Vertexlit" pass "DepthOnly" (vp)
    Full variant space:         2
    After settings filtering:   2
    After built-in stripping:   2
    After scriptable stripping: 2
    Processed in 0.00 seconds
    starting compilation...
    finished in 0.00 seconds. Local cache hits 2 (0.00s CPU time), remote cache hits 0 (0.00s CPU time), compiled 0 variants (0.00s CPU time), skipped 0 variants
    Prepared data for serialisation in 0.00s
Compiling shader "Hidden/TerrainEngine/Details/UniversalPipeline/Vertexlit" pass "DepthNormals" (vp)
    Full variant space:         2
    After settings filtering:   2
    After built-in stripping:   2
    After scriptable stripping: 2
    Processed in 0.00 seconds
    starting compilation...
    finished in 0.00 seconds. Local cache hits 2 (0.00s CPU time), remote cache hits 0 (0.00s CPU time), compiled 0 variants (0.00s CPU time), skipped 0 variants
    Prepared data for serialisation in 0.00s
Serialized binary data for shader Hidden/TerrainEngine/Details/UniversalPipeline/Vertexlit in 0.00s
    gles3 (total internal programs: 52, unique: 52)
Compiling shader "Hidden/Universal Render Pipeline/XR/XRMotionVector" pass "XR Camera MotionVectors" (vp)
    Full variant space:         1
    After settings filtering:   1
    After built-in stripping:   2
    After scriptable stripping: 2
    Processed in 0.00 seconds
    starting compilation...
    finished in 0.00 seconds. Local cache hits 2 (0.00s CPU time), remote cache hits 0 (0.00s CPU time), compiled 0 variants (0.00s CPU time), skipped 0 variants
    Prepared data for serialisation in 0.00s
Serialized binary data for shader Hidden/Universal Render Pipeline/XR/XRMotionVector in 0.00s
    gles3 (total internal programs: 2, unique: 2)
Compiling compute shader "ProbeVolumeSamplingDebugPositionNormal"
    starting stripping...
    finished in 0.00 seconds. 1 of 1 variants left
    1 variants, starting compilation...
    finished in 0.00 seconds. Local cache hits 1, remote cache hits 0, compiled 0 variants
Compiling shader "Skybox/Procedural" pass "" (vp)
    Full variant space:         3
    After settings filtering:   3
    After built-in stripping:   6
    After scriptable stripping: 6
    Processed in 0.00 seconds
    starting compilation...
    finished in 0.00 seconds. Local cache hits 6 (0.00s CPU time), remote cache hits 0 (0.00s CPU time), compiled 0 variants (0.00s CPU time), skipped 0 variants
    Prepared data for serialisation in 0.00s
Serialized binary data for shader Skybox/Procedural in 0.00s
    gles3 (total internal programs: 6, unique: 6)
Compiling shader "Shader Graphs/glTF-pbrMetallicRoughness" pass "Universal Forward" (vp)
    Full variant space:         1132462080
    After settings filtering:   24576
    After built-in stripping:   96
    After scriptable stripping: 32
    Processed in 0.00 seconds
    starting compilation...
    finished in 0.00 seconds. Local cache hits 32 (0.02s CPU time), remote cache hits 0 (0.00s CPU time), compiled 0 variants (0.00s CPU time), skipped 0 variants
    Prepared data for serialisation in 0.00s
    Prepared data for serialisation in 0.00s
Compiling shader "Shader Graphs/glTF-pbrMetallicRoughness" pass "ShadowCaster" (vp)
    Full variant space:         8
    After settings filtering:   8
    After built-in stripping:   4
    After scriptable stripping: 2
    Processed in 0.00 seconds
    starting compilation...
    finished in 0.00 seconds. Local cache hits 2 (0.00s CPU time), remote cache hits 0 (0.00s CPU time), compiled 0 variants (0.00s CPU time), skipped 0 variants
    Prepared data for serialisation in 0.00s
Compiling shader "Shader Graphs/glTF-pbrMetallicRoughness" pass "MotionVectors" (vp)
    Full variant space:         8
    After settings filtering:   4
    After built-in stripping:   2
    After scriptable stripping: 2
    Processed in 0.00 seconds
    starting compilation...
    finished in 0.00 seconds. Local cache hits 2 (0.00s CPU time), remote cache hits 0 (0.00s CPU time), compiled 0 variants (0.00s CPU time), skipped 0 variants
    Prepared data for serialisation in 0.00s
Compiling shader "Shader Graphs/glTF-pbrMetallicRoughness" pass "DepthOnly" (vp)
    Full variant space:         4
    After settings filtering:   4
    After built-in stripping:   2
    After scriptable stripping: 2
    Processed in 0.00 seconds
    starting compilation...
    finished in 0.00 seconds. Local cache hits 2 (0.00s CPU time), remote cache hits 0 (0.00s CPU time), compiled 0 variants (0.00s CPU time), skipped 0 variants
    Prepared data for serialisation in 0.00s
Compiling shader "Shader Graphs/glTF-pbrMetallicRoughness" pass "DepthNormals" (vp)
    Full variant space:         8
    After settings filtering:   4
    After built-in stripping:   2
    After scriptable stripping: 2
    Processed in 0.00 seconds
    starting compilation...
    finished in 0.00 seconds. Local cache hits 2 (0.00s CPU time), remote cache hits 0 (0.00s CPU time), compiled 0 variants (0.00s CPU time), skipped 0 variants
    Prepared data for serialisation in 0.00s
Compiling shader "Shader Graphs/glTF-pbrMetallicRoughness" pass "Universal 2D" (vp)
    Full variant space:         1
    After settings filtering:   1
    After built-in stripping:   2
    After scriptable stripping: 2
    Processed in 0.00 seconds
    starting compilation...
    finished in 0.00 seconds. Local cache hits 2 (0.00s CPU time), remote cache hits 0 (0.00s CPU time), compiled 0 variants (0.00s CPU time), skipped 0 variants
    Prepared data for serialisation in 0.00s
Compiling shader "Shader Graphs/glTF-pbrMetallicRoughness" pass "BuiltIn Forward" (vp)
STRIPPING: Shader Graphs/glTF-pbrMetallicRoughness (BuiltIn Forward pass) (Vertex) - Remaining shader variants = 0/1536 = 0% - Total = 0/1536 = 0%
UnityEngine.Debug:ExtractStackTraceNoAlloc (byte*,int,string)
UnityEngine.StackTraceUtility:ExtractStackTrace () (at /Users/bokken/build/output/unity/unity/Runtime/Export/Scripting/StackTrace.cs:35)
UnityEngine.DebugLogHandler:Internal_Log (UnityEngine.LogType,UnityEngine.LogOption,string,UnityEngine.Object)
UnityEngine.DebugLogHandler:LogFormat (UnityEngine.LogType,UnityEngine.Object,string,object[])
UnityEngine.Logger:Log (UnityEngine.LogType,object)
UnityEngine.Debug:Log (object)
UnityEditor.Rendering.BuiltIn.ShaderPreprocessor:LogShaderVariants (UnityEngine.Shader,UnityEditor.Rendering.ShaderSnippetData,int,int) (at ./Library/PackageCache/com.unity.shadergraph@bff931d63a7a/Editor/Generation/Targets/BuiltIn/Editor/ShaderPreprocessor.cs:354)
UnityEditor.Rendering.BuiltIn.ShaderPreprocessor:OnProcessShader (UnityEngine.Shader,UnityEditor.Rendering.ShaderSnippetData,System.Collections.Generic.IList`1<UnityEditor.Rendering.ShaderCompilerData>) (at ./Library/PackageCache/com.unity.shadergraph@bff931d63a7a/Editor/Generation/Targets/BuiltIn/Editor/ShaderPreprocessor.cs:408)
UnityEditor.Build.BuildPipelineInterfaces:OnPreprocessShaders (UnityEngine.Shader,UnityEditor.Rendering.ShaderSnippetData,UnityEditor.Rendering.ShaderCompilerData[]) (at /Users/bokken/build/output/unity/unity/Editor/Mono/BuildPipeline/BuildPipelineInterfaces.cs:613)
UnityEditor.BuildPipeline:BuildPlayerInternalNoCheck (string[],string,string,UnityEditor.BuildTargetGroup,UnityEditor.BuildTarget,int,UnityEditor.BuildOptions,string[],bool)
UnityEditor.BuildPipeline:BuildPlayerInternal (string[],string,string,UnityEditor.BuildTargetGroup,UnityEditor.BuildTarget,int,UnityEditor.BuildOptions,string[]) (at /Users/bokken/build/output/unity/unity/Editor/Mono/BuildPipeline.bindings.cs:534)
UnityEditor.BuildPipeline:BuildPlayer (string[],string,string,UnityEditor.BuildTargetGroup,UnityEditor.BuildTarget,int,UnityEditor.BuildOptions,string[]) (at /Users/bokken/build/output/unity/unity/Editor/Mono/BuildPipeline.bindings.cs:418)
UnityEditor.BuildPipeline:BuildPlayer (UnityEditor.BuildPlayerOptions) (at /Users/bokken/build/output/unity/unity/Editor/Mono/BuildPipeline.bindings.cs:364)
Gibi.Editor.AndroidBuild:Build (bool) (at Assets/Gibi/Editor/AndroidBuild.cs:74)
Gibi.Editor.AndroidBuild:BuildDevForCI () (at Assets/Gibi/Editor/AndroidBuild.cs:23)

(Filename: ./Library/PackageCache/com.unity.shadergraph@bff931d63a7a/Editor/Generation/Targets/BuiltIn/Editor/ShaderPreprocessor.cs Line: 354)

    Full variant space:         1019904
    After settings filtering:   1019904
    After built-in stripping:   1536
    After scriptable stripping: 0
    Processed in 0.02 seconds
    Prepared data for serialisation in 0.00s
Compiling shader "Shader Graphs/glTF-pbrMetallicRoughness" pass "BuiltIn ForwardAdd" (vp)
STRIPPING: Shader Graphs/glTF-pbrMetallicRoughness (BuiltIn ForwardAdd pass) (Vertex) - Remaining shader variants = 0/2496 = 0% - Total = 0/4032 = 0%
UnityEngine.Debug:ExtractStackTraceNoAlloc (byte*,int,string)
UnityEngine.StackTraceUtility:ExtractStackTrace () (at /Users/bokken/build/output/unity/unity/Runtime/Export/Scripting/StackTrace.cs:35)
UnityEngine.DebugLogHandler:Internal_Log (UnityEngine.LogType,UnityEngine.LogOption,string,UnityEngine.Object)
UnityEngine.DebugLogHandler:LogFormat (UnityEngine.LogType,UnityEngine.Object,string,object[])
UnityEngine.Logger:Log (UnityEngine.LogType,object)
UnityEngine.Debug:Log (object)
UnityEditor.Rendering.BuiltIn.ShaderPreprocessor:LogShaderVariants (UnityEngine.Shader,UnityEditor.Rendering.ShaderSnippetData,int,int) (at ./Library/PackageCache/com.unity.shadergraph@bff931d63a7a/Editor/Generation/Targets/BuiltIn/Editor/ShaderPreprocessor.cs:354)
UnityEditor.Rendering.BuiltIn.ShaderPreprocessor:OnProcessShader (UnityEngine.Shader,UnityEditor.Rendering.ShaderSnippetData,System.Collections.Generic.IList`1<UnityEditor.Rendering.ShaderCompilerData>) (at ./Library/PackageCache/com.unity.shadergraph@bff931d63a7a/Editor/Generation/Targets/BuiltIn/Editor/ShaderPreprocessor.cs:408)
UnityEditor.Build.BuildPipelineInterfaces:OnPreprocessShaders (UnityEngine.Shader,UnityEditor.Rendering.ShaderSnippetData,UnityEditor.Rendering.ShaderCompilerData[]) (at /Users/bokken/build/output/unity/unity/Editor/Mono/BuildPipeline/BuildPipelineInterfaces.cs:613)
UnityEditor.BuildPipeline:BuildPlayerInternalNoCheck (string[],string,string,UnityEditor.BuildTargetGroup,UnityEditor.BuildTarget,int,UnityEditor.BuildOptions,string[],bool)
UnityEditor.BuildPipeline:BuildPlayerInternal (string[],string,string,UnityEditor.BuildTargetGroup,UnityEditor.BuildTarget,int,UnityEditor.BuildOptions,string[]) (at /Users/bokken/build/output/unity/unity/Editor/Mono/BuildPipeline.bindings.cs:534)
UnityEditor.BuildPipeline:BuildPlayer (string[],string,string,UnityEditor.BuildTargetGroup,UnityEditor.BuildTarget,int,UnityEditor.BuildOptions,string[]) (at /Users/bokken/build/output/unity/unity/Editor/Mono/BuildPipeline.bindings.cs:418)
UnityEditor.BuildPipeline:BuildPlayer (UnityEditor.BuildPlayerOptions) (at /Users/bokken/build/output/unity/unity/Editor/Mono/BuildPipeline.bindings.cs:364)
Gibi.Editor.AndroidBuild:Build (bool) (at Assets/Gibi/Editor/AndroidBuild.cs:74)
Gibi.Editor.AndroidBuild:BuildDevForCI () (at Assets/Gibi/Editor/AndroidBuild.cs:23)

(Filename: ./Library/PackageCache/com.unity.shadergraph@bff931d63a7a/Editor/Generation/Targets/BuiltIn/Editor/ShaderPreprocessor.cs Line: 354)

    Full variant space:         577536
    After settings filtering:   577536
    After built-in stripping:   2496
    After scriptable stripping: 0
    Processed in 0.01 seconds
    Prepared data for serialisation in 0.00s
Compiling shader "Shader Graphs/glTF-pbrMetallicRoughness" pass "BuiltIn Deferred" (vp)
STRIPPING: Shader Graphs/glTF-pbrMetallicRoughness (BuiltIn Deferred pass) (Vertex) - Remaining shader variants = 0/256 = 0% - Total = 0/4288 = 0%
UnityEngine.Debug:ExtractStackTraceNoAlloc (byte*,int,string)
UnityEngine.StackTraceUtility:ExtractStackTrace () (at /Users/bokken/build/output/unity/unity/Runtime/Export/Scripting/StackTrace.cs:35)
UnityEngine.DebugLogHandler:Internal_Log (UnityEngine.LogType,UnityEngine.LogOption,string,UnityEngine.Object)
UnityEngine.DebugLogHandler:LogFormat (UnityEngine.LogType,UnityEngine.Object,string,object[])
UnityEngine.Logger:Log (UnityEngine.LogType,object)
UnityEngine.Debug:Log (object)
UnityEditor.Rendering.BuiltIn.ShaderPreprocessor:LogShaderVariants (UnityEngine.Shader,UnityEditor.Rendering.ShaderSnippetData,int,int) (at ./Library/PackageCache/com.unity.shadergraph@bff931d63a7a/Editor/Generation/Targets/BuiltIn/Editor/ShaderPreprocessor.cs:354)
UnityEditor.Rendering.BuiltIn.ShaderPreprocessor:OnProcessShader (UnityEngine.Shader,UnityEditor.Rendering.ShaderSnippetData,System.Collections.Generic.IList`1<UnityEditor.Rendering.ShaderCompilerData>) (at ./Library/PackageCache/com.unity.shadergraph@bff931d63a7a/Editor/Generation/Targets/BuiltIn/Editor/ShaderPreprocessor.cs:408)
UnityEditor.Build.BuildPipelineInterfaces:OnPreprocessShaders (UnityEngine.Shader,UnityEditor.Rendering.ShaderSnippetData,UnityEditor.Rendering.ShaderCompilerData[]) (at /Users/bokken/build/output/unity/unity/Editor/Mono/BuildPipeline/BuildPipelineInterfaces.cs:613)
UnityEditor.BuildPipeline:BuildPlayerInternalNoCheck (string[],string,string,UnityEditor.BuildTargetGroup,UnityEditor.BuildTarget,int,UnityEditor.BuildOptions,string[],bool)
UnityEditor.BuildPipeline:BuildPlayerInternal (string[],string,string,UnityEditor.BuildTargetGroup,UnityEditor.BuildTarget,int,UnityEditor.BuildOptions,string[]) (at /Users/bokken/build/output/unity/unity/Editor/Mono/BuildPipeline.bindings.cs:534)
UnityEditor.BuildPipeline:BuildPlayer (string[],string,string,UnityEditor.BuildTargetGroup,UnityEditor.BuildTarget,int,UnityEditor.BuildOptions,string[]) (at /Users/bokken/build/output/unity/unity/Editor/Mono/BuildPipeline.bindings.cs:418)
UnityEditor.BuildPipeline:BuildPlayer (UnityEditor.BuildPlayerOptions) (at /Users/bokken/build/output/unity/unity/Editor/Mono/BuildPipeline.bindings.cs:364)
Gibi.Editor.AndroidBuild:Build (bool) (at Assets/Gibi/Editor/AndroidBuild.cs:74)
Gibi.Editor.AndroidBuild:BuildDevForCI () (at Assets/Gibi/Editor/AndroidBuild.cs:23)

(Filename: ./Library/PackageCache/com.unity.shadergraph@bff931d63a7a/Editor/Generation/Targets/BuiltIn/Editor/ShaderPreprocessor.cs Line: 354)

    Full variant space:         4864
    After settings filtering:   4864
    After built-in stripping:   256
    After scriptable stripping: 0
    Processed in 0.00 seconds
    Prepared data for serialisation in 0.00s
Compiling shader "Shader Graphs/glTF-pbrMetallicRoughness" pass "ShadowCaster" (vp)
STRIPPING: Shader Graphs/glTF-pbrMetallicRoughness (ShadowCaster pass) (Vertex) - Remaining shader variants = 0/8 = 0% - Total = 0/4296 = 0%
UnityEngine.Debug:ExtractStackTraceNoAlloc (byte*,int,string)
UnityEngine.StackTraceUtility:ExtractStackTrace () (at /Users/bokken/build/output/unity/unity/Runtime/Export/Scripting/StackTrace.cs:35)
UnityEngine.DebugLogHandler:Internal_Log (UnityEngine.LogType,UnityEngine.LogOption,string,UnityEngine.Object)
UnityEngine.DebugLogHandler:LogFormat (UnityEngine.LogType,UnityEngine.Object,string,object[])
UnityEngine.Logger:Log (UnityEngine.LogType,object)
UnityEngine.Debug:Log (object)
UnityEditor.Rendering.BuiltIn.ShaderPreprocessor:LogShaderVariants (UnityEngine.Shader,UnityEditor.Rendering.ShaderSnippetData,int,int) (at ./Library/PackageCache/com.unity.shadergraph@bff931d63a7a/Editor/Generation/Targets/BuiltIn/Editor/ShaderPreprocessor.cs:354)
UnityEditor.Rendering.BuiltIn.ShaderPreprocessor:OnProcessShader (UnityEngine.Shader,UnityEditor.Rendering.ShaderSnippetData,System.Collections.Generic.IList`1<UnityEditor.Rendering.ShaderCompilerData>) (at ./Library/PackageCache/com.unity.shadergraph@bff931d63a7a/Editor/Generation/Targets/BuiltIn/Editor/ShaderPreprocessor.cs:408)
UnityEditor.Build.BuildPipelineInterfaces:OnPreprocessShaders (UnityEngine.Shader,UnityEditor.Rendering.ShaderSnippetData,UnityEditor.Rendering.ShaderCompilerData[]) (at /Users/bokken/build/output/unity/unity/Editor/Mono/BuildPipeline/BuildPipelineInterfaces.cs:613)
UnityEditor.BuildPipeline:BuildPlayerInternalNoCheck (string[],string,string,UnityEditor.BuildTargetGroup,UnityEditor.BuildTarget,int,UnityEditor.BuildOptions,string[],bool)
UnityEditor.BuildPipeline:BuildPlayerInternal (string[],string,string,UnityEditor.BuildTargetGroup,UnityEditor.BuildTarget,int,UnityEditor.BuildOptions,string[]) (at /Users/bokken/build/output/unity/unity/Editor/Mono/BuildPipeline.bindings.cs:534)
UnityEditor.BuildPipeline:BuildPlayer (string[],string,string,UnityEditor.BuildTargetGroup,UnityEditor.BuildTarget,int,UnityEditor.BuildOptions,string[]) (at /Users/bokken/build/output/unity/unity/Editor/Mono/BuildPipeline.bindings.cs:418)
UnityEditor.BuildPipeline:BuildPlayer (UnityEditor.BuildPlayerOptions) (at /Users/bokken/build/output/unity/unity/Editor/Mono/BuildPipeline.bindings.cs:364)
Gibi.Editor.AndroidBuild:Build (bool) (at Assets/Gibi/Editor/AndroidBuild.cs:74)
Gibi.Editor.AndroidBuild:BuildDevForCI () (at Assets/Gibi/Editor/AndroidBuild.cs:23)

(Filename: ./Library/PackageCache/com.unity.shadergraph@bff931d63a7a/Editor/Generation/Targets/BuiltIn/Editor/ShaderPreprocessor.cs Line: 354)

    Full variant space:         4
    After settings filtering:   4
    After built-in stripping:   8
    After scriptable stripping: 0
    Processed in 0.00 seconds
    Prepared data for serialisation in 0.00s
Compiling shader "Shader Graphs/glTF-pbrMetallicRoughness" pass "DepthOnly" (vp)
    Full variant space:         2
    After settings filtering:   2
    After built-in stripping:   2
    After scriptable stripping: 0
    Processed in 0.00 seconds
    Prepared data for serialisation in 0.00s
Serialized binary data for shader Shader Graphs/glTF-pbrMetallicRoughness in 0.00s
    gles3 (total internal programs: 42, unique: 42)
Compiling shader "Universal Render Pipeline/Unlit" pass "Unlit" (vp)
    Full variant space:         2048
    After settings filtering:   64
    After built-in stripping:   8
    After scriptable stripping: 8
    Processed in 0.00 seconds
    starting compilation...
    finished in 0.00 seconds. Local cache hits 8 (0.01s CPU time), remote cache hits 0 (0.00s CPU time), compiled 0 variants (0.00s CPU time), skipped 0 variants
    Prepared data for serialisation in 0.00s
    Prepared data for serialisation in 0.00s
Compiling shader "Universal Render Pipeline/Unlit" pass "DepthOnly" (vp)
    Full variant space:         8
    After settings filtering:   8
    After built-in stripping:   4
    After scriptable stripping: 4
    Processed in 0.00 seconds
    starting compilation...
    finished in 0.00 seconds. Local cache hits 4 (0.00s CPU time), remote cache hits 0 (0.00s CPU time), compiled 0 variants (0.00s CPU time), skipped 0 variants
    Prepared data for serialisation in 0.00s
Compiling shader "Universal Render Pipeline/Unlit" pass "DepthNormalsOnly" (vp)
    Full variant space:         32
    After settings filtering:   8
    After built-in stripping:   4
    After scriptable stripping: 4
    Processed in 0.00 seconds
    starting compilation...
    finished in 0.00 seconds. Local cache hits 4 (0.00s CPU time), remote cache hits 0 (0.00s CPU time), compiled 0 variants (0.00s CPU time), skipped 0 variants
    Prepared data for serialisation in 0.00s
Compiling shader "Universal Render Pipeline/Unlit" pass "MotionVectors" (vp)
    Full variant space:         8
    After settings filtering:   8
    After built-in stripping:   4
    After scriptable stripping: 4
    Processed in 0.00 seconds
    starting compilation...
    finished in 0.00 seconds. Local cache hits 4 (0.00s CPU time), remote cache hits 0 (0.00s CPU time), compiled 0 variants (0.00s CPU time), skipped 0 variants
    Prepared data for serialisation in 0.00s
Compiling shader "Universal Render Pipeline/Unlit" pass "XRMotionVectors" (vp)
    Full variant space:         8
    After settings filtering:   8
    After built-in stripping:   4
    After scriptable stripping: 4
    Processed in 0.00 seconds
    starting compilation...
    finished in 0.00 seconds. Local cache hits 4 (0.00s CPU time), remote cache hits 0 (0.00s CPU time), compiled 0 variants (0.00s CPU time), skipped 0 variants
    Prepared data for serialisation in 0.00s
Serialized binary data for shader Universal Render Pipeline/Unlit in 0.00s
    gles3 (total internal programs: 24, unique: 24)
Compiling shader "Hidden/Shader Graph/FallbackError" pass "" (vp)
    Full variant space:         4
    After settings filtering:   4
    After built-in stripping:   2
    After scriptable stripping: 2
    Processed in 0.00 seconds
    starting compilation...
    finished in 0.00 seconds. Local cache hits 2 (0.00s CPU time), remote cache hits 0 (0.00s CPU time), compiled 0 variants (0.00s CPU time), skipped 0 variants
    Prepared data for serialisation in 0.00s
Serialized binary data for shader Hidden/Shader Graph/FallbackError in 0.00s
    gles3 (total internal programs: 2, unique: 2)
Compiling shader "Universal Render Pipeline/Lit" pass "ForwardLit" (vp)
    Full variant space:         2264924160
    After settings filtering:   49152
    After built-in stripping:   192
    After scriptable stripping: 64
    Processed in 0.00 seconds
    starting compilation...
    finished in 0.01 seconds. Local cache hits 64 (0.05s CPU time), remote cache hits 0 (0.00s CPU time), compiled 0 variants (0.00s CPU time), skipped 0 variants
    Prepared data for serialisation in 0.00s
Compiling shader "Universal Render Pipeline/Lit" pass "ShadowCaster" (vp)
    Full variant space:         16
    After settings filtering:   16
    After built-in stripping:   8
    After scriptable stripping: 4
    Processed in 0.00 seconds
    starting compilation...
    finished in 0.00 seconds. Local cache hits 4 (0.00s CPU time), remote cache hits 0 (0.00s CPU time), compiled 0 variants (0.00s CPU time), skipped 0 variants
    Prepared data for serialisation in 0.00s
    Prepared data for serialisation in 0.00s
Compiling shader "Universal Render Pipeline/Lit" pass "DepthOnly" (vp)
    Full variant space:         8
    After settings filtering:   8
    After built-in stripping:   4
    After scriptable stripping: 4
    Processed in 0.00 seconds
    starting compilation...
    finished in 0.00 seconds. Local cache hits 4 (0.00s CPU time), remote cache hits 0 (0.00s CPU time), compiled 0 variants (0.00s CPU time), skipped 0 variants
    Prepared data for serialisation in 0.00s
Compiling shader "Universal Render Pipeline/Lit" pass "DepthNormals" (vp)
    Full variant space:         16
    After settings filtering:   8
    After built-in stripping:   4
    After scriptable stripping: 4
    Processed in 0.00 seconds
    starting compilation...
    finished in 0.00 seconds. Local cache hits 4 (0.00s CPU time), remote cache hits 0 (0.00s CPU time), compiled 0 variants (0.00s CPU time), skipped 0 variants
    Prepared data for serialisation in 0.00s
Compiling shader "Universal Render Pipeline/Lit" pass "Universal2D" (vp)
    Full variant space:         2
    After settings filtering:   2
    After built-in stripping:   2
    After scriptable stripping: 0
    Processed in 0.00 seconds
    Prepared data for serialisation in 0.00s
Compiling shader "Universal Render Pipeline/Lit" pass "MotionVectors" (vp)
    Full variant space:         8
    After settings filtering:   8
    After built-in stripping:   4
    After scriptable stripping: 4
    Processed in 0.00 seconds
    starting compilation...
    finished in 0.00 seconds. Local cache hits 4 (0.00s CPU time), remote cache hits 0 (0.00s CPU time), compiled 0 variants (0.00s CPU time), skipped 0 variants
    Prepared data for serialisation in 0.00s
Compiling shader "Universal Render Pipeline/Lit" pass "XRMotionVectors" (vp)
    Full variant space:         8
    After settings filtering:   8
    After built-in stripping:   4
    After scriptable stripping: 4
    Processed in 0.00 seconds
    starting compilation...
    finished in 0.00 seconds. Local cache hits 4 (0.00s CPU time), remote cache hits 0 (0.00s CPU time), compiled 0 variants (0.00s CPU time), skipped 0 variants
    Prepared data for serialisation in 0.00s
Serialized binary data for shader Universal Render Pipeline/Lit in 0.00s
    gles3 (total internal programs: 84, unique: 84)
Compressed shader 'Universal Render Pipeline/Lit' on gles3 from 1.74MB to 0.10MB
Compressed shader 'Universal Render Pipeline/Lit' in 0.02s
Compiling shader "Legacy Shaders/VertexLit" pass "" (vp)
    Full variant space:         12
    After settings filtering:   12
    After built-in stripping:   6
    After scriptable stripping: 6
    Processed in 0.00 seconds
    starting compilation...
    finished in 0.00 seconds. Local cache hits 6 (0.00s CPU time), remote cache hits 0 (0.00s CPU time), compiled 0 variants (0.00s CPU time), skipped 0 variants
    Prepared data for serialisation in 0.00s
Compiling shader "Legacy Shaders/VertexLit" pass "" (vp)
    Full variant space:         4
    After settings filtering:   4
    After built-in stripping:   2
    After scriptable stripping: 2
    Processed in 0.00 seconds
    starting compilation...
    finished in 0.00 seconds. Local cache hits 2 (0.00s CPU time), remote cache hits 0 (0.00s CPU time), compiled 0 variants (0.00s CPU time), skipped 0 variants
    Prepared data for serialisation in 0.00s
Compiling shader "Legacy Shaders/VertexLit" pass "ShadowCaster" (vp)
    Full variant space:         4
    After settings filtering:   4
    After built-in stripping:   4
    After scriptable stripping: 4
    Processed in 0.00 seconds
    starting compilation...
    finished in 0.00 seconds. Local cache hits 4 (0.00s CPU time), remote cache hits 0 (0.00s CPU time), compiled 0 variants (0.00s CPU time), skipped 0 variants
    Prepared data for serialisation in 0.00s
Serialized binary data for shader Legacy Shaders/VertexLit in 0.00s
    gles3 (total internal programs: 12, unique: 12)
Compiling shader "Legacy Shaders/Diffuse" pass "FORWARD" (vp)
    Full variant space:         664
    After settings filtering:   664
    After built-in stripping:   16
    After scriptable stripping: 16
    Processed in 0.00 seconds
    starting compilation...
    finished in 0.00 seconds. Local cache hits 16 (0.00s CPU time), remote cache hits 0 (0.00s CPU time), compiled 0 variants (0.00s CPU time), skipped 0 variants
    Prepared data for serialisation in 0.00s
Compiling shader "Legacy Shaders/Diffuse" pass "FORWARD" (vp)
    Full variant space:         20
    After settings filtering:   20
    After built-in stripping:   10
    After scriptable stripping: 10
    Processed in 0.00 seconds
    starting compilation...
    finished in 0.00 seconds. Local cache hits 10 (0.00s CPU time), remote cache hits 0 (0.00s CPU time), compiled 0 variants (0.00s CPU time), skipped 0 variants
    Prepared data for serialisation in 0.00s
Compiling shader "Legacy Shaders/Diffuse" pass "DEFERRED" (vp)
    Full variant space:         76
    After settings filtering:   76
    After built-in stripping:   8
    After scriptable stripping: 8
    Processed in 0.00 seconds
    starting compilation...
    finished in 0.00 seconds. Local cache hits 8 (0.00s CPU time), remote cache hits 0 (0.00s CPU time), compiled 0 variants (0.00s CPU time), skipped 0 variants
    Prepared data for serialisation in 0.00s
Serialized binary data for shader Legacy Shaders/Diffuse in 0.00s
    gles3 (total internal programs: 34, unique: 34)
Compiling shader "Hidden/Internal-StencilWrite" pass "" (vp)
    Full variant space:         1
    After settings filtering:   1
    After built-in stripping:   2
    After scriptable stripping: 2
    Processed in 0.00 seconds
    starting compilation...
    finished in 0.00 seconds. Local cache hits 2 (0.00s CPU time), remote cache hits 0 (0.00s CPU time), compiled 0 variants (0.00s CPU time), skipped 0 variants
    Prepared data for serialisation in 0.00s
Serialized binary data for shader Hidden/Internal-StencilWrite in 0.00s
    gles3 (total internal programs: 2, unique: 2)
Compiling shader "Hidden/Internal-DepthNormalsTexture" pass "" (vp)
    Full variant space:         1
    After settings filtering:   1
    After built-in stripping:   2
    After scriptable stripping: 2
    Processed in 0.00 seconds
    starting compilation...
    finished in 0.00 seconds. Local cache hits 2 (0.00s CPU time), remote cache hits 0 (0.00s CPU time), compiled 0 variants (0.00s CPU time), skipped 0 variants
    Prepared data for serialisation in 0.00s
Compiling shader "Hidden/Internal-DepthNormalsTexture" pass "" (vp)
    Full variant space:         1
    After settings filtering:   1
    After built-in stripping:   2
    After scriptable stripping: 2
    Processed in 0.00 seconds
    starting compilation...
    finished in 0.00 seconds. Local cache hits 2 (0.00s CPU time), remote cache hits 0 (0.00s CPU time), compiled 0 variants (0.00s CPU time), skipped 0 variants
    Prepared data for serialisation in 0.00s
Compiling shader "Hidden/Internal-DepthNormalsTexture" pass "" (vp)
    Full variant space:         1
    After settings filtering:   1
    After built-in stripping:   2
    After scriptable stripping: 2
    Processed in 0.00 seconds
    starting compilation...
    finished in 0.00 seconds. Local cache hits 2 (0.00s CPU time), remote cache hits 0 (0.00s CPU time), compiled 0 variants (0.00s CPU time), skipped 0 variants
    Prepared data for serialisation in 0.00s
Compiling shader "Hidden/Internal-DepthNormalsTexture" pass "" (vp)
    Full variant space:         1
    After settings filtering:   1
    After built-in stripping:   2
    After scriptable stripping: 2
    Processed in 0.00 seconds
    starting compilation...
    finished in 0.00 seconds. Local cache hits 2 (0.00s CPU time), remote cache hits 0 (0.00s CPU time), compiled 0 variants (0.00s CPU time), skipped 0 variants
    Prepared data for serialisation in 0.00s
Compiling shader "Hidden/Internal-DepthNormalsTexture" pass "" (vp)
    Full variant space:         1
    After settings filtering:   1
    After built-in stripping:   2
    After scriptable stripping: 2
    Processed in 0.00 seconds
    starting compilation...
    finished in 0.00 seconds. Local cache hits 2 (0.00s CPU time), remote cache hits 0 (0.00s CPU time), compiled 0 variants (0.00s CPU time), skipped 0 variants
    Prepared data for serialisation in 0.00s
Compiling shader "Hidden/Internal-DepthNormalsTexture" pass "" (vp)
    Full variant space:         1
    After settings filtering:   1
    After built-in stripping:   2
    After scriptable stripping: 2
    Processed in 0.00 seconds
    starting compilation...
    finished in 0.00 seconds. Local cache hits 2 (0.00s CPU time), remote cache hits 0 (0.00s CPU time), compiled 0 variants (0.00s CPU time), skipped 0 variants
    Prepared data for serialisation in 0.00s
Compiling shader "Hidden/Internal-DepthNormalsTexture" pass "" (vp)
    Full variant space:         1
    After settings filtering:   1
    After built-in stripping:   2
    After scriptable stripping: 2
    Processed in 0.00 seconds
    starting compilation...
    finished in 0.00 seconds. Local cache hits 2 (0.00s CPU time), remote cache hits 0 (0.00s CPU time), compiled 0 variants (0.00s CPU time), skipped 0 variants
    Prepared data for serialisation in 0.00s
Compiling shader "Hidden/Internal-DepthNormalsTexture" pass "" (vp)
    Full variant space:         1
    After settings filtering:   1
    After built-in stripping:   2
    After scriptable stripping: 2
    Processed in 0.00 seconds
    starting compilation...
    finished in 0.00 seconds. Local cache hits 2 (0.00s CPU time), remote cache hits 0 (0.00s CPU time), compiled 0 variants (0.00s CPU time), skipped 0 variants
    Prepared data for serialisation in 0.00s
Compiling shader "Hidden/Internal-DepthNormalsTexture" pass "" (vp)
    Full variant space:         1
    After settings filtering:   1
    After built-in stripping:   2
    After scriptable stripping: 2
    Processed in 0.00 seconds
    starting compilation...
    finished in 0.00 seconds. Local cache hits 2 (0.00s CPU time), remote cache hits 0 (0.00s CPU time), compiled 0 variants (0.00s CPU time), skipped 0 variants
    Prepared data for serialisation in 0.00s
Compiling shader "Hidden/Internal-DepthNormalsTexture" pass "" (vp)
    Full variant space:         1
    After settings filtering:   1
    After built-in stripping:   2
    After scriptable stripping: 2
    Processed in 0.00 seconds
    starting compilation...
    finished in 0.00 seconds. Local cache hits 2 (0.00s CPU time), remote cache hits 0 (0.00s CPU time), compiled 0 variants (0.00s CPU time), skipped 0 variants
    Prepared data for serialisation in 0.00s
Serialized binary data for shader Hidden/Internal-DepthNormalsTexture in 0.00s
    gles3 (total internal programs: 20, unique: 20)
Compiling shader "Hidden/Internal-ScreenSpaceShadows" pass "" (vp)
    Full variant space:         4
    After settings filtering:   4
    After built-in stripping:   8
    After scriptable stripping: 8
    Processed in 0.00 seconds
    starting compilation...
    finished in 0.00 seconds. Local cache hits 8 (0.00s CPU time), remote cache hits 0 (0.00s CPU time), compiled 0 variants (0.00s CPU time), skipped 0 variants
    Prepared data for serialisation in 0.00s
Compiling shader "Hidden/Internal-ScreenSpaceShadows" pass "" (vp)
    Full variant space:         4
    After settings filtering:   4
    After built-in stripping:   8
    After scriptable stripping: 8
    Processed in 0.00 seconds
    starting compilation...
    finished in 0.00 seconds. Local cache hits 8 (0.00s CPU time), remote cache hits 0 (0.00s CPU time), compiled 0 variants (0.00s CPU time), skipped 0 variants
    Prepared data for serialisation in 0.00s
Compiling shader "Hidden/Internal-ScreenSpaceShadows" pass "" (vp)
    Full variant space:         4
    After settings filtering:   4
    After built-in stripping:   8
    After scriptable stripping: 8
    Processed in 0.00 seconds
    starting compilation...
    finished in 0.00 seconds. Local cache hits 8 (0.00s CPU time), remote cache hits 0 (0.00s CPU time), compiled 0 variants (0.00s CPU time), skipped 0 variants
    Prepared data for serialisation in 0.00s
Compiling shader "Hidden/Internal-ScreenSpaceShadows" pass "" (vp)
    Full variant space:         4
    After settings filtering:   4
    After built-in stripping:   8
    After scriptable stripping: 8
    Processed in 0.00 seconds
    starting compilation...
    finished in 0.00 seconds. Local cache hits 8 (0.00s CPU time), remote cache hits 0 (0.00s CPU time), compiled 0 variants (0.00s CPU time), skipped 0 variants
    Prepared data for serialisation in 0.00s
Serialized binary data for shader Hidden/Internal-ScreenSpaceShadows in 0.00s
    gles3 (total internal programs: 32, unique: 32)
Compiling shader "Hidden/Internal-CombineDepthNormals" pass "" (vp)
    Full variant space:         1
    After settings filtering:   1
    After built-in stripping:   2
    After scriptable stripping: 2
    Processed in 0.00 seconds
    starting compilation...
    finished in 0.00 seconds. Local cache hits 2 (0.00s CPU time), remote cache hits 0 (0.00s CPU time), compiled 0 variants (0.00s CPU time), skipped 0 variants
    Prepared data for serialisation in 0.00s
Serialized binary data for shader Hidden/Internal-CombineDepthNormals in 0.00s
    gles3 (total internal programs: 2, unique: 2)
Compiling shader "Hidden/BlitCopy" pass "" (vp)
    Full variant space:         1
    After settings filtering:   1
    After built-in stripping:   2
    After scriptable stripping: 2
    Processed in 0.00 seconds
    starting compilation...
    finished in 0.00 seconds. Local cache hits 2 (0.00s CPU time), remote cache hits 0 (0.00s CPU time), compiled 0 variants (0.00s CPU time), skipped 0 variants
    Prepared data for serialisation in 0.00s
Serialized binary data for shader Hidden/BlitCopy in 0.00s
    gles3 (total internal programs: 2, unique: 2)
Compiling shader "Hidden/BlitCopyDepth" pass "" (vp)
    Full variant space:         1
    After settings filtering:   1
    After built-in stripping:   2
    After scriptable stripping: 2
    Processed in 0.00 seconds
    starting compilation...
    finished in 0.00 seconds. Local cache hits 2 (0.00s CPU time), remote cache hits 0 (0.00s CPU time), compiled 0 variants (0.00s CPU time), skipped 0 variants
    Prepared data for serialisation in 0.00s
Serialized binary data for shader Hidden/BlitCopyDepth in 0.00s
    gles3 (total internal programs: 2, unique: 2)
Compiling shader "Hidden/ConvertTexture" pass "" (vp)
    Full variant space:         1
    After settings filtering:   1
    After built-in stripping:   2
    After scriptable stripping: 2
    Processed in 0.00 seconds
    starting compilation...
    finished in 0.00 seconds. Local cache hits 2 (0.00s CPU time), remote cache hits 0 (0.00s CPU time), compiled 0 variants (0.00s CPU time), skipped 0 variants
    Prepared data for serialisation in 0.00s
Serialized binary data for shader Hidden/ConvertTexture in 0.00s
    gles3 (total internal programs: 2, unique: 2)
Compiling shader "Hidden/Internal-DeferredShading" pass "" (vp)
    Full variant space:         94
    After settings filtering:   94
    After built-in stripping:   52
    After scriptable stripping: 52
    Processed in 0.00 seconds
    starting compilation...
    finished in 0.00 seconds. Local cache hits 52 (0.01s CPU time), remote cache hits 0 (0.00s CPU time), compiled 0 variants (0.00s CPU time), skipped 0 variants
    Prepared data for serialisation in 0.00s
Compiling shader "Hidden/Internal-DeferredShading" pass "" (vp)
    Full variant space:         1
    After settings filtering:   1
    After built-in stripping:   2
    After scriptable stripping: 2
    Processed in 0.00 seconds
    starting compilation...
    finished in 0.00 seconds. Local cache hits 2 (0.00s CPU time), remote cache hits 0 (0.00s CPU time), compiled 0 variants (0.00s CPU time), skipped 0 variants
    Prepared data for serialisation in 0.00s
Serialized binary data for shader Hidden/Internal-DeferredShading in 0.00s
    gles3 (total internal programs: 54, unique: 54)
Compiling shader "Hidden/Internal-DeferredReflections" pass "" (vp)
    Full variant space:         1
    After settings filtering:   1
    After built-in stripping:   2
    After scriptable stripping: 2
    Processed in 0.00 seconds
    starting compilation...
    finished in 0.00 seconds. Local cache hits 2 (0.00s CPU time), remote cache hits 0 (0.00s CPU time), compiled 0 variants (0.00s CPU time), skipped 0 variants
    Prepared data for serialisation in 0.00s
Compiling shader "Hidden/Internal-DeferredReflections" pass "" (vp)
    Full variant space:         2
    After settings filtering:   2
    After built-in stripping:   4
    After scriptable stripping: 4
    Processed in 0.00 seconds
    starting compilation...
    finished in 0.00 seconds. Local cache hits 4 (0.00s CPU time), remote cache hits 0 (0.00s CPU time), compiled 0 variants (0.00s CPU time), skipped 0 variants
    Prepared data for serialisation in 0.00s
Serialized binary data for shader Hidden/Internal-DeferredReflections in 0.00s
    gles3 (total internal programs: 6, unique: 6)
Compiling shader "Hidden/Internal-MotionVectors" pass "" (vp)
    Full variant space:         1
    After settings filtering:   1
    After built-in stripping:   2
    After scriptable stripping: 2
    Processed in 0.00 seconds
    starting compilation...
    finished in 0.00 seconds. Local cache hits 2 (0.00s CPU time), remote cache hits 0 (0.00s CPU time), compiled 0 variants (0.00s CPU time), skipped 0 variants
    Prepared data for serialisation in 0.00s
Compiling shader "Hidden/Internal-MotionVectors" pass "" (vp)
    Full variant space:         1
    After settings filtering:   1
    After built-in stripping:   2
    After scriptable stripping: 2
    Processed in 0.00 seconds
    starting compilation...
    finished in 0.00 seconds. Local cache hits 2 (0.00s CPU time), remote cache hits 0 (0.00s CPU time), compiled 0 variants (0.00s CPU time), skipped 0 variants
    Prepared data for serialisation in 0.00s
Compiling shader "Hidden/Internal-MotionVectors" pass "" (vp)
    Full variant space:         1
    After settings filtering:   1
    After built-in stripping:   2
    After scriptable stripping: 2
    Processed in 0.00 seconds
    starting compilation...
    finished in 0.00 seconds. Local cache hits 2 (0.00s CPU time), remote cache hits 0 (0.00s CPU time), compiled 0 variants (0.00s CPU time), skipped 0 variants
    Prepared data for serialisation in 0.00s
Serialized binary data for shader Hidden/Internal-MotionVectors in 0.00s
    gles3 (total internal programs: 6, unique: 6)
Compiling shader "Hidden/Internal-Flare" pass "" (vp)
    Full variant space:         1
    After settings filtering:   1
    After built-in stripping:   2
    After scriptable stripping: 2
    Processed in 0.00 seconds
    starting compilation...
    finished in 0.00 seconds. Local cache hits 2 (0.00s CPU time), remote cache hits 0 (0.00s CPU time), compiled 0 variants (0.00s CPU time), skipped 0 variants
    Prepared data for serialisation in 0.00s
Serialized binary data for shader Hidden/Internal-Flare in 0.00s
    gles3 (total internal programs: 2, unique: 2)
Compiling shader "Hidden/Internal-Halo" pass "" (vp)
    Full variant space:         4
    After settings filtering:   4
    After built-in stripping:   2
    After scriptable stripping: 2
    Processed in 0.00 seconds
    starting compilation...
    finished in 0.00 seconds. Local cache hits 2 (0.00s CPU time), remote cache hits 0 (0.00s CPU time), compiled 0 variants (0.00s CPU time), skipped 0 variants
    Prepared data for serialisation in 0.00s
Serialized binary data for shader Hidden/Internal-Halo in 0.00s
    gles3 (total internal programs: 2, unique: 2)
Compiling shader "Hidden/BlitCopyWithDepth" pass "" (vp)
    Full variant space:         1
    After settings filtering:   1
    After built-in stripping:   2
    After scriptable stripping: 2
    Processed in 0.00 seconds
    starting compilation...
    finished in 0.00 seconds. Local cache hits 2 (0.00s CPU time), remote cache hits 0 (0.00s CPU time), compiled 0 variants (0.00s CPU time), skipped 0 variants
    Prepared data for serialisation in 0.00s
Serialized binary data for shader Hidden/BlitCopyWithDepth in 0.00s
    gles3 (total internal programs: 2, unique: 2)
Compiling shader "Hidden/BlitToDepth" pass "" (vp)
    Full variant space:         1
    After settings filtering:   1
    After built-in stripping:   2
    After scriptable stripping: 2
    Processed in 0.00 seconds
    starting compilation...
    finished in 0.00 seconds. Local cache hits 2 (0.00s CPU time), remote cache hits 0 (0.00s CPU time), compiled 0 variants (0.00s CPU time), skipped 0 variants
    Prepared data for serialisation in 0.00s
Serialized binary data for shader Hidden/BlitToDepth in 0.00s
    gles3 (total internal programs: 2, unique: 2)
Compiling shader "Hidden/BlitToDepth_MSAA" pass "" (vp)
    Full variant space:         1
    After settings filtering:   1
    After built-in stripping:   2
    After scriptable stripping: 2
    Processed in 0.00 seconds
    starting compilation...
    finished in 0.00 seconds. Local cache hits 2 (0.00s CPU time), remote cache hits 0 (0.00s CPU time), compiled 0 variants (0.00s CPU time), skipped 0 variants
    Prepared data for serialisation in 0.00s
Serialized binary data for shader Hidden/BlitToDepth_MSAA in 0.00s
    gles3 (total internal programs: 2, unique: 2)
Compiling shader "Hidden/BlitCopyHDRTonemap" pass "" (vp)
    Full variant space:         1
    After settings filtering:   1
    After built-in stripping:   2
    After scriptable stripping: 2
    Processed in 0.00 seconds
    starting compilation...
    finished in 0.00 seconds. Local cache hits 2 (0.00s CPU time), remote cache hits 0 (0.00s CPU time), compiled 0 variants (0.00s CPU time), skipped 0 variants
    Prepared data for serialisation in 0.00s
Serialized binary data for shader Hidden/BlitCopyHDRTonemap in 0.00s
    gles3 (total internal programs: 2, unique: 2)
Compiling shader "Hidden/Internal-DebugPattern" pass "Target Color and DepthStencil" (vp)
    Full variant space:         1
    After settings filtering:   1
    After built-in stripping:   2
    After scriptable stripping: 2
    Processed in 0.00 seconds
    starting compilation...
    finished in 0.00 seconds. Local cache hits 2 (0.00s CPU time), remote cache hits 0 (0.00s CPU time), compiled 0 variants (0.00s CPU time), skipped 0 variants
    Prepared data for serialisation in 0.00s
Compiling shader "Hidden/Internal-DebugPattern" pass "Target only Color" (vp)
    Full variant space:         1
    After settings filtering:   1
    After built-in stripping:   2
    After scriptable stripping: 2
    Processed in 0.00 seconds
    starting compilation...
    finished in 0.00 seconds. Local cache hits 2 (0.00s CPU time), remote cache hits 0 (0.00s CPU time), compiled 0 variants (0.00s CPU time), skipped 0 variants
    Prepared data for serialisation in 0.00s
Compiling shader "Hidden/Internal-DebugPattern" pass "Target only DepthStencil" (vp)
    Full variant space:         1
    After settings filtering:   1
    After built-in stripping:   2
    After scriptable stripping: 2
    Processed in 0.00 seconds
    starting compilation...
    finished in 0.00 seconds. Local cache hits 2 (0.00s CPU time), remote cache hits 0 (0.00s CPU time), compiled 0 variants (0.00s CPU time), skipped 0 variants
    Prepared data for serialisation in 0.00s
Serialized binary data for shader Hidden/Internal-DebugPattern in 0.00s
    gles3 (total internal programs: 6, unique: 6)
Compiling shader "Hidden/Internal-GUITextureClip" pass "" (vp)
    Full variant space:         1
    After settings filtering:   1
    After built-in stripping:   2
    After scriptable stripping: 2
    Processed in 0.00 seconds
    starting compilation...
    finished in 0.00 seconds. Local cache hits 2 (0.00s CPU time), remote cache hits 0 (0.00s CPU time), compiled 0 variants (0.00s CPU time), skipped 0 variants
    Prepared data for serialisation in 0.00s
Compiling shader "Hidden/Internal-GUITextureClip" pass "" (vp)
    Full variant space:         1
    After settings filtering:   1
    After built-in stripping:   2
    After scriptable stripping: 2
    Processed in 0.00 seconds
    starting compilation...
    finished in 0.00 seconds. Local cache hits 2 (0.00s CPU time), remote cache hits 0 (0.00s CPU time), compiled 0 variants (0.00s CPU time), skipped 0 variants
    Prepared data for serialisation in 0.00s
Serialized binary data for shader Hidden/Internal-GUITextureClip in 0.00s
    gles3 (total internal programs: 4, unique: 2)
Compiling shader "Hidden/Internal-GUITextureClipText" pass "" (vp)
    Full variant space:         1
    After settings filtering:   1
    After built-in stripping:   2
    After scriptable stripping: 2
    Processed in 0.00 seconds
    starting compilation...
    finished in 0.00 seconds. Local cache hits 2 (0.00s CPU time), remote cache hits 0 (0.00s CPU time), compiled 0 variants (0.00s CPU time), skipped 0 variants
    Prepared data for serialisation in 0.00s
Compiling shader "Hidden/Internal-GUITextureClipText" pass "" (vp)
    Full variant space:         1
    After settings filtering:   1
    After built-in stripping:   2
    After scriptable stripping: 2
    Processed in 0.00 seconds
    starting compilation...
    finished in 0.00 seconds. Local cache hits 2 (0.00s CPU time), remote cache hits 0 (0.00s CPU time), compiled 0 variants (0.00s CPU time), skipped 0 variants
    Prepared data for serialisation in 0.00s
Serialized binary data for shader Hidden/Internal-GUITextureClipText in 0.00s
    gles3 (total internal programs: 4, unique: 2)
Compiling shader "Hidden/Internal-GUITexture" pass "" (vp)
    Full variant space:         1
    After settings filtering:   1
    After built-in stripping:   2
    After scriptable stripping: 2
    Processed in 0.00 seconds
    starting compilation...
    finished in 0.00 seconds. Local cache hits 2 (0.00s CPU time), remote cache hits 0 (0.00s CPU time), compiled 0 variants (0.00s CPU time), skipped 0 variants
    Prepared data for serialisation in 0.00s
Compiling shader "Hidden/Internal-GUITexture" pass "" (vp)
    Full variant space:         1
    After settings filtering:   1
    After built-in stripping:   2
    After scriptable stripping: 2
    Processed in 0.00 seconds
    starting compilation...
    finished in 0.00 seconds. Local cache hits 2 (0.00s CPU time), remote cache hits 0 (0.00s CPU time), compiled 0 variants (0.00s CPU time), skipped 0 variants
    Prepared data for serialisation in 0.00s
Serialized binary data for shader Hidden/Internal-GUITexture in 0.00s
    gles3 (total internal programs: 4, unique: 2)
Compiling shader "Hidden/Internal-GUITextureBlit" pass "" (vp)
    Full variant space:         1
    After settings filtering:   1
    After built-in stripping:   2
    After scriptable stripping: 2
    Processed in 0.00 seconds
    starting compilation...
    finished in 0.00 seconds. Local cache hits 2 (0.00s CPU time), remote cache hits 0 (0.00s CPU time), compiled 0 variants (0.00s CPU time), skipped 0 variants
    Prepared data for serialisation in 0.00s
Compiling shader "Hidden/Internal-GUITextureBlit" pass "" (vp)
    Full variant space:         1
    After settings filtering:   1
    After built-in stripping:   2
    After scriptable stripping: 2
    Processed in 0.00 seconds
    starting compilation...
    finished in 0.00 seconds. Local cache hits 2 (0.00s CPU time), remote cache hits 0 (0.00s CPU time), compiled 0 variants (0.00s CPU time), skipped 0 variants
    Prepared data for serialisation in 0.00s
Serialized binary data for shader Hidden/Internal-GUITextureBlit in 0.00s
    gles3 (total internal programs: 4, unique: 2)
Compiling shader "Hidden/Internal-GUIRoundedRect" pass "" (vp)
    Full variant space:         1
    After settings filtering:   1
    After built-in stripping:   2
    After scriptable stripping: 2
    Processed in 0.00 seconds
    starting compilation...
    finished in 0.00 seconds. Local cache hits 2 (0.00s CPU time), remote cache hits 0 (0.00s CPU time), compiled 0 variants (0.00s CPU time), skipped 0 variants
    Prepared data for serialisation in 0.00s
Compiling shader "Hidden/Internal-GUIRoundedRect" pass "" (vp)
    Full variant space:         1
    After settings filtering:   1
    After built-in stripping:   2
    After scriptable stripping: 2
    Processed in 0.00 seconds
    starting compilation...
    finished in 0.00 seconds. Local cache hits 2 (0.00s CPU time), remote cache hits 0 (0.00s CPU time), compiled 0 variants (0.00s CPU time), skipped 0 variants
    Prepared data for serialisation in 0.00s
Serialized binary data for shader Hidden/Internal-GUIRoundedRect in 0.00s
    gles3 (total internal programs: 4, unique: 2)
Compiling shader "Hidden/Internal-GUIRoundedRectWithColorPerBorder" pass "" (vp)
    Full variant space:         1
    After settings filtering:   1
    After built-in stripping:   2
    After scriptable stripping: 2
    Processed in 0.00 seconds
    starting compilation...
    finished in 0.00 seconds. Local cache hits 2 (0.00s CPU time), remote cache hits 0 (0.00s CPU time), compiled 0 variants (0.00s CPU time), skipped 0 variants
    Prepared data for serialisation in 0.00s
Compiling shader "Hidden/Internal-GUIRoundedRectWithColorPerBorder" pass "" (vp)
    Full variant space:         1
    After settings filtering:   1
    After built-in stripping:   2
    After scriptable stripping: 2
    Processed in 0.00 seconds
    starting compilation...
    finished in 0.00 seconds. Local cache hits 2 (0.00s CPU time), remote cache hits 0 (0.00s CPU time), compiled 0 variants (0.00s CPU time), skipped 0 variants
    Prepared data for serialisation in 0.00s
Serialized binary data for shader Hidden/Internal-GUIRoundedRectWithColorPerBorder in 0.00s
    gles3 (total internal programs: 4, unique: 2)
Compiling shader "Hidden/Internal-UIRDefault" pass "" (vp)
    Full variant space:         2
    After settings filtering:   2
    After built-in stripping:   4
    After scriptable stripping: 4
    Processed in 0.00 seconds
    starting compilation...
    finished in 0.00 seconds. Local cache hits 4 (0.00s CPU time), remote cache hits 0 (0.00s CPU time), compiled 0 variants (0.00s CPU time), skipped 0 variants
    Prepared data for serialisation in 0.00s
Serialized binary data for shader Hidden/Internal-UIRDefault in 0.00s
    gles3 (total internal programs: 4, unique: 4)
Compiling shader "Hidden/Internal-UIRAtlasBlitCopy" pass "" (vp)
    Full variant space:         1
    After settings filtering:   1
    After built-in stripping:   2
    After scriptable stripping: 2
    Processed in 0.00 seconds
    starting compilation...
    finished in 0.00 seconds. Local cache hits 2 (0.00s CPU time), remote cache hits 0 (0.00s CPU time), compiled 0 variants (0.00s CPU time), skipped 0 variants
    Prepared data for serialisation in 0.00s
Serialized binary data for shader Hidden/Internal-UIRAtlasBlitCopy in 0.00s
    gles3 (total internal programs: 2, unique: 2)
Compiling shader "Hidden/Internal-UIRDefaultWorld" pass "" (vp)
    Full variant space:         1
    After settings filtering:   1
    After built-in stripping:   2
    After scriptable stripping: 2
    Processed in 0.00 seconds
    starting compilation...
    finished in 0.00 seconds. Local cache hits 2 (0.00s CPU time), remote cache hits 0 (0.00s CPU time), compiled 0 variants (0.00s CPU time), skipped 0 variants
    Prepared data for serialisation in 0.00s
Serialized binary data for shader Hidden/Internal-UIRDefaultWorld in 0.00s
    gles3 (total internal programs: 2, unique: 2)
Compiling shader "Sprites/Default" pass "" (vp)
    Full variant space:         8
    After settings filtering:   8
    After built-in stripping:   8
    After scriptable stripping: 8
    Processed in 0.00 seconds
    starting compilation...
    finished in 0.00 seconds. Local cache hits 8 (0.00s CPU time), remote cache hits 0 (0.00s CPU time), compiled 0 variants (0.00s CPU time), skipped 0 variants
    Prepared data for serialisation in 0.00s
Serialized binary data for shader Sprites/Default in 0.00s
    gles3 (total internal programs: 8, unique: 8)
Compiling shader "Sprites/Mask" pass "" (vp)
    Full variant space:         4
    After settings filtering:   4
    After built-in stripping:   8
    After scriptable stripping: 8
    Processed in 0.00 seconds
    starting compilation...
    finished in 0.00 seconds. Local cache hits 8 (0.00s CPU time), remote cache hits 0 (0.00s CPU time), compiled 0 variants (0.00s CPU time), skipped 0 variants
    Prepared data for serialisation in 0.00s
Serialized binary data for shader Sprites/Mask in 0.00s
    gles3 (total internal programs: 8, unique: 8)
Compiling shader "UI/Default" pass "Default" (vp)
    Full variant space:         4
    After settings filtering:   4
    After built-in stripping:   8
    After scriptable stripping: 8
    Processed in 0.00 seconds
    starting compilation...
    finished in 0.00 seconds. Local cache hits 8 (0.00s CPU time), remote cache hits 0 (0.00s CPU time), compiled 0 variants (0.00s CPU time), skipped 0 variants
    Prepared data for serialisation in 0.00s
Serialized binary data for shader UI/Default in 0.00s
    gles3 (total internal programs: 8, unique: 8)
Compiling shader "UI/DefaultETC1" pass "Default" (vp)
    Full variant space:         4
    After settings filtering:   4
    After built-in stripping:   8
    After scriptable stripping: 8
    Processed in 0.00 seconds
    starting compilation...
    finished in 0.00 seconds. Local cache hits 8 (0.01s CPU time), remote cache hits 0 (0.00s CPU time), compiled 0 variants (0.00s CPU time), skipped 0 variants
    Prepared data for serialisation in 0.00s
Serialized binary data for shader UI/DefaultETC1 in 0.00s
    gles3 (total internal programs: 8, unique: 8)
Compiling shader "Hidden/CubeBlur" pass "" (vp)
    Full variant space:         1
    After settings filtering:   1
    After built-in stripping:   2
    After scriptable stripping: 2
    Processed in 0.00 seconds
    starting compilation...
    finished in 0.00 seconds. Local cache hits 2 (0.00s CPU time), remote cache hits 0 (0.00s CPU time), compiled 0 variants (0.00s CPU time), skipped 0 variants
    Prepared data for serialisation in 0.00s
Compiling shader "Hidden/CubeBlur" pass "" (vp)
    Full variant space:         1
    After settings filtering:   1
    After built-in stripping:   2
    After scriptable stripping: 2
    Processed in 0.00 seconds
    starting compilation...
    finished in 0.00 seconds. Local cache hits 2 (0.00s CPU time), remote cache hits 0 (0.00s CPU time), compiled 0 variants (0.00s CPU time), skipped 0 variants
    Prepared data for serialisation in 0.00s
Serialized binary data for shader Hidden/CubeBlur in 0.00s
    gles3 (total internal programs: 4, unique: 3)
Compiling shader "Hidden/CubeCopy" pass "" (vp)
    Full variant space:         1
    After settings filtering:   1
    After built-in stripping:   2
    After scriptable stripping: 2
    Processed in 0.00 seconds
    starting compilation...
    finished in 0.00 seconds. Local cache hits 2 (0.00s CPU time), remote cache hits 0 (0.00s CPU time), compiled 0 variants (0.00s CPU time), skipped 0 variants
    Prepared data for serialisation in 0.00s
Compiling shader "Hidden/CubeCopy" pass "" (vp)
    Full variant space:         1
    After settings filtering:   1
    After built-in stripping:   2
    After scriptable stripping: 2
    Processed in 0.00 seconds
    starting compilation...
    finished in 0.00 seconds. Local cache hits 2 (0.00s CPU time), remote cache hits 0 (0.00s CPU time), compiled 0 variants (0.00s CPU time), skipped 0 variants
    Prepared data for serialisation in 0.00s
Serialized binary data for shader Hidden/CubeCopy in 0.00s
    gles3 (total internal programs: 4, unique: 2)
Compiling shader "Hidden/CubeBlend" pass "" (vp)
    Full variant space:         1
    After settings filtering:   1
    After built-in stripping:   2
    After scriptable stripping: 2
    Processed in 0.00 seconds
    starting compilation...
    finished in 0.00 seconds. Local cache hits 2 (0.00s CPU time), remote cache hits 0 (0.00s CPU time), compiled 0 variants (0.00s CPU time), skipped 0 variants
    Prepared data for serialisation in 0.00s
Compiling shader "Hidden/CubeBlend" pass "" (vp)
    Full variant space:         1
    After settings filtering:   1
    After built-in stripping:   2
    After scriptable stripping: 2
    Processed in 0.00 seconds
    starting compilation...
    finished in 0.00 seconds. Local cache hits 2 (0.00s CPU time), remote cache hits 0 (0.00s CPU time), compiled 0 variants (0.00s CPU time), skipped 0 variants
    Prepared data for serialisation in 0.00s
Serialized binary data for shader Hidden/CubeBlend in 0.00s
    gles3 (total internal programs: 4, unique: 2)
Compiling shader "Hidden/VR/BlitTexArraySlice" pass "" (vp)
    Full variant space:         1
    After settings filtering:   1
    After built-in stripping:   2
    After scriptable stripping: 2
    Processed in 0.00 seconds
    starting compilation...
    finished in 0.00 seconds. Local cache hits 2 (0.00s CPU time), remote cache hits 0 (0.00s CPU time), compiled 0 variants (0.00s CPU time), skipped 0 variants
    Prepared data for serialisation in 0.00s
Serialized binary data for shader Hidden/VR/BlitTexArraySlice in 0.00s
    gles3 (total internal programs: 2, unique: 2)
Compiling shader "Hidden/VR/BlitTexArraySliceToDepth" pass "" (vp)
    Full variant space:         1
    After settings filtering:   1
    After built-in stripping:   2
    After scriptable stripping: 2
    Processed in 0.00 seconds
    starting compilation...
    finished in 0.00 seconds. Local cache hits 2 (0.00s CPU time), remote cache hits 0 (0.00s CPU time), compiled 0 variants (0.00s CPU time), skipped 0 variants
    Prepared data for serialisation in 0.00s
Serialized binary data for shader Hidden/VR/BlitTexArraySliceToDepth in 0.00s
    gles3 (total internal programs: 2, unique: 2)
Compiling shader "Hidden/VR/BlitTexArraySliceToDepth_MSAA" pass "" (vp)
    Full variant space:         1
    After settings filtering:   1
    After built-in stripping:   2
    After scriptable stripping: 2
    Processed in 0.00 seconds
    starting compilation...
    finished in 0.00 seconds. Local cache hits 2 (0.00s CPU time), remote cache hits 0 (0.00s CPU time), compiled 0 variants (0.00s CPU time), skipped 0 variants
    Prepared data for serialisation in 0.00s
Serialized binary data for shader Hidden/VR/BlitTexArraySliceToDepth_MSAA in 0.00s
    gles3 (total internal programs: 2, unique: 2)
Compiling shader "Hidden/Internal-ODSWorldTexture" pass "" (vp)
    Full variant space:         1
    After settings filtering:   1
    After built-in stripping:   2
    After scriptable stripping: 2
    Processed in 0.00 seconds
    starting compilation...
    finished in 0.00 seconds. Local cache hits 2 (0.00s CPU time), remote cache hits 0 (0.00s CPU time), compiled 0 variants (0.00s CPU time), skipped 0 variants
    Prepared data for serialisation in 0.00s
Compiling shader "Hidden/Internal-ODSWorldTexture" pass "" (vp)
    Full variant space:         1
    After settings filtering:   1
    After built-in stripping:   2
    After scriptable stripping: 2
    Processed in 0.00 seconds
    starting compilation...
    finished in 0.00 seconds. Local cache hits 2 (0.00s CPU time), remote cache hits 0 (0.00s CPU time), compiled 0 variants (0.00s CPU time), skipped 0 variants
    Prepared data for serialisation in 0.00s
Compiling shader "Hidden/Internal-ODSWorldTexture" pass "" (vp)
    Full variant space:         1
    After settings filtering:   1
    After built-in stripping:   2
    After scriptable stripping: 2
    Processed in 0.00 seconds
    starting compilation...
    finished in 0.00 seconds. Local cache hits 2 (0.00s CPU time), remote cache hits 0 (0.00s CPU time), compiled 0 variants (0.00s CPU time), skipped 0 variants
    Prepared data for serialisation in 0.00s
Compiling shader "Hidden/Internal-ODSWorldTexture" pass "" (vp)
    Full variant space:         1
    After settings filtering:   1
    After built-in stripping:   2
    After scriptable stripping: 2
    Processed in 0.00 seconds
    starting compilation...
    finished in 0.00 seconds. Local cache hits 2 (0.00s CPU time), remote cache hits 0 (0.00s CPU time), compiled 0 variants (0.00s CPU time), skipped 0 variants
    Prepared data for serialisation in 0.00s
Compiling shader "Hidden/Internal-ODSWorldTexture" pass "" (vp)
    Full variant space:         1
    After settings filtering:   1
    After built-in stripping:   2
    After scriptable stripping: 2
    Processed in 0.00 seconds
    starting compilation...
    finished in 0.00 seconds. Local cache hits 2 (0.00s CPU time), remote cache hits 0 (0.00s CPU time), compiled 0 variants (0.00s CPU time), skipped 0 variants
    Prepared data for serialisation in 0.00s
Compiling shader "Hidden/Internal-ODSWorldTexture" pass "" (vp)
    Full variant space:         1
    After settings filtering:   1
    After built-in stripping:   2
    After scriptable stripping: 2
    Processed in 0.00 seconds
    starting compilation...
    finished in 0.00 seconds. Local cache hits 2 (0.00s CPU time), remote cache hits 0 (0.00s CPU time), compiled 0 variants (0.00s CPU time), skipped 0 variants
    Prepared data for serialisation in 0.00s
Compiling shader "Hidden/Internal-ODSWorldTexture" pass "" (vp)
    Full variant space:         1
    After settings filtering:   1
    After built-in stripping:   2
    After scriptable stripping: 2
    Processed in 0.00 seconds
    starting compilation...
    finished in 0.00 seconds. Local cache hits 2 (0.00s CPU time), remote cache hits 0 (0.00s CPU time), compiled 0 variants (0.00s CPU time), skipped 0 variants
    Prepared data for serialisation in 0.00s
Compiling shader "Hidden/Internal-ODSWorldTexture" pass "" (vp)
    Full variant space:         1
    After settings filtering:   1
    After built-in stripping:   2
    After scriptable stripping: 2
    Processed in 0.00 seconds
    starting compilation...
    finished in 0.00 seconds. Local cache hits 2 (0.00s CPU time), remote cache hits 0 (0.00s CPU time), compiled 0 variants (0.00s CPU time), skipped 0 variants
    Prepared data for serialisation in 0.00s
Compiling shader "Hidden/Internal-ODSWorldTexture" pass "" (vp)
    Full variant space:         1
    After settings filtering:   1
    After built-in stripping:   2
    After scriptable stripping: 2
    Processed in 0.00 seconds
    starting compilation...
    finished in 0.00 seconds. Local cache hits 2 (0.00s CPU time), remote cache hits 0 (0.00s CPU time), compiled 0 variants (0.00s CPU time), skipped 0 variants
    Prepared data for serialisation in 0.00s
Compiling shader "Hidden/Internal-ODSWorldTexture" pass "" (vp)
    Full variant space:         1
    After settings filtering:   1
    After built-in stripping:   2
    After scriptable stripping: 2
    Processed in 0.00 seconds
    starting compilation...
    finished in 0.00 seconds. Local cache hits 2 (0.00s CPU time), remote cache hits 0 (0.00s CPU time), compiled 0 variants (0.00s CPU time), skipped 0 variants
    Prepared data for serialisation in 0.00s
Serialized binary data for shader Hidden/Internal-ODSWorldTexture in 0.00s
    gles3 (total internal programs: 20, unique: 18)
Compiling shader "Hidden/Internal-CubemapToEquirect" pass "" (vp)
    Full variant space:         1
    After settings filtering:   1
    After built-in stripping:   2
    After scriptable stripping: 2
    Processed in 0.00 seconds
    starting compilation...
    finished in 0.00 seconds. Local cache hits 2 (0.00s CPU time), remote cache hits 0 (0.00s CPU time), compiled 0 variants (0.00s CPU time), skipped 0 variants
    Prepared data for serialisation in 0.00s
Serialized binary data for shader Hidden/Internal-CubemapToEquirect in 0.00s
    gles3 (total internal programs: 2, unique: 2)
Compiling shader "Hidden/VR/BlitFromTex2DToTexArraySlice" pass "" (vp)
    Full variant space:         1
    After settings filtering:   1
    After built-in stripping:   2
    After scriptable stripping: 2
    Processed in 0.00 seconds
    starting compilation...
    finished in 0.00 seconds. Local cache hits 2 (0.00s CPU time), remote cache hits 0 (0.00s CPU time), compiled 0 variants (0.00s CPU time), skipped 0 variants
    Prepared data for serialisation in 0.00s
Compiling shader "Hidden/VR/BlitFromTex2DToTexArraySlice" pass "" (vp)
    Full variant space:         1
    After settings filtering:   1
    After built-in stripping:   2
    After scriptable stripping: 2
    Processed in 0.00 seconds
    starting compilation...
    finished in 0.00 seconds. Local cache hits 2 (0.00s CPU time), remote cache hits 0 (0.00s CPU time), compiled 0 variants (0.00s CPU time), skipped 0 variants
    Prepared data for serialisation in 0.00s
Serialized binary data for shader Hidden/VR/BlitFromTex2DToTexArraySlice in 0.00s
    gles3 (total internal programs: 4, unique: 4)
Compiling shader "Hidden/VideoComposite" pass "Default" (vp)
    Full variant space:         1
    After settings filtering:   1
    After built-in stripping:   2
    After scriptable stripping: 2
    Processed in 0.00 seconds
    starting compilation...
    finished in 0.00 seconds. Local cache hits 2 (0.00s CPU time), remote cache hits 0 (0.00s CPU time), compiled 0 variants (0.00s CPU time), skipped 0 variants
    Prepared data for serialisation in 0.00s
Serialized binary data for shader Hidden/VideoComposite in 0.00s
    gles3 (total internal programs: 2, unique: 2)
Compiling shader "Hidden/VideoDecode" pass "YCbCr_To_RGB1" (vp)
    Full variant space:         2
    After settings filtering:   2
    After built-in stripping:   4
    After scriptable stripping: 4
    Processed in 0.00 seconds
    starting compilation...
    finished in 0.00 seconds. Local cache hits 4 (0.00s CPU time), remote cache hits 0 (0.00s CPU time), compiled 0 variants (0.00s CPU time), skipped 0 variants
    Prepared data for serialisation in 0.00s
Compiling shader "Hidden/VideoDecode" pass "YCbCrA_To_RGBAFull" (vp)
    Full variant space:         2
    After settings filtering:   2
    After built-in stripping:   4
    After scriptable stripping: 4
    Processed in 0.00 seconds
    starting compilation...
    finished in 0.00 seconds. Local cache hits 4 (0.00s CPU time), remote cache hits 0 (0.00s CPU time), compiled 0 variants (0.00s CPU time), skipped 0 variants
    Prepared data for serialisation in 0.00s
Compiling shader "Hidden/VideoDecode" pass "YCbCrA_To_RGBA" (vp)
    Full variant space:         2
    After settings filtering:   2
    After built-in stripping:   4
    After scriptable stripping: 4
    Processed in 0.00 seconds
    starting compilation...
    finished in 0.00 seconds. Local cache hits 4 (0.00s CPU time), remote cache hits 0 (0.00s CPU time), compiled 0 variants (0.00s CPU time), skipped 0 variants
    Prepared data for serialisation in 0.00s
Compiling shader "Hidden/VideoDecode" pass "Flip_RGBA_To_RGBA" (vp)
    Full variant space:         2
    After settings filtering:   2
    After built-in stripping:   4
    After scriptable stripping: 4
    Processed in 0.00 seconds
    starting compilation...
    finished in 0.00 seconds. Local cache hits 4 (0.00s CPU time), remote cache hits 0 (0.00s CPU time), compiled 0 variants (0.00s CPU time), skipped 0 variants
    Prepared data for serialisation in 0.00s
Compiling shader "Hidden/VideoDecode" pass "Flip_RGBASplit_To_RGBA" (vp)
    Full variant space:         2
    After settings filtering:   2
    After built-in stripping:   4
    After scriptable stripping: 4
    Processed in 0.00 seconds
    starting compilation...
    finished in 0.00 seconds. Local cache hits 4 (0.00s CPU time), remote cache hits 0 (0.00s CPU time), compiled 0 variants (0.00s CPU time), skipped 0 variants
    Prepared data for serialisation in 0.00s
Compiling shader "Hidden/VideoDecode" pass "Flip_NV12_To_RGB1" (vp)
    Full variant space:         2
    After settings filtering:   2
    After built-in stripping:   4
    After scriptable stripping: 4
    Processed in 0.00 seconds
    starting compilation...
    finished in 0.00 seconds. Local cache hits 4 (0.00s CPU time), remote cache hits 0 (0.00s CPU time), compiled 0 variants (0.00s CPU time), skipped 0 variants
    Prepared data for serialisation in 0.00s
Compiling shader "Hidden/VideoDecode" pass "Flip_NV12_To_RGBA" (vp)
    Full variant space:         2
    After settings filtering:   2
    After built-in stripping:   4
    After scriptable stripping: 4
    Processed in 0.00 seconds
    starting compilation...
    finished in 0.00 seconds. Local cache hits 4 (0.00s CPU time), remote cache hits 0 (0.00s CPU time), compiled 0 variants (0.00s CPU time), skipped 0 variants
    Prepared data for serialisation in 0.00s
Compiling shader "Hidden/VideoDecode" pass "Flip_P010_To_RGB1" (vp)
    Full variant space:         1
    After settings filtering:   1
    After built-in stripping:   2
    After scriptable stripping: 2
    Processed in 0.00 seconds
    starting compilation...
    finished in 0.00 seconds. Local cache hits 2 (0.00s CPU time), remote cache hits 0 (0.00s CPU time), compiled 0 variants (0.00s CPU time), skipped 0 variants
    Prepared data for serialisation in 0.00s
Serialized binary data for shader Hidden/VideoDecode in 0.00s
    gles3 (total internal programs: 30, unique: 30)
Compiling shader "Hidden/VideoDecodeAndroid" pass "RGBAExternal_To_RGBA" (vp)
    Full variant space:         2
    After settings filtering:   2
    After built-in stripping:   4
    After scriptable stripping: 4
    Processed in 0.00 seconds
    starting compilation...
    finished in 0.00 seconds. Local cache hits 4 (0.00s CPU time), remote cache hits 0 (0.00s CPU time), compiled 0 variants (0.00s CPU time), skipped 0 variants
    Prepared data for serialisation in 0.00s
Compiling shader "Hidden/VideoDecodeAndroid" pass "RGBASplitExternal_To_RGBA" (vp)
    Full variant space:         2
    After settings filtering:   2
    After built-in stripping:   4
    After scriptable stripping: 4
    Processed in 0.00 seconds
    starting compilation...
    finished in 0.00 seconds. Local cache hits 4 (0.00s CPU time), remote cache hits 0 (0.00s CPU time), compiled 0 variants (0.00s CPU time), skipped 0 variants
    Prepared data for serialisation in 0.00s
Serialized binary data for shader Hidden/VideoDecodeAndroid in 0.00s
    gles3 (total internal programs: 8, unique: 8)
Compiling shader "Hidden/TextCore/Distance Field SSD" pass "" (vp)
    Full variant space:         1
    After settings filtering:   1
    After built-in stripping:   2
    After scriptable stripping: 2
    Processed in 0.00 seconds
    starting compilation...
    finished in 0.00 seconds. Local cache hits 2 (0.00s CPU time), remote cache hits 0 (0.00s CPU time), compiled 0 variants (0.00s CPU time), skipped 0 variants
    Prepared data for serialisation in 0.00s
Serialized binary data for shader Hidden/TextCore/Distance Field SSD in 0.00s
    gles3 (total internal programs: 2, unique: 2)
DisplayProgressbar: Initializing
Android PostProcess task "Initializing" took 0.5419 ms
DisplayProgressbar: Check gradle project collisions
Android PostProcess task "Check gradle project collisions" took 0.1307 ms
DisplayProgressbar: Preparing banner
Android PostProcess task "Preparing banner" took 0.2077 ms
[40m[32minfo[39m[22m[49m: Microsoft.AspNetCore.Hosting.Diagnostics[1]
      Request starting HTTP/2 POST http://ilpp/UnityILPP.PostProcessing/Ping application/grpc -
[40m[32minfo[39m[22m[49m: Microsoft.AspNetCore.Routing.EndpointMiddleware[0]
      Executing endpoint 'gRPC - /UnityILPP.PostProcessing/Ping'
[40m[32minfo[39m[22m[49m: Microsoft.AspNetCore.Routing.EndpointMiddleware[1]
      Executed endpoint 'gRPC - /UnityILPP.PostProcessing/Ping'
[40m[32minfo[39m[22m[49m: Microsoft.AspNetCore.Hosting.Diagnostics[2]
      Request finished HTTP/2 POST http://ilpp/UnityILPP.PostProcessing/Ping application/grpc - - 200 - application/grpc 0.1008ms
Starting: /Applications/Unity/Hub/Editor/6000.0.74f1/Unity.app/Contents/bee_backend --ipc --dagfile="Library/Bee/Playerecc5c102.dag" --profile="Library/Bee/backend1.traceevents" Player
WorkingDir: /Users/robert/gibiworld/clients/gw-mobile
Rebuilding DAG because FileSignature timestamp changed: Library/Bee/Playerecc5c102-inputdata.json
*** Tundra requires additional run (0.07 seconds), 0 items updated, 0 evaluated
Starting: /Applications/Unity/Hub/Editor/6000.0.74f1/Unity.app/Contents/Tools/netcorerun/netcorerun "/Applications/Unity/Hub/Editor/6000.0.74f1/PlaybackEngines/AndroidPlayer/AndroidPlayerBuildProgram.exe" "/Applications/Unity/Hub/Editor/6000.0.74f1/PlaybackEngines/AndroidPlayer/Bee:/Applications/Unity/Hub/Editor/6000.0.74f1/Unity.app/Contents/Tools/BuildPipeline" "Library/Bee/Playerecc5c102.dag.json" "Library/Bee/Playerecc5c102-inputdata.json" "Library/Bee/buildprogram0.traceevents"
WorkingDir: /Users/robert/gibiworld/clients/gw-mobile
ExitCode: 4 Duration: 0s121ms
DisplayProgressbar: Incremental Player Build
ExitCode: 0 Duration: 0s916ms
Starting: /Applications/Unity/Hub/Editor/6000.0.74f1/Unity.app/Contents/bee_backend --ipc --dagfile="Library/Bee/Playerecc5c102.dag" --dagfilejson="Library/Bee/Playerecc5c102.dag.json" --profile="Library/Bee/backend2.traceevents" Player
WorkingDir: /Users/robert/gibiworld/clients/gw-mobile
Finished compiling graph: 2045 nodes, 5759 flattened edges (5753 ToBuild, 6 ToUse), maximum node priority 1570
[           1s] Delete 954 artifact files that are no longer in use. (like Library/Bee/artifacts/objcopy_b9ry)
[  92/1781  0s] WriteText Library/Bee/artifacts/csharpactions/IntermediateFiles.txt_ri9j.info
[  93/1781  0s] WriteText Library/Bee/artifacts/csharpactions/boot.config_x4e9.info
[  95/1781  0s] SplitFile Library/Bee/artifacts/Android/Split/globalgamemanagers.assets
[  97/1781  0s] SplitFile Library/Bee/artifacts/Android/Split/level0
[  98/1781  0s] SplitFile Library/Bee/artifacts/Android/Split/level1
[  99/1781  0s] SplitFile Library/Bee/artifacts/Android/Split/sharedassets1.assets
[ 101/1781  0s] WriteText Library/Bee/artifacts/csharpactions/unity_app_guid_v0m9.info
[ 102/1781  0s] CopyFiles /Users/robert/gibiworld/clients/gw-mobile/Library/Bee/Android/Prj/IL2CPP/Gradle/unityLibrary/src/main/assets/bin/Data/sharedassets1.assets.split8
[ 103/1781  0s] CopyFiles /Users/robert/gibiworld/clients/gw-mobile/Library/Bee/Android/Prj/IL2CPP/Gradle/unityLibrary/src/main/assets/bin/Data/sharedassets1.assets.split13
[ 104/1781  0s] CopyFiles /Users/robert/gibiworld/clients/gw-mobile/Library/Bee/Android/Prj/IL2CPP/Gradle/unityLibrary/src/main/assets/bin/Data/sharedassets1.assets.split1
[ 105/1781  0s] CopyFiles /Users/robert/gibiworld/clients/gw-mobile/Library/Bee/Android/Prj/IL2CPP/Gradle/unityLibrary/src/main/assets/bin/Data/sharedassets1.assets.split14
[ 106/1781  0s] CopyFiles /Users/robert/gibiworld/clients/gw-mobile/Library/Bee/Android/Prj/IL2CPP/Gradle/unityLibrary/src/main/assets/bin/Data/sharedassets1.assets.split10
[ 107/1781  0s] CopyFiles /Users/robert/gibiworld/clients/gw-mobile/Library/Bee/Android/Prj/IL2CPP/Gradle/unityLibrary/src/main/assets/bin/Data/sharedassets1.assets.split17
[ 108/1781  0s] CopyFiles /Users/robert/gibiworld/clients/gw-mobile/Library/Bee/Android/Prj/IL2CPP/Gradle/unityLibrary/src/main/assets/bin/Data/sharedassets1.assets.split4
[ 109/1781  0s] CopyFiles /Users/robert/gibiworld/clients/gw-mobile/Library/Bee/Android/Prj/IL2CPP/Gradle/unityLibrary/src/main/assets/bin/Data/sharedassets1.assets.split19
[ 110/1781  0s] CopyFiles /Users/robert/gibiworld/clients/gw-mobile/Library/Bee/Android/Prj/IL2CPP/Gradle/unityLibrary/src/main/assets/bin/Data/sharedassets1.assets.split20
[ 111/1781  0s] CopyFiles /Users/robert/gibiworld/clients/gw-mobile/Library/Bee/Android/Prj/IL2CPP/Gradle/unityLibrary/src/main/assets/bin/Data/sharedassets1.assets.split3
[ 112/1781  0s] CopyFiles /Users/robert/gibiworld/clients/gw-mobile/Library/Bee/Android/Prj/IL2CPP/Gradle/unityLibrary/src/main/assets/bin/Data/sharedassets1.assets.split9
[ 113/1781  0s] AddBootConfigGUID Library/Bee/artifacts/Android/boot.config
[ 114/1781  0s] CopyFiles /Users/robert/gibiworld/clients/gw-mobile/Library/Bee/Android/Prj/IL2CPP/Gradle/unityLibrary/src/main/assets/bin/Data/sharedassets1.assets.split11
[ 115/1781  0s] CopyFiles /Users/robert/gibiworld/clients/gw-mobile/Library/Bee/Android/Prj/IL2CPP/Gradle/unityLibrary/src/main/assets/bin/Data/sharedassets1.assets.split2
[ 116/1781  0s] CopyFiles /Users/robert/gibiworld/clients/gw-mobile/Library/Bee/Android/Prj/IL2CPP/Gradle/unityLibrary/src/main/assets/bin/Data/sharedassets1.assets.split18
[ 117/1781  0s] CopyFiles /Users/robert/gibiworld/clients/gw-mobile/Library/Bee/Android/Prj/IL2CPP/Gradle/unityLibrary/src/main/assets/bin/Data/sharedassets1.assets.split16
[ 118/1781  0s] CopyFiles /Users/robert/gibiworld/clients/gw-mobile/Library/Bee/Android/Prj/IL2CPP/Gradle/unityLibrary/src/main/assets/bin/Data/sharedassets1.assets.split0
[ 119/1781  0s] CopyFiles /Users/robert/gibiworld/clients/gw-mobile/Library/Bee/Android/Prj/IL2CPP/Gradle/unityLibrary/src/main/assets/bin/Data/sharedassets1.assets.split15
[ 120/1781  0s] CopyFiles /Users/robert/gibiworld/clients/gw-mobile/Library/Bee/Android/Prj/IL2CPP/Gradle/unityLibrary/src/main/assets/bin/Data/sharedassets1.assets.split7
[ 121/1781  0s] CopyFiles /Users/robert/gibiworld/clients/gw-mobile/Library/Bee/Android/Prj/IL2CPP/Gradle/unityLibrary/src/main/assets/bin/Data/sharedassets1.assets.split12
[ 122/1781  0s] CopyFiles /Users/robert/gibiworld/clients/gw-mobile/Library/Bee/Android/Prj/IL2CPP/Gradle/unityLibrary/src/main/assets/bin/Data/sharedassets1.assets.split5
[ 123/1781  0s] CopyFiles /Users/robert/gibiworld/clients/gw-mobile/Library/Bee/Android/Prj/IL2CPP/Gradle/unityLibrary/src/main/assets/bin/Data/sharedassets1.assets.split6
[ 124/1781  0s] CopyFiles /Users/robert/gibiworld/clients/gw-mobile/Library/Bee/Android/Prj/IL2CPP/Gradle/unityLibrary/src/main/assets/bin/Data/level1
[ 125/1781  0s] CopyFiles /Users/robert/gibiworld/clients/gw-mobile/Library/Bee/Android/Prj/IL2CPP/Gradle/unityLibrary/src/main/assets/bin/Data/boot.config
[ 126/1781  0s] CopyFiles /Users/robert/gibiworld/clients/gw-mobile/Library/Bee/Android/Prj/IL2CPP/Gradle/unityLibrary/src/main/assets/bin/Data/level0
[ 127/1781  0s] CopyFiles /Users/robert/gibiworld/clients/gw-mobile/Library/Bee/Android/Prj/IL2CPP/Gradle/unityLibrary/src/main/assets/bin/Data/globalgamemanagers.assets.split2
[ 128/1781  0s] CopyFiles /Users/robert/gibiworld/clients/gw-mobile/Library/Bee/Android/Prj/IL2CPP/Gradle/unityLibrary/src/main/assets/bin/Data/globalgamemanagers.assets.split0
[ 136/1781  0s] WriteText /Users/robert/gibiworld/clients/gw-mobile/Library/Bee/Android/Prj/IL2CPP/Gradle/launcher/src/main/res/values/strings.xml
[ 141/1781  0s] CopyFiles /Users/robert/gibiworld/clients/gw-mobile/Library/Bee/Android/Prj/IL2CPP/Gradle/unityLibrary/src/main/assets/bin/Data/globalgamemanagers.assets.split3
[ 142/1781  0s] CopyFiles /Users/robert/gibiworld/clients/gw-mobile/Library/Bee/Android/Prj/IL2CPP/Gradle/unityLibrary/src/main/assets/bin/Data/globalgamemanagers.assets.split1
[ 160/1781  0s] CopyFiles /Users/robert/gibiworld/clients/gw-mobile/Library/Bee/Android/Prj/IL2CPP/Gradle/unityLibrary/src/main/assets/bin/Data/Resources/unity_builtin_extra
[ 161/1781  0s] CopyFiles /Users/robert/gibiworld/clients/gw-mobile/Library/Bee/Android/Prj/IL2CPP/Gradle/unityLibrary/xrmanifest.androidlib/AndroidManifest.xml
[ 162/1781  0s] CopyFiles /Users/robert/gibiworld/clients/gw-mobile/Library/Bee/Android/Prj/IL2CPP/Gradle/unityLibrary/src/main/assets/bin/Data/globalgamemanagers
[ 163/1781  0s] CopyFiles /Users/robert/gibiworld/clients/gw-mobile/Library/Bee/Android/Prj/IL2CPP/Gradle/unityLibrary/src/main/assets/bin/Data/feb76ef9a6b29402fb18bbcad28f7741
[ 164/1781  0s] CopyFiles /Users/robert/gibiworld/clients/gw-mobile/Library/Bee/Android/Prj/IL2CPP/Gradle/unityLibrary/src/main/assets/bin/Data/f7f5e36797cf0c1408561665c67b179b
[ 165/1781  0s] CopyFiles /Users/robert/gibiworld/clients/gw-mobile/Library/Bee/Android/Prj/IL2CPP/Gradle/unityLibrary/src/main/assets/bin/Data/f6ce33b91f6ffe54cadacbf4bb112440
[ 166/1781  0s] CopyFiles /Users/robert/gibiworld/clients/gw-mobile/Library/Bee/Android/Prj/IL2CPP/Gradle/unityLibrary/src/main/assets/bin/Data/dc0f88987826e6e48b1fe9c7c2b53a53
[ 167/1781  0s] CopyFiles /Users/robert/gibiworld/clients/gw-mobile/Library/Bee/Android/Prj/IL2CPP/Gradle/unityLibrary/src/main/assets/bin/Data/f6b1a0fe75d5009449cf55ae76220e2b
[ 168/1781  0s] CopyFiles /Users/robert/gibiworld/clients/gw-mobile/Library/Bee/Android/Prj/IL2CPP/Gradle/unityLibrary/src/main/assets/bin/Data/f22bcc84a5f4a1944b075a2c4ac71493
[ 169/1781  0s] CopyFiles /Users/robert/gibiworld/clients/gw-mobile/Library/Bee/Android/Prj/IL2CPP/Gradle/unityLibrary/src/main/assets/bin/Data/d8c744701b43c864b88e7f8144e19bc5
[ 170/1781  0s] CopyFiles /Users/robert/gibiworld/clients/gw-mobile/Library/Bee/Android/Prj/IL2CPP/Gradle/unityLibrary/src/main/assets/bin/Data/d49e78756811bfa4aafb8b6535417991
[ 171/1781  0s] CopyFiles /Users/robert/gibiworld/clients/gw-mobile/Library/Bee/Android/Prj/IL2CPP/Gradle/unityLibrary/src/main/assets/bin/Data/daa46a58178a6ad41ae1ddc2dc7f856d
[ 172/1781  0s] CopyFiles /Users/robert/gibiworld/clients/gw-mobile/Library/Bee/Android/Prj/IL2CPP/Gradle/unityLibrary/src/main/assets/bin/Data/d47f009476100f545971a81ede14c750
[ 173/1781  0s] CopyFiles /Users/robert/gibiworld/clients/gw-mobile/Library/Bee/Android/Prj/IL2CPP/Gradle/unityLibrary/src/main/assets/bin/Data/d3770aaa3bbd8384aabab9ddd383e21e
[ 174/1781  0s] CopyFiles /Users/robert/gibiworld/clients/gw-mobile/Library/Bee/Android/Prj/IL2CPP/Gradle/unityLibrary/src/main/assets/bin/Data/ce347ad101f41ee4ab5c3fbc0ea447db
[ 175/1781  0s] CopyFiles /Users/robert/gibiworld/clients/gw-mobile/Library/Bee/Android/Prj/IL2CPP/Gradle/unityLibrary/src/main/assets/bin/Data/cf6cbdd672089a84796e55a21fed1cbe
[ 176/1781  0s] CopyFiles /Users/robert/gibiworld/clients/gw-mobile/Library/Bee/Android/Prj/IL2CPP/Gradle/unityLibrary/src/main/assets/bin/Data/ca3e294656861a64b8aeeb9f916da0a9
[ 177/1781  0s] CopyFiles /Users/robert/gibiworld/clients/gw-mobile/Library/Bee/Android/Prj/IL2CPP/Gradle/unityLibrary/src/main/assets/bin/Data/b346b2a2df1d290438be3287b6419408
[ 178/1781  0s] CopyFiles /Users/robert/gibiworld/clients/gw-mobile/Library/Bee/Android/Prj/IL2CPP/Gradle/unityLibrary/src/main/assets/bin/Data/b2da6b27df236b144b3516ed8e7d36ac
[ 179/1781  0s] CopyFiles /Users/robert/gibiworld/clients/gw-mobile/Library/Bee/Android/Prj/IL2CPP/Gradle/unityLibrary/src/main/assets/bin/Data/ad83bc56407925d44a77a5bd01cd6783
[ 180/1781  0s] CopyFiles /Users/robert/gibiworld/clients/gw-mobile/Library/Bee/Android/Prj/IL2CPP/Gradle/unityLibrary/src/main/assets/bin/Data/a87cfaef648f17c41b568e842e068c51
[ 181/1781  0s] CopyFiles /Users/robert/gibiworld/clients/gw-mobile/Library/Bee/Android/Prj/IL2CPP/Gradle/unityLibrary/src/main/assets/bin/Data/ae00bb75e0cd5b04b8fe7fb4ab662629
[ 182/1781  0s] CopyFiles /Users/robert/gibiworld/clients/gw-mobile/Library/Bee/Android/Prj/IL2CPP/Gradle/unityLibrary/src/main/assets/bin/Data/a674720496c1ed248a5b7ea3e22a11fd
[ 183/1781  0s] CopyFiles /Users/robert/gibiworld/clients/gw-mobile/Library/Bee/Android/Prj/IL2CPP/Gradle/unityLibrary/src/main/assets/bin/Data/988db55689193434fb0b3b89538f978f
[ 184/1781  0s] CopyFiles /Users/robert/gibiworld/clients/gw-mobile/Library/Bee/Android/Prj/IL2CPP/Gradle/unityLibrary/src/main/assets/bin/Data/a4229954b26954ecd9fbf36a2807de37
[ 185/1781  0s] CopyFiles /Users/robert/gibiworld/clients/gw-mobile/Library/Bee/Android/Prj/IL2CPP/Gradle/unityLibrary/src/main/assets/bin/Data/a2148203dd960814ca5db0c293ceda35
[ 186/1781  0s] CopyFiles /Users/robert/gibiworld/clients/gw-mobile/Library/Bee/Android/Prj/IL2CPP/Gradle/unityLibrary/src/main/assets/bin/Data/928d1ca04af80c84e8d5dabc18095d79
[ 187/1781  0s] CopyFiles /Users/robert/gibiworld/clients/gw-mobile/Library/Bee/Android/Prj/IL2CPP/Gradle/unityLibrary/src/main/assets/bin/Data/94afea5f242d72547979595ba963f335
[ 188/1781  0s] CopyFiles /Users/robert/gibiworld/clients/gw-mobile/Library/Bee/Android/Prj/IL2CPP/Gradle/unityLibrary/src/main/assets/bin/Data/7c78b588b2e1f7c4a86ca4a985cf6e4a
[ 189/1781  0s] CopyFiles /Users/robert/gibiworld/clients/gw-mobile/Library/Bee/Android/Prj/IL2CPP/Gradle/unityLibrary/src/main/assets/bin/Data/7a0568d5e3330b84687e307992be3030
[ 190/1781  0s] CopyFiles /Users/robert/gibiworld/clients/gw-mobile/Library/Bee/Android/Prj/IL2CPP/Gradle/unityLibrary/src/main/assets/bin/Data/77c185820dd1a464eac89cae3abccddf
[ 191/1781  0s] CopyFiles /Users/robert/gibiworld/clients/gw-mobile/Library/Bee/Android/Prj/IL2CPP/Gradle/unityLibrary/src/main/assets/bin/Data/74a5091d8707f334b9a5c31ef71a64ba
[ 192/1781  0s] CopyFiles /Users/robert/gibiworld/clients/gw-mobile/Library/Bee/Android/Prj/IL2CPP/Gradle/unityLibrary/src/main/assets/bin/Data/5088d0220f0c4df439cf06c5c270eacb
[ 193/1781  0s] CopyFiles /Users/robert/gibiworld/clients/gw-mobile/Library/Bee/Android/Prj/IL2CPP/Gradle/unityLibrary/src/main/assets/bin/Data/3cb1a94e7f388441988a6dfab625d26a
[ 194/1781  0s] CopyFiles /Users/robert/gibiworld/clients/gw-mobile/Library/Bee/Android/Prj/IL2CPP/Gradle/unityLibrary/src/main/assets/bin/Data/8778e6b26b51c6a4999b94d7cacd8b5d
[ 195/1781  0s] CopyFiles /Users/robert/gibiworld/clients/gw-mobile/Library/Bee/Android/Prj/IL2CPP/Gradle/unityLibrary/src/main/assets/bin/Data/38a07789c9e87004dad98c2909f58369
[ 196/1781  0s] CopyFiles /Users/robert/gibiworld/clients/gw-mobile/Library/Bee/Android/Prj/IL2CPP/Gradle/unityLibrary/src/main/assets/bin/Data/48fb043c850cadc4a883b53785e14c6e
[ 197/1781  0s] CopyFiles /Users/robert/gibiworld/clients/gw-mobile/Library/Bee/Android/Prj/IL2CPP/Gradle/unityLibrary/src/main/assets/bin/Data/326f7c58aed965d41bf7805a782d1e44
[ 198/1781  0s] CopyFiles /Users/robert/gibiworld/clients/gw-mobile/Library/Bee/Android/Prj/IL2CPP/Gradle/unityLibrary/src/main/assets/bin/Data/3073912dfc7d14835a038c64875eb36a
[ 199/1781  0s] CopyFiles /Users/robert/gibiworld/clients/gw-mobile/Library/Bee/Android/Prj/IL2CPP/Gradle/unityLibrary/src/main/assets/bin/Data/2d019437ff89b8d44949727731cd9357
[ 200/1781  0s] CopyFiles /Users/robert/gibiworld/clients/gw-mobile/Library/Bee/Android/Prj/IL2CPP/Gradle/unityLibrary/src/main/assets/bin/Data/127279d577f25ac4ea17dae3782e5074
[ 201/1781  0s] CopyFiles /Users/robert/gibiworld/clients/gw-mobile/Library/Bee/Android/Prj/IL2CPP/Gradle/unityLibrary/src/main/assets/bin/Data/10a25524b0986f9488b430e2829bbbe8
[ 202/1781  0s] CopyFiles /Users/robert/gibiworld/clients/gw-mobile/Library/Bee/Android/Prj/IL2CPP/Gradle/unityLibrary/src/main/assets/bin/Data/0000000000000000f000000000000000
[ 203/1781  0s] CopyFiles /Users/robert/gibiworld/clients/gw-mobile/Library/Bee/Android/Prj/IL2CPP/Gradle/unityLibrary/src/main/assets/bin/Data/1c87ab2ce8b8b304d98fbe9a734b1f74
[ 204/1781  0s] SplitFile Library/Bee/artifacts/Android/Split/level2
[ 205/1781  0s] CopyFiles /Users/robert/gibiworld/clients/gw-mobile/Library/Bee/Android/Prj/IL2CPP/Gradle/unityLibrary/src/main/assets/bin/Data/level2
[ 206/1781  0s] SplitFile Library/Bee/artifacts/Android/Split/sharedassets2.assets
[ 207/1781  0s] CopyFiles /Users/robert/gibiworld/clients/gw-mobile/Library/Bee/Android/Prj/IL2CPP/Gradle/unityLibrary/src/main/assets/bin/Data/sharedassets2.assets
[ 208/1781  0s] SplitFile Library/Bee/artifacts/Android/Split/sharedassets0.assets
[ 209/1781  0s] CopyFiles /Users/robert/gibiworld/clients/gw-mobile/Library/Bee/Android/Prj/IL2CPP/Gradle/unityLibrary/src/main/assets/bin/Data/sharedassets0.assets
[ 210/1781  0s] ActionGenerateProjectFiles Library/Bee/artifacts/Android/IntermediateFiles.txt (+48 others)
[ 211/1781  4s] UnityLinker /Users/robert/gibiworld/clients/gw-mobile/Library/Bee/artifacts/unitylinker_xy1a.traceevents
/Applications/Unity/Hub/Editor/6000.0.74f1/Unity.app/Contents/il2cpp/build/deploy/UnityLinker --allowed-assembly=/Applications/Unity/Hub/Editor/6000.0.74f1/PlaybackEngines/AndroidPlayer/Variations/il2cpp/Managed/UnityEngine.AIModule.dll --allowed-assembly=/Applications/Unity/Hub/Editor/6000.0.74f1/PlaybackEngines/AndroidPlayer/Variations/il2cpp/Managed/UnityEngine.ARModule.dll --allowed-assembly=/Applications/Unity/Hub/Editor/6000.0.74f1/PlaybackEngines/AndroidPlayer/Variations/il2cpp/Managed/UnityEngine.AccessibilityModule.dll --allowed-assembly=/Applications/Unity/Hub/Editor/6000.0.74f1/PlaybackEngines/AndroidPlayer/Variations/il2cpp/Managed/UnityEngine.AndroidJNIModule.dll --allowed-assembly=/Applications/Unity/Hub/Editor/6000.0.74f1/PlaybackEngines/AndroidPlayer/Variations/il2cpp/Managed/UnityEngine.AnimationModule.dll --allowed-assembly=/Applications/Unity/Hub/Editor/6000.0.74f1/PlaybackEngines/AndroidPlayer/Variations/il2cpp/Managed/UnityEngine.AssetBundleModule.dll --allowed-assembly=/Applications/Unity/Hub/Editor/6000.0.74f1/PlaybackEngines/AndroidPlayer/Variations/il2cpp/Managed/UnityEngine.AudioModule.dll --allowed-assembly=/Applications/Unity/Hub/Editor/6000.0.74f1/PlaybackEngines/AndroidPlayer/Variations/il2cpp/Managed/UnityEngine.ClothModule.dll --allowed-assembly=/Applications/Unity/Hub/Editor/6000.0.74f1/PlaybackEngines/AndroidPlayer/Variations/il2cpp/Managed/UnityEngine.ContentLoadModule.dll --allowed-assembly=/Applications/Unity/Hub/Editor/6000.0.74f1/PlaybackEngines/AndroidPlayer/Variations/il2cpp/Managed/UnityEngine.CoreModule.dll --allowed-assembly=/Applications/Unity/Hub/Editor/6000.0.74f1/PlaybackEngines/AndroidPlayer/Variations/il2cpp/Managed/UnityEngine.CrashReportingModule.dll --allowed-assembly=/Applications/Unity/Hub/Editor/6000.0.74f1/PlaybackEngines/AndroidPlayer/Variations/il2cpp/Managed/UnityEngine.DSPGraphModule.dll --allowed-assembly=/Applications/Unity/Hub/Editor/6000.0.74f1/PlaybackEngines/AndroidPlayer/Variations/il2cpp/Managed/UnityEngine.DirectorModule.dll --allowed-assembly=/Applications/Unity/Hub/Editor/6000.0.74f1/PlaybackEngines/AndroidPlayer/Variations/il2cpp/Managed/UnityEngine.GIModule.dll --allowed-assembly=/Applications/Unity/Hub/Editor/6000.0.74f1/PlaybackEngines/AndroidPlayer/Variations/il2cpp/Managed/UnityEngine.GameCenterModule.dll --allowed-assembly=/Applications/Unity/Hub/Editor/6000.0.74f1/PlaybackEngines/AndroidPlayer/Variations/il2cpp/Managed/UnityEngine.GraphicsStateCollectionSerializerModule.dll --allowed-assembly=/Applications/Unity/Hub/Editor/6000.0.74f1/PlaybackEngines/AndroidPlayer/Variations/il2cpp/Managed/UnityEngine.GridModule.dll --allowed-assembly=/Applications/Unity/Hub/Editor/6000.0.74f1/PlaybackEngines/AndroidPlayer/Variations/il2cpp/Managed/UnityEngine.HierarchyCoreModule.dll --allowed-assembly=/Applications/Unity/Hub/Editor/6000.0.74f1/PlaybackEngines/AndroidPlayer/Variations/il2cpp/Managed/UnityEngine.HotReloadModule.dll --allowed-assembly=/Applications/Unity/Hub/Editor/6000.0.74f1/PlaybackEngines/AndroidPlayer/Variations/il2cpp/Managed/UnityEngine.IMGUIModule.dll --allowed-assembly=/Applications/Unity/Hub/Editor/6000.0.74f1/PlaybackEngines/AndroidPlayer/Variations/il2cpp/Managed/UnityEngine.IdentifiersModule.dll --allowed-assembly=/Applications/Unity/Hub/Editor/6000.0.74f1/PlaybackEngines/AndroidPlayer/Variations/il2cpp/Managed/UnityEngine.ImageConversionModule.dll --allowed-assembly=/Applications/Unity/Hub/Editor/6000.0.74f1/PlaybackEngines/AndroidPlayer/Variations/il2cpp/Managed/UnityEngine.InputForUIModule.dll --allowed-assembly=/Applications/Unity/Hub/Editor/6000.0.74f1/PlaybackEngines/AndroidPlayer/Variations/il2cpp/Managed/UnityEngine.InputLegacyModule.dll --allowed-assembly=/Applications/Unity/Hub/Editor/6000.0.74f1/PlaybackEngines/AndroidPlayer/Variations/il2cpp/Managed/UnityEngine.InputModule.dll --allowed-assembly=/Applications/Unity/Hub/Editor/6000.0.74f1/PlaybackEngines/AndroidPlayer/Variations/il2cpp/Managed/UnityEngine.InsightsModule.dll --allowed-assembly=/Applications/Unity/Hub/Editor/6000.0.74f1/PlaybackEngines/AndroidPlayer/Variations/il2cpp/Managed/UnityEngine.JSONSerializeModule.dll --allowed-assembly=/Applications/Unity/Hub/Editor/6000.0.74f1/PlaybackEngines/AndroidPlayer/Variations/il2cpp/Managed/UnityEngine.LocalizationModule.dll --allowed-assembly=/Applications/Unity/Hub/Editor/6000.0.74f1/PlaybackEngines/AndroidPlayer/Variations/il2cpp/Managed/UnityEngine.MarshallingModule.dll --allowed-assembly=/Applications/Unity/Hub/Editor/6000.0.74f1/PlaybackEngines/AndroidPlayer/Variations/il2cpp/Managed/UnityEngine.MultiplayerModule.dll --allowed-assembly=/Applications/Unity/Hub/Editor/6000.0.74f1/PlaybackEngines/AndroidPlayer/Variations/il2cpp/Managed/UnityEngine.ParticleSystemModule.dll --allowed-assembly=/Applications/Unity/Hub/Editor/6000.0.74f1/PlaybackEngines/AndroidPlayer/Variations/il2cpp/Managed/UnityEngine.PerformanceReportingModule.dll --allowed-assembly=/Applications/Unity/Hub/Editor/6000.0.74f1/PlaybackEngines/AndroidPlayer/Variations/il2cpp/Managed/UnityEngine.Physics2DModule.dll --allowed-assembly=/Applications/Unity/Hub/Editor/6000.0.74f1/PlaybackEngines/AndroidPlayer/Variations/il2cpp/Managed/UnityEngine.PhysicsModule.dll --allowed-assembly=/Applications/Unity/Hub/Editor/6000.0.74f1/PlaybackEngines/AndroidPlayer/Variations/il2cpp/Managed/UnityEngine.PropertiesModule.dll --allowed-assembly=/Applications/Unity/Hub/Editor/6000.0.74f1/PlaybackEngines/AndroidPlayer/Variations/il2cpp/Managed/UnityEngine.RuntimeInitializeOnLoadManagerInitializerModule.dll --allowed-assembly=/Applications/Unity/Hub/Editor/6000.0.74f1/PlaybackEngines/AndroidPlayer/Variations/il2cpp/Managed/UnityEngine.ScreenCaptureModule.dll --allowed-assembly=/Applications/Unity/Hub/Editor/6000.0.74f1/PlaybackEngines/AndroidPlayer/Variations/il2cpp/Managed/UnityEngine.ShaderVariantAnalyticsModule.dll --allowed-assembly=/Applications/Unity/Hub/Editor/6000.0.74f1/PlaybackEngines/AndroidPlayer/Variations/il2cpp/Managed/UnityEngine.SharedInternalsModule.dll --allowed-assembly=/Applications/Unity/Hub/Editor/6000.0.74f1/PlaybackEngines/AndroidPlayer/Variations/il2cpp/Managed/UnityEngine.SpriteMaskModule.dll --allowed-assembly=/Applications/Unity/Hub/Editor/6000.0.74f1/PlaybackEngines/AndroidPlayer/Variations/il2cpp/Managed/UnityEngine.SpriteShapeModule.dll --allowed-assembly=/Applications/Unity/Hub/Editor/6000.0.74f1/PlaybackEngines/AndroidPlayer/Variations/il2cpp/Managed/UnityEngine.StreamingModule.dll --allowed-assembly=/Applications/Unity/Hub/Editor/6000.0.74f1/PlaybackEngines/AndroidPlayer/Variations/il2cpp/Managed/UnityEngine.SubstanceModule.dll --allowed-assembly=/Applications/Unity/Hub/Editor/6000.0.74f1/PlaybackEngines/AndroidPlayer/Variations/il2cpp/Managed/UnityEngine.SubsystemsModule.dll --allowed-assembly=/Applications/Unity/Hub/Editor/6000.0.74f1/PlaybackEngines/AndroidPlayer/Variations/il2cpp/Managed/UnityEngine.TLSModule.dll --allowed-assembly=/Applications/Unity/Hub/Editor/6000.0.74f1/PlaybackEngines/AndroidPlayer/Variations/il2cpp/Managed/UnityEngine.TerrainModule.dll --allowed-assembly=/Applications/Unity/Hub/Editor/6000.0.74f1/PlaybackEngines/AndroidPlayer/Variations/il2cpp/Managed/UnityEngine.TerrainPhysicsModule.dll --allowed-assembly=/Applications/Unity/Hub/Editor/6000.0.74f1/PlaybackEngines/AndroidPlayer/Variations/il2cpp/Managed/UnityEngine.TextCoreFontEngineModule.dll --allowed-assembly=/Applications/Unity/Hub/Editor/6000.0.74f1/PlaybackEngines/AndroidPlayer/Variations/il2cpp/Managed/UnityEngine.TextCoreTextEngineModule.dll --allowed-assembly=/Applications/Unity/Hub/Editor/6000.0.74f1/PlaybackEngines/AndroidPlayer/Variations/il2cpp/Managed/UnityEngine.TextRenderingModule.dll --allowed-assembly=/Applications/Unity/Hub/Editor/6000.0.74f1/PlaybackEngines/AndroidPlayer/Variations/il2cpp/Managed/UnityEngine.TilemapModule.dll --allowed-assembly=/Applications/Unity/Hub/Editor/6000.0.74f1/PlaybackEngines/AndroidPlayer/Variations/il2cpp/Managed/UnityEngine.UIElementsModule.dll --allowed-assembly=/Applications/Unity/Hub/Editor/6000.0.74f1/PlaybackEngines/AndroidPlayer/Variations/il2cpp/Managed/UnityEngine.UIModule.dll --allowed-assembly=/Applications/Unity/Hub/Editor/6000.0.74f1/PlaybackEngines/AndroidPlayer/Variations/il2cpp/Managed/UnityEngine.UmbraModule.dll --allowed-assembly=/Applications/Unity/Hub/Editor/6000.0.74f1/PlaybackEngines/AndroidPlayer/Variations/il2cpp/Managed/UnityEngine.UnityAnalyticsCommonModule.dll --allowed-assembly=/Applications/Unity/Hub/Editor/6000.0.74f1/PlaybackEngines/AndroidPlayer/Variations/il2cpp/Managed/UnityEngine.UnityAnalyticsModule.dll --allowed-assembly=/Applications/Unity/Hub/Editor/6000.0.74f1/PlaybackEngines/AndroidPlayer/Variations/il2cpp/Managed/UnityEngine.UnityConnectModule.dll --allowed-assembly=/Applications/Unity/Hub/Editor/6000.0.74f1/PlaybackEngines/AndroidPlayer/Variations/il2cpp/Managed/UnityEngine.UnityConsentModule.dll --allowed-assembly=/Applications/Unity/Hub/Editor/6000.0.74f1/PlaybackEngines/AndroidPlayer/Variations/il2cpp/Managed/UnityEngine.UnityCurlModule.dll --allowed-assembly=/Applications/Unity/Hub/Editor/6000.0.74f1/PlaybackEngines/AndroidPlayer/Variations/il2cpp/Managed/UnityEngine.UnityTestProtocolModule.dll --allowed-assembly=/Applications/Unity/Hub/Editor/6000.0.74f1/PlaybackEngines/AndroidPlayer/Variations/il2cpp/Managed/UnityEngine.UnityWebRequestAssetBundleModule.dll --allowed-assembly=/Applications/Unity/Hub/Editor/6000.0.74f1/PlaybackEngines/AndroidPlayer/Variations/il2cpp/Managed/UnityEngine.UnityWebRequestAudioModule.dll --allowed-assembly=/Applications/Unity/Hub/Editor/6000.0.74f1/PlaybackEngines/AndroidPlayer/Variations/il2cpp/Managed/UnityEngine.UnityWebRequestModule.dll --allowed-assembly=/Applications/Unity/Hub/Editor/6000.0.74f1/PlaybackEngines/AndroidPlayer/Variations/il2cpp/Managed/UnityEngine.UnityWebRequestTextureModule.dll --allowed-assembly=/Applications/Unity/Hub/Editor/6000.0.74f1/PlaybackEngines/AndroidPlayer/Variations/il2cpp/Managed/UnityEngine.UnityWebRequestWWWModule.dll --allowed-assembly=/Applications/Unity/Hub/Editor/6000.0.74f1/PlaybackEngines/AndroidPlayer/Variations/il2cpp/Managed/UnityEngine.VFXModule.dll --allowed-assembly=/Applications/Unity/Hub/Editor/6000.0.74f1/PlaybackEngines/AndroidPlayer/Variations/il2cpp/Managed/UnityEngine.VRModule.dll --allowed-assembly=/Applications/Unity/Hub/Editor/6000.0.74f1/PlaybackEngines/AndroidPlayer/Variations/il2cpp/Managed/UnityEngine.VehiclesModule.dll --allowed-assembly=/Applications/Unity/Hub/Editor/6000.0.74f1/PlaybackEngines/AndroidPlayer/Variations/il2cpp/Managed/UnityEngine.VideoModule.dll --allowed-assembly=/Applications/Unity/Hub/Editor/6000.0.74f1/PlaybackEngines/AndroidPlayer/Variations/il2cpp/Managed/UnityEngine.WindModule.dll --allowed-assembly=/Applications/Unity/Hub/Editor/6000.0.74f1/PlaybackEngines/AndroidPlayer/Variations/il2cpp/Managed/UnityEngine.XRModule.dll --allowed-assembly=/Applications/Unity/Hub/Editor/6000.0.74f1/PlaybackEngines/AndroidPlayer/Variations/il2cpp/Managed/UnityEngine.dll --allowed-assembly=/Users/robert/gibiworld/clients/gw-mobile/Library/Bee/PlayerScriptAssemblies/Gibi.AssetRuntime.dll --allowed-assembly=/Users/robert/gibiworld/clients/gw-mobile/Library/Bee/PlayerScriptAssemblies/Gibi.Core.dll --allowed-assembly=/Users/robert/gibiworld/clients/gw-mobile/Library/Bee/PlayerScriptAssemblies/Gibi.Gameplay.dll --allowed-assembly=/Users/robert/gibiworld/clients/gw-mobile/Library/Bee/PlayerScriptAssemblies/Gibi.Pets.dll --allowed-assembly=/Users/robert/gibiworld/clients/gw-mobile/Library/Bee/PlayerScriptAssemblies/Gibi.Spatial.dll --allowed-assembly=/Users/robert/gibiworld/clients/gw-mobile/Library/Bee/PlayerScriptAssemblies/Gibi.UI.dll --allowed-assembly=/Users/robert/gibiworld/clients/gw-mobile/Library/Bee/PlayerScriptAssemblies/glTFast.dll --allowed-assembly=/Users/robert/gibiworld/clients/gw-mobile/Library/Bee/PlayerScriptAssemblies/glTFast.Documentation.Examples.dll --allowed-assembly=/Users/robert/gibiworld/clients/gw-mobile/Library/Bee/PlayerScriptAssemblies/glTFast.dots.dll --allowed-assembly=/Users/robert/gibiworld/clients/gw-mobile/Library/Bee/PlayerScriptAssemblies/glTFast.Export.dll --allowed-assembly=/Users/robert/gibiworld/clients/gw-mobile/Library/Bee/PlayerScriptAssemblies/glTFast.Newtonsoft.dll --allowed-assembly=/Users/robert/gibiworld/clients/gw-mobile/Library/Bee/PlayerScriptAssemblies/NianticSpatial.NSDK.AR.dll --allowed-assembly=/Users/robert/gibiworld/clients/gw-mobile/Library/Bee/PlayerScriptAssemblies/Unity.Addressables.dll --allowed-assembly=/Users/robert/gibiworld/clients/gw-mobile/Library/Bee/PlayerScriptAssemblies/Unity.Animation.Rigging.dll --allowed-assembly=/Users/robert/gibiworld/clients/gw-mobile/Library/Bee/PlayerScriptAssemblies/Unity.Animation.Rigging.DocCodeExamples.dll --allowed-assembly=/Users/robert/gibiworld/clients/gw-mobile/Library/Bee/PlayerScriptAssemblies/Unity.Burst.dll --allowed-assembly=/Users/robert/gibiworld/clients/gw-mobile/Library/Bee/PlayerScriptAssemblies/Unity.Collections.dll --allowed-assembly=/Users/robert/gibiworld/clients/gw-mobile/Library/Bee/PlayerScriptAssemblies/Unity.InputSystem.dll --allowed-assembly=/Users/robert/gibiworld/clients/gw-mobile/Library/Bee/PlayerScriptAssemblies/Unity.InputSystem.ForUI.dll --allowed-assembly=/Users/robert/gibiworld/clients/gw-mobile/Library/Bee/PlayerScriptAssemblies/Unity.Mathematics.dll --allowed-assembly=/Users/robert/gibiworld/clients/gw-mobile/Library/Bee/PlayerScriptAssemblies/Unity.Rendering.LightTransport.Runtime.dll --allowed-assembly=/Users/robert/gibiworld/clients/gw-mobile/Library/Bee/PlayerScriptAssemblies/Unity.RenderPipeline.Universal.ShaderLibrary.dll --allowed-assembly=/Users/robert/gibiworld/clients/gw-mobile/Library/Bee/PlayerScriptAssemblies/Unity.RenderPipelines.Core.Runtime.dll --allowed-assembly=/Users/robert/gibiworld/clients/gw-mobile/Library/Bee/PlayerScriptAssemblies/Unity.RenderPipelines.Core.Runtime.Shared.dll --allowed-assembly=/Users/robert/gibiworld/clients/gw-mobile/Library/Bee/PlayerScriptAssemblies/Unity.RenderPipelines.Core.ShaderLibrary.dll --allowed-assembly=/Users/robert/gibiworld/clients/gw-mobile/Library/Bee/PlayerScriptAssemblies/Unity.RenderPipelines.GPUDriven.Runtime.dll --allowed-assembly=/Users/robert/gibiworld/clients/gw-mobile/Library/Bee/PlayerScriptAssemblies/Unity.RenderPipelines.ShaderGraph.ShaderGraphLibrary.dll --allowed-assembly=/Users/robert/gibiworld/clients/gw-mobile/Library/Bee/PlayerScriptAssemblies/Unity.RenderPipelines.Universal.2D.Runtime.dll --allowed-assembly=/Users/robert/gibiworld/clients/gw-mobile/Library/Bee/PlayerScriptAssemblies/Unity.RenderPipelines.Universal.Config.Runtime.dll --allowed-assembly=/Users/robert/gibiworld/clients/gw-mobile/Library/Bee/PlayerScriptAssemblies/Unity.RenderPipelines.Universal.Runtime.dll --allowed-assembly=/Users/robert/gibiworld/clients/gw-mobile/Library/Bee/PlayerScriptAssemblies/Unity.RenderPipelines.Universal.Shaders.dll --allowed-assembly=/Users/robert/gibiworld/clients/gw-mobile/Library/Bee/PlayerScriptAssemblies/Unity.ResourceManager.dll --allowed-assembly=/Users/robert/gibiworld/clients/gw-mobile/Library/Bee/PlayerScriptAssemblies/Unity.ScriptableBuildPipeline.dll --allowed-assembly=/Users/robert/gibiworld/clients/gw-mobile/Library/Bee/PlayerScriptAssemblies/Unity.TextMeshPro.dll --allowed-assembly=/Users/robert/gibiworld/clients/gw-mobile/Library/Bee/PlayerScriptAssemblies/Unity.Timeline.dll --allowed-assembly=/Users/robert/gibiworld/clients/gw-mobile/Library/Bee/PlayerScriptAssemblies/Unity.XR.ARCore.dll --allowed-assembly=/Users/robert/gibiworld/clients/gw-mobile/Library/Bee/PlayerScriptAssemblies/Unity.XR.ARFoundation.dll --allowed-assembly=/Users/robert/gibiworld/clients/gw-mobile/Library/Bee/PlayerScriptAssemblies/Unity.XR.ARFoundation.InternalUtils.dll --allowed-assembly=/Users/robert/gibiworld/clients/gw-mobile/Library/Bee/PlayerScriptAssemblies/Unity.XR.ARFoundation.VisualScripting.dll --allowed-assembly=/Users/robert/gibiworld/clients/gw-mobile/Library/Bee/PlayerScriptAssemblies/Unity.XR.ARSubsystems.dll --allowed-assembly=/Users/robert/gibiworld/clients/gw-mobile/Library/Bee/PlayerScriptAssemblies/Unity.XR.CoreUtils.dll --allowed-assembly=/Users/robert/gibiworld/clients/gw-mobile/Library/Bee/PlayerScriptAssemblies/Unity.XR.Management.dll --allowed-assembly=/Users/robert/gibiworld/clients/gw-mobile/Library/Bee/PlayerScriptAssemblies/Unity.XR.OpenXR.dll --allowed-assembly=/Users/robert/gibiworld/clients/gw-mobile/Library/Bee/PlayerScriptAssemblies/Unity.XR.OpenXR.Features.ConformanceAutomation.dll --allowed-assembly=/Users/robert/gibiworld/clients/gw-mobile/Library/Bee/PlayerScriptAssemblies/Unity.XR.OpenXR.Features.MetaQuestSupport.dll --allowed-assembly=/Users/robert/gibiworld/clients/gw-mobile/Library/Bee/PlayerScriptAssemblies/Unity.XR.OpenXR.Features.MockRuntime.dll --allowed-assembly=/Users/robert/gibiworld/clients/gw-mobile/Library/Bee/PlayerScriptAssemblies/Unity.XR.OpenXR.Features.OculusQuestSupport.dll --allowed-assembly=/Users/robert/gibiworld/clients/gw-mobile/Library/Bee/PlayerScriptAssemblies/Unity.XR.OpenXR.Features.RuntimeDebugger.dll --allowed-assembly=/Users/robert/gibiworld/clients/gw-mobile/Library/Bee/PlayerScriptAssemblies/Unity.XR.OpenXR.TestTooling.dll --allowed-assembly=/Users/robert/gibiworld/clients/gw-mobile/Library/Bee/PlayerScriptAssemblies/UnityEngine.SpatialTracking.dll --allowed-assembly=/Users/robert/gibiworld/clients/gw-mobile/Library/Bee/PlayerScriptAssemblies/UnityEngine.UI.dll --allowed-assembly=/Users/robert/gibiworld/clients/gw-mobile/Library/Bee/PlayerScriptAssemblies/UnityEngine.XR.LegacyInputHelpers.dll --allowed-assembly=/Users/robert/gibiworld/clients/gw-mobile/Library/PackageCache/com.nianticspatial.nsdk@ee58c6715951/Runtime/Telemetry/dep/Niantic.Protobuf.3.25.3.0/System.Runtime.CompilerServices.Unsafe.dll --allowed-assembly=/Users/robert/gibiworld/clients/gw-mobile/Library/PackageCache/com.unity.collections@12999e356c23/Unity.Collections.LowLevel.ILSupport/Unity.Collections.LowLevel.ILSupport.dll --allowed-assembly=/Users/robert/gibiworld/clients/gw-mobile/Library/PackageCache/com.unity.collections@12999e356c23/Unity.Collections.Tests/System.IO.Hashing/System.IO.Hashing.dll --allowed-assembly=/Users/robert/gibiworld/clients/gw-mobile/Library/PackageCache/com.nianticspatial.nsdk@ee58c6715951/Runtime/Telemetry/dep/Niantic.Protobuf.3.25.3.0/Niantic.Protobuf.dll --allowed-assembly=/Users/robert/gibiworld/clients/gw-mobile/Library/PackageCache/com.unity.burst@6bb9aca3ef38/Unity.Burst.Unsafe.dll --allowed-assembly=/Users/robert/gibiworld/clients/gw-mobile/Library/PackageCache/com.unity.nuget.newtonsoft-json@74deb55db2a0/Runtime/AOT/Newtonsoft.Json.dll --allowed-assembly=/Applications/Unity/Hub/Editor/6000.0.74f1/Unity.app/Contents/MonoBleedingEdge/lib/mono/unityaot-linux/Accessibility.dll --allowed-assembly=/Applications/Unity/Hub/Editor/6000.0.74f1/Unity.app/Contents/MonoBleedingEdge/lib/mono/unityaot-linux/Facades/Microsoft.Win32.Primitives.dll --allowed-assembly=/Applications/Unity/Hub/Editor/6000.0.74f1/Unity.app/Contents/MonoBleedingEdge/lib/mono/unityaot-linux/Facades/Microsoft.Win32.Registry.AccessControl.dll --allowed-assembly=/Applications/Unity/Hub/Editor/6000.0.74f1/Unity.app/Contents/MonoBleedingEdge/lib/mono/unityaot-linux/Facades/Microsoft.Win32.Registry.dll --allowed-assembly=/Applications/Unity/Hub/Editor/6000.0.74f1/Unity.app/Contents/MonoBleedingEdge/lib/mono/unityaot-linux/Facades/System.AppContext.dll --allowed-assembly=/Applications/Unity/Hub/Editor/6000.0.74f1/Unity.app/Contents/MonoBleedingEdge/lib/mono/unityaot-linux/Facades/System.Buffers.dll --allowed-assembly=/Applications/Unity/Hub/Editor/6000.0.74f1/Unity.app/Contents/MonoBleedingEdge/lib/mono/unityaot-linux/Facades/System.Collections.Concurrent.dll --allowed-assembly=/Applications/Unity/Hub/Editor/6000.0.74f1/Unity.app/Contents/MonoBleedingEdge/lib/mono/unityaot-linux/Facades/System.Collections.NonGeneric.dll --allowed-assembly=/Applications/Unity/Hub/Editor/6000.0.74f1/Unity.app/Contents/MonoBleedingEdge/lib/mono/unityaot-linux/Facades/System.Collections.Specialized.dll --allowed-assembly=/Applications/Unity/Hub/Editor/6000.0.74f1/Unity.app/Contents/MonoBleedingEdge/lib/mono/unityaot-linux/Facades/System.Collections.dll --allowed-assembly=/Applications/Unity/Hub/Editor/6000.0.74f1/Unity.app/Contents/MonoBleedingEdge/lib/mono/unityaot-linux/Facades/System.ComponentModel.Annotations.dll --allowed-assembly=/Applications/Unity/Hub/Editor/6000.0.74f1/Unity.app/Contents/MonoBleedingEdge/lib/mono/unityaot-linux/Facades/System.ComponentModel.EventBasedAsync.dll --allowed-assembly=/Applications/Unity/Hub/Editor/6000.0.74f1/Unity.app/Contents/MonoBleedingEdge/lib/mono/unityaot-linux/Facades/System.ComponentModel.Primitives.dll --allowed-assembly=/Applications/Unity/Hub/Editor/6000.0.74f1/Unity.app/Contents/MonoBleedingEdge/lib/mono/unityaot-linux/Facades/System.ComponentModel.TypeConverter.dll --allowed-assembly=/Applications/Unity/Hub/Editor/6000.0.74f1/Unity.app/Contents/MonoBleedingEdge/lib/mono/unityaot-linux/Facades/System.ComponentModel.dll --allowed-assembly=/Applications/Unity/Hub/Editor/6000.0.74f1/Unity.app/Contents/MonoBleedingEdge/lib/mono/unityaot-linux/Facades/System.Console.dll --allowed-assembly=/Applications/Unity/Hub/Editor/6000.0.74f1/Unity.app/Contents/MonoBleedingEdge/lib/mono/unityaot-linux/Facades/System.Data.Common.dll --allowed-assembly=/Applications/Unity/Hub/Editor/6000.0.74f1/Unity.app/Contents/MonoBleedingEdge/lib/mono/unityaot-linux/Facades/System.Data.SqlClient.dll --allowed-assembly=/Applications/Unity/Hub/Editor/6000.0.74f1/Unity.app/Contents/MonoBleedingEdge/lib/mono/unityaot-linux/Facades/System.Diagnostics.Contracts.dll --allowed-assembly=/Applications/Unity/Hub/Editor/6000.0.74f1/Unity.app/Contents/MonoBleedingEdge/lib/mono/unityaot-linux/Facades/System.Diagnostics.Debug.dll --allowed-assembly=/Applications/Unity/Hub/Editor/6000.0.74f1/Unity.app/Contents/MonoBleedingEdge/lib/mono/unityaot-linux/Facades/System.Diagnostics.FileVersionInfo.dll --allowed-assembly=/Applications/Unity/Hub/Editor/6000.0.74f1/Unity.app/Contents/MonoBleedingEdge/lib/mono/unityaot-linux/Facades/System.Diagnostics.Process.dll --allowed-assembly=/Applications/Unity/Hub/Editor/6000.0.74f1/Unity.app/Contents/MonoBleedingEdge/lib/mono/unityaot-linux/Facades/System.Diagnostics.StackTrace.dll --allowed-assembly=/Applications/Unity/Hub/Editor/6000.0.74f1/Unity.app/Contents/MonoBleedingEdge/lib/mono/unityaot-linux/Facades/System.Diagnostics.TextWriterTraceListener.dll --allowed-assembly=/Applications/Unity/Hub/Editor/6000.0.74f1/Unity.app/Contents/MonoBleedingEdge/lib/mono/unityaot-linux/Facades/System.Diagnostics.Tools.dll --allowed-assembly=/Applications/Unity/Hub/Editor/6000.0.74f1/Unity.app/Contents/MonoBleedingEdge/lib/mono/unityaot-linux/Facades/System.Diagnostics.TraceEvent.dll --allowed-assembly=/Applications/Unity/Hub/Editor/6000.0.74f1/Unity.app/Contents/MonoBleedingEdge/lib/mono/unityaot-linux/Facades/System.Diagnostics.TraceSource.dll --allowed-assembly=/Applications/Unity/Hub/Editor/6000.0.74f1/Unity.app/Contents/MonoBleedingEdge/lib/mono/unityaot-linux/Facades/System.Diagnostics.Tracing.dll --allowed-assembly=/Applications/Unity/Hub/Editor/6000.0.74f1/Unity.app/Contents/MonoBleedingEdge/lib/mono/unityaot-linux/Facades/System.Drawing.Primitives.dll --allowed-assembly=/Applications/Unity/Hub/Editor/6000.0.74f1/Unity.app/Contents/MonoBleedingEdge/lib/mono/unityaot-linux/Facades/System.Dynamic.Runtime.dll --allowed-assembly=/Applications/Unity/Hub/Editor/6000.0.74f1/Unity.app/Contents/MonoBleedingEdge/lib/mono/unityaot-linux/Facades/System.Globalization.Calendars.dll --allowed-assembly=/Applications/Unity/Hub/Editor/6000.0.74f1/Unity.app/Contents/MonoBleedingEdge/lib/mono/unityaot-linux/Facades/System.Globalization.Extensions.dll --allowed-assembly=/Applications/Unity/Hub/Editor/6000.0.74f1/Unity.app/Contents/MonoBleedingEdge/lib/mono/unityaot-linux/Facades/System.Globalization.dll --allowed-assembly=/Applications/Unity/Hub/Editor/6000.0.74f1/Unity.app/Contents/MonoBleedingEdge/lib/mono/unityaot-linux/Facades/System.IO.Compression.ZipFile.dll --allowed-assembly=/Applications/Unity/Hub/Editor/6000.0.74f1/Unity.app/Contents/MonoBleedingEdge/lib/mono/unityaot-linux/Facades/System.IO.FileSystem.AccessControl.dll --allowed-assembly=/Applications/Unity/Hub/Editor/6000.0.74f1/Unity.app/Contents/MonoBleedingEdge/lib/mono/unityaot-linux/Facades/System.IO.FileSystem.DriveInfo.dll --allowed-assembly=/Applications/Unity/Hub/Editor/6000.0.74f1/Unity.app/Contents/MonoBleedingEdge/lib/mono/unityaot-linux/Facades/System.IO.FileSystem.Primitives.dll --allowed-assembly=/Applications/Unity/Hub/Editor/6000.0.74f1/Unity.app/Contents/MonoBleedingEdge/lib/mono/unityaot-linux/Facades/System.IO.FileSystem.Watcher.dll --allowed-assembly=/Applications/Unity/Hub/Editor/6000.0.74f1/Unity.app/Contents/MonoBleedingEdge/lib/mono/unityaot-linux/Facades/System.IO.FileSystem.dll --allowed-assembly=/Applications/Unity/Hub/Editor/6000.0.74f1/Unity.app/Contents/MonoBleedingEdge/lib/mono/unityaot-linux/Facades/System.IO.IsolatedStorage.dll --allowed-assembly=/Applications/Unity/Hub/Editor/6000.0.74f1/Unity.app/Contents/MonoBleedingEdge/lib/mono/unityaot-linux/Facades/System.IO.MemoryMappedFiles.dll --allowed-assembly=/Applications/Unity/Hub/Editor/6000.0.74f1/Unity.app/Contents/MonoBleedingEdge/lib/mono/unityaot-linux/Facades/System.IO.Pipes.dll --allowed-assembly=/Applications/Unity/Hub/Editor/6000.0.74f1/Unity.app/Contents/MonoBleedingEdge/lib/mono/unityaot-linux/Facades/System.IO.UnmanagedMemoryStream.dll --allowed-assembly=/Applications/Unity/Hub/Editor/6000.0.74f1/Unity.app/Contents/MonoBleedingEdge/lib/mono/unityaot-linux/Facades/System.IO.dll --allowed-assembly=/Applications/Unity/Hub/Editor/6000.0.74f1/Unity.app/Contents/MonoBleedingEdge/lib/mono/unityaot-linux/Facades/System.Linq.Expressions.dll --allowed-assembly=/Applications/Unity/Hub/Editor/6000.0.74f1/Unity.app/Contents/MonoBleedingEdge/lib/mono/unityaot-linux/Facades/System.Linq.Parallel.dll --allowed-assembly=/Applications/Unity/Hub/Editor/6000.0.74f1/Unity.app/Contents/MonoBleedingEdge/lib/mono/unityaot-linux/Facades/System.Linq.Queryable.dll --allowed-assembly=/Applications/Unity/Hub/Editor/6000.0.74f1/Unity.app/Contents/MonoBleedingEdge/lib/mono/unityaot-linux/Facades/System.Linq.dll --allowed-assembly=/Applications/Unity/Hub/Editor/6000.0.74f1/Unity.app/Contents/MonoBleedingEdge/lib/mono/unityaot-linux/Facades/System.Memory.dll --allowed-assembly=/Applications/Unity/Hub/Editor/6000.0.74f1/Unity.app/Contents/MonoBleedingEdge/lib/mono/unityaot-linux/Facades/System.Net.AuthenticationManager.dll --allowed-assembly=/Applications/Unity/Hub/Editor/6000.0.74f1/Unity.app/Contents/MonoBleedingEdge/lib/mono/unityaot-linux/Facades/System.Net.Cache.dll --allowed-assembly=/Applications/Unity/Hub/Editor/6000.0.74f1/Unity.app/Contents/MonoBleedingEdge/lib/mono/unityaot-linux/Facades/System.Net.HttpListener.dll --allowed-assembly=/Applications/Unity/Hub/Editor/6000.0.74f1/Unity.app/Contents/MonoBleedingEdge/lib/mono/unityaot-linux/Facades/System.Net.Mail.dll --allowed-assembly=/Applications/Unity/Hub/Editor/6000.0.74f1/Unity.app/Contents/MonoBleedingEdge/lib/mono/unityaot-linux/Facades/System.Net.NameResolution.dll --allowed-assembly=/Applications/Unity/Hub/Editor/6000.0.74f1/Unity.app/Contents/MonoBleedingEdge/lib/mono/unityaot-linux/Facades/System.Net.NetworkInformation.dll --allowed-assembly=/Applications/Unity/Hub/Editor/6000.0.74f1/Unity.app/Contents/MonoBleedingEdge/lib/mono/unityaot-linux/Facades/System.Net.Ping.dll --allowed-assembly=/Applications/Unity/Hub/Editor/6000.0.74f1/Unity.app/Contents/MonoBleedingEdge/lib/mono/unityaot-linux/Facades/System.Net.Primitives.dll --allowed-assembly=/Applications/Unity/Hub/Editor/6000.0.74f1/Unity.app/Contents/MonoBleedingEdge/lib/mono/unityaot-linux/Facades/System.Net.Requests.dll --allowed-assembly=/Applications/Unity/Hub/Editor/6000.0.74f1/Unity.app/Contents/MonoBleedingEdge/lib/mono/unityaot-linux/Facades/System.Net.Security.dll --allowed-assembly=/Applications/Unity/Hub/Editor/6000.0.74f1/Unity.app/Contents/MonoBleedingEdge/lib/mono/unityaot-linux/Facades/System.Net.ServicePoint.dll --allowed-assembly=/Applications/Unity/Hub/Editor/6000.0.74f1/Unity.app/Contents/MonoBleedingEdge/lib/mono/unityaot-linux/Facades/System.Net.Sockets.dll --allowed-assembly=/Applications/Unity/Hub/Editor/6000.0.74f1/Unity.app/Contents/MonoBleedingEdge/lib/mono/unityaot-linux/Facades/System.Net.Utilities.dll --allowed-assembly=/Applications/Unity/Hub/Editor/6000.0.74f1/Unity.app/Contents/MonoBleedingEdge/lib/mono/unityaot-linux/Facades/System.Net.WebHeaderCollection.dll --allowed-assembly=/Applications/Unity/Hub/Editor/6000.0.74f1/Unity.app/Contents/MonoBleedingEdge/lib/mono/unityaot-linux/Facades/System.Net.WebSockets.Client.dll --allowed-assembly=/Applications/Unity/Hub/Editor/6000.0.74f1/Unity.app/Contents/MonoBleedingEdge/lib/mono/unityaot-linux/Facades/System.Net.WebSockets.dll --allowed-assembly=/Applications/Unity/Hub/Editor/6000.0.74f1/Unity.app/Contents/MonoBleedingEdge/lib/mono/unityaot-linux/Facades/System.ObjectModel.dll --allowed-assembly=/Applications/Unity/Hub/Editor/6000.0.74f1/Unity.app/Contents/MonoBleedingEdge/lib/mono/unityaot-linux/Facades/System.Reflection.DispatchProxy.dll --allowed-assembly=/Applications/Unity/Hub/Editor/6000.0.74f1/Unity.app/Contents/MonoBleedingEdge/lib/mono/unityaot-linux/Facades/System.Reflection.Emit.ILGeneration.dll --allowed-assembly=/Applications/Unity/Hub/Editor/6000.0.74f1/Unity.app/Contents/MonoBleedingEdge/lib/mono/unityaot-linux/Facades/System.Reflection.Emit.Lightweight.dll --allowed-assembly=/Applications/Unity/Hub/Editor/6000.0.74f1/Unity.app/Contents/MonoBleedingEdge/lib/mono/unityaot-linux/Facades/System.Reflection.Emit.dll --allowed-assembly=/Applications/Unity/Hub/Editor/6000.0.74f1/Unity.app/Contents/MonoBleedingEdge/lib/mono/unityaot-linux/Facades/System.Reflection.Extensions.dll --allowed-assembly=/Applications/Unity/Hub/Editor/6000.0.74f1/Unity.app/Contents/MonoBleedingEdge/lib/mono/unityaot-linux/Facades/System.Reflection.Primitives.dll --allowed-assembly=/Applications/Unity/Hub/Editor/6000.0.74f1/Unity.app/Contents/MonoBleedingEdge/lib/mono/unityaot-linux/Facades/System.Reflection.TypeExtensions.dll --allowed-assembly=/Applications/Unity/Hub/Editor/6000.0.74f1/Unity.app/Contents/MonoBleedingEdge/lib/mono/unityaot-linux/Facades/System.Reflection.dll --allowed-assembly=/Applications/Unity/Hub/Editor/6000.0.74f1/Unity.app/Contents/MonoBleedingEdge/lib/mono/unityaot-linux/Facades/System.Resources.Reader.dll --allowed-assembly=/Applications/Unity/Hub/Editor/6000.0.74f1/Unity.app/Contents/MonoBleedingEdge/lib/mono/unityaot-linux/Facades/System.Resources.ReaderWriter.dll --allowed-assembly=/Applications/Unity/Hub/Editor/6000.0.74f1/Unity.app/Contents/MonoBleedingEdge/lib/mono/unityaot-linux/Facades/System.Resources.ResourceManager.dll --allowed-assembly=/Applications/Unity/Hub/Editor/6000.0.74f1/Unity.app/Contents/MonoBleedingEdge/lib/mono/unityaot-linux/Facades/System.Resources.Writer.dll --allowed-assembly=/Applications/Unity/Hub/Editor/6000.0.74f1/Unity.app/Contents/MonoBleedingEdge/lib/mono/unityaot-linux/Facades/System.Runtime.CompilerServices.VisualC.dll --allowed-assembly=/Applications/Unity/Hub/Editor/6000.0.74f1/Unity.app/Contents/MonoBleedingEdge/lib/mono/unityaot-linux/Facades/System.Runtime.Extensions.dll --allowed-assembly=/Applications/Unity/Hub/Editor/6000.0.74f1/Unity.app/Contents/MonoBleedingEdge/lib/mono/unityaot-linux/Facades/System.Runtime.Handles.dll --allowed-assembly=/Applications/Unity/Hub/Editor/6000.0.74f1/Unity.app/Contents/MonoBleedingEdge/lib/mono/unityaot-linux/Facades/System.Runtime.InteropServices.RuntimeInformation.dll --allowed-assembly=/Applications/Unity/Hub/Editor/6000.0.74f1/Unity.app/Contents/MonoBleedingEdge/lib/mono/unityaot-linux/Facades/System.Runtime.InteropServices.WindowsRuntime.dll --allowed-assembly=/Applications/Unity/Hub/Editor/6000.0.74f1/Unity.app/Contents/MonoBleedingEdge/lib/mono/unityaot-linux/Facades/System.Runtime.InteropServices.dll --allowed-assembly=/Applications/Unity/Hub/Editor/6000.0.74f1/Unity.app/Contents/MonoBleedingEdge/lib/mono/unityaot-linux/Facades/System.Runtime.Loader.dll --allowed-assembly=/Applications/Unity/Hub/Editor/6000.0.74f1/Unity.app/Contents/MonoBleedingEdge/lib/mono/unityaot-linux/Facades/System.Runtime.Numerics.dll --allowed-assembly=/Applications/Unity/Hub/Editor/6000.0.74f1/Unity.app/Contents/MonoBleedingEdge/lib/mono/unityaot-linux/Facades/System.Runtime.Serialization.Formatters.dll --allowed-assembly=/Applications/Unity/Hub/Editor/6000.0.74f1/Unity.app/Contents/MonoBleedingEdge/lib/mono/unityaot-linux/Facades/System.Runtime.Serialization.Json.dll --allowed-assembly=/Applications/Unity/Hub/Editor/6000.0.74f1/Unity.app/Contents/MonoBleedingEdge/lib/mono/unityaot-linux/Facades/System.Runtime.Serialization.Primitives.dll --allowed-assembly=/Applications/Unity/Hub/Editor/6000.0.74f1/Unity.app/Contents/MonoBleedingEdge/lib/mono/unityaot-linux/Facades/System.Runtime.Serialization.Xml.dll --allowed-assembly=/Applications/Unity/Hub/Editor/6000.0.74f1/Unity.app/Contents/MonoBleedingEdge/lib/mono/unityaot-linux/Facades/System.Runtime.dll --allowed-assembly=/Applications/Unity/Hub/Editor/6000.0.74f1/Unity.app/Contents/MonoBleedingEdge/lib/mono/unityaot-linux/Facades/System.Security.AccessControl.dll --allowed-assembly=/Applications/Unity/Hub/Editor/6000.0.74f1/Unity.app/Contents/MonoBleedingEdge/lib/mono/unityaot-linux/Facades/System.Security.Claims.dll --allowed-assembly=/Applications/Unity/Hub/Editor/6000.0.74f1/Unity.app/Contents/MonoBleedingEdge/lib/mono/unityaot-linux/Facades/System.Security.Cryptography.Algorithms.dll --allowed-assembly=/Applications/Unity/Hub/Editor/6000.0.74f1/Unity.app/Contents/MonoBleedingEdge/lib/mono/unityaot-linux/Facades/System.Security.Cryptography.Cng.dll --allowed-assembly=/Applications/Unity/Hub/Editor/6000.0.74f1/Unity.app/Contents/MonoBleedingEdge/lib/mono/unityaot-linux/Facades/System.Security.Cryptography.Csp.dll --allowed-assembly=/Applications/Unity/Hub/Editor/6000.0.74f1/Unity.app/Contents/MonoBleedingEdge/lib/mono/unityaot-linux/Facades/System.Security.Cryptography.DeriveBytes.dll --allowed-assembly=/Applications/Unity/Hub/Editor/6000.0.74f1/Unity.app/Contents/MonoBleedingEdge/lib/mono/unityaot-linux/Facades/System.Security.Cryptography.Encoding.dll --allowed-assembly=/Applications/Unity/Hub/Editor/6000.0.74f1/Unity.app/Contents/MonoBleedingEdge/lib/mono/unityaot-linux/Facades/System.Security.Cryptography.Encryption.Aes.dll --allowed-assembly=/Applications/Unity/Hub/Editor/6000.0.74f1/Unity.app/Contents/MonoBleedingEdge/lib/mono/unityaot-linux/Facades/System.Security.Cryptography.Encryption.ECDiffieHellman.dll --allowed-assembly=/Applications/Unity/Hub/Editor/6000.0.74f1/Unity.app/Contents/MonoBleedingEdge/lib/mono/unityaot-linux/Facades/System.Security.Cryptography.Encryption.ECDsa.dll --allowed-assembly=/Applications/Unity/Hub/Editor/6000.0.74f1/Unity.app/Contents/MonoBleedingEdge/lib/mono/unityaot-linux/Facades/System.Security.Cryptography.Encryption.dll --allowed-assembly=/Applications/Unity/Hub/Editor/6000.0.74f1/Unity.app/Contents/MonoBleedingEdge/lib/mono/unityaot-linux/Facades/System.Security.Cryptography.Hashing.Algorithms.dll --allowed-assembly=/Applications/Unity/Hub/Editor/6000.0.74f1/Unity.app/Contents/MonoBleedingEdge/lib/mono/unityaot-linux/Facades/System.Security.Cryptography.Hashing.dll --allowed-assembly=/Applications/Unity/Hub/Editor/6000.0.74f1/Unity.app/Contents/MonoBleedingEdge/lib/mono/unityaot-linux/Facades/System.Security.Cryptography.OpenSsl.dll --allowed-assembly=/Applications/Unity/Hub/Editor/6000.0.74f1/Unity.app/Contents/MonoBleedingEdge/lib/mono/unityaot-linux/Facades/System.Security.Cryptography.Pkcs.dll --allowed-assembly=/Applications/Unity/Hub/Editor/6000.0.74f1/Unity.app/Contents/MonoBleedingEdge/lib/mono/unityaot-linux/Facades/System.Security.Cryptography.Primitives.dll --allowed-assembly=/Applications/Unity/Hub/Editor/6000.0.74f1/Unity.app/Contents/MonoBleedingEdge/lib/mono/unityaot-linux/Facades/System.Security.Cryptography.ProtectedData.dll --allowed-assembly=/Applications/Unity/Hub/Editor/6000.0.74f1/Unity.app/Contents/MonoBleedingEdge/lib/mono/unityaot-linux/Facades/System.Security.Cryptography.RSA.dll --allowed-assembly=/Applications/Unity/Hub/Editor/6000.0.74f1/Unity.app/Contents/MonoBleedingEdge/lib/mono/unityaot-linux/Facades/System.Security.Cryptography.RandomNumberGenerator.dll --allowed-assembly=/Applications/Unity/Hub/Editor/6000.0.74f1/Unity.app/Contents/MonoBleedingEdge/lib/mono/unityaot-linux/Facades/System.Security.Cryptography.X509Certificates.dll --allowed-assembly=/Applications/Unity/Hub/Editor/6000.0.74f1/Unity.app/Contents/MonoBleedingEdge/lib/mono/unityaot-linux/Facades/System.Security.Principal.Windows.dll --allowed-assembly=/Applications/Unity/Hub/Editor/6000.0.74f1/Unity.app/Contents/MonoBleedingEdge/lib/mono/unityaot-linux/Facades/System.Security.Principal.dll --allowed-assembly=/Applications/Unity/Hub/Editor/6000.0.74f1/Unity.app/Contents/MonoBleedingEdge/lib/mono/unityaot-linux/Facades/System.Security.SecureString.dll --allowed-assembly=/Applications/Unity/Hub/Editor/6000.0.74f1/Unity.app/Contents/MonoBleedingEdge/lib/mono/unityaot-linux/Facades/System.ServiceModel.Duplex.dll --allowed-assembly=/Applications/Unity/Hub/Editor/6000.0.74f1/Unity.app/Contents/MonoBleedingEdge/lib/mono/unityaot-linux/Facades/System.ServiceModel.Http.dll --allowed-assembly=/Applications/Unity/Hub/Editor/6000.0.74f1/Unity.app/Contents/MonoBleedingEdge/lib/mono/unityaot-linux/Facades/System.ServiceModel.NetTcp.dll --allowed-assembly=/Applications/Unity/Hub/Editor/6000.0.74f1/Unity.app/Contents/MonoBleedingEdge/lib/mono/unityaot-linux/Facades/System.ServiceModel.Primitives.dll --allowed-assembly=/Applications/Unity/Hub/Editor/6000.0.74f1/Unity.app/Contents/MonoBleedingEdge/lib/mono/unityaot-linux/Facades/System.ServiceModel.Security.dll --allowed-assembly=/Applications/Unity/Hub/Editor/6000.0.74f1/Unity.app/Contents/MonoBleedingEdge/lib/mono/unityaot-linux/Facades/System.ServiceProcess.ServiceController.dll --allowed-assembly=/Applications/Unity/Hub/Editor/6000.0.74f1/Unity.app/Contents/MonoBleedingEdge/lib/mono/unityaot-linux/Facades/System.Text.Encoding.CodePages.dll --allowed-assembly=/Applications/Unity/Hub/Editor/6000.0.74f1/Unity.app/Contents/MonoBleedingEdge/lib/mono/unityaot-linux/Facades/System.Text.Encoding.Extensions.dll --allowed-assembly=/Applications/Unity/Hub/Editor/6000.0.74f1/Unity.app/Contents/MonoBleedingEdge/lib/mono/unityaot-linux/Facades/System.Text.Encoding.dll --allowed-assembly=/Applications/Unity/Hub/Editor/6000.0.74f1/Unity.app/Contents/MonoBleedingEdge/lib/mono/unityaot-linux/Facades/System.Text.RegularExpressions.dll --allowed-assembly=/Applications/Unity/Hub/Editor/6000.0.74f1/Unity.app/Contents/MonoBleedingEdge/lib/mono/unityaot-linux/Facades/System.Threading.AccessControl.dll --allowed-assembly=/Applications/Unity/Hub/Editor/6000.0.74f1/Unity.app/Contents/MonoBleedingEdge/lib/mono/unityaot-linux/Facades/System.Threading.Overlapped.dll --allowed-assembly=/Applications/Unity/Hub/Editor/6000.0.74f1/Unity.app/Contents/MonoBleedingEdge/lib/mono/unityaot-linux/Facades/System.Threading.Tasks.Extensions.dll --allowed-assembly=/Applications/Unity/Hub/Editor/6000.0.74f1/Unity.app/Contents/MonoBleedingEdge/lib/mono/unityaot-linux/Facades/System.Threading.Tasks.Parallel.dll --allowed-assembly=/Applications/Unity/Hub/Editor/6000.0.74f1/Unity.app/Contents/MonoBleedingEdge/lib/mono/unityaot-linux/Facades/System.Threading.Tasks.dll --allowed-assembly=/Applications/Unity/Hub/Editor/6000.0.74f1/Unity.app/Contents/MonoBleedingEdge/lib/mono/unityaot-linux/Facades/System.Threading.Thread.dll --allowed-assembly=/Applications/Unity/Hub/Editor/6000.0.74f1/Unity.app/Contents/MonoBleedingEdge/lib/mono/unityaot-linux/Facades/System.Threading.ThreadPool.dll --allowed-assembly=/Applications/Unity/Hub/Editor/6000.0.74f1/Unity.app/Contents/MonoBleedingEdge/lib/mono/unityaot-linux/Facades/System.Threading.Timer.dll --allowed-assembly=/Applications/Unity/Hub/Editor/6000.0.74f1/Unity.app/Contents/MonoBleedingEdge/lib/mono/unityaot-linux/Facades/System.Threading.dll --allowed-assembly=/Applications/Unity/Hub/Editor/6000.0.74f1/Unity.app/Contents/MonoBleedingEdge/lib/mono/unityaot-linux/Facades/System.ValueTuple.dll --allowed-assembly=/Applications/Unity/Hub/Editor/6000.0.74f1/Unity.app/Contents/MonoBleedingEdge/lib/mono/unityaot-linux/Facades/System.Xml.ReaderWriter.dll --allowed-assembly=/Applications/Unity/Hub/Editor/6000.0.74f1/Unity.app/Contents/MonoBleedingEdge/lib/mono/unityaot-linux/Facades/System.Xml.XDocument.dll --allowed-assembly=/Applications/Unity/Hub/Editor/6000.0.74f1/Unity.app/Contents/MonoBleedingEdge/lib/mono/unityaot-linux/Facades/System.Xml.XPath.XDocument.dll --allowed-assembly=/Applications/Unity/Hub/Editor/6000.0.74f1/Unity.app/Contents/MonoBleedingEdge/lib/mono/unityaot-linux/Facades/System.Xml.XPath.XmlDocument.dll --allowed-assembly=/Applications/Unity/Hub/Editor/6000.0.74f1/Unity.app/Contents/MonoBleedingEdge/lib/mono/unityaot-linux/Facades/System.Xml.XPath.dll --allowed-assembly=/Applications/Unity/Hub/Editor/6000.0.74f1/Unity.app/Contents/MonoBleedingEdge/lib/mono/unityaot-linux/Facades/System.Xml.XmlDocument.dll --allowed-assembly=/Applications/Unity/Hub/Editor/6000.0.74f1/Unity.app/Contents/MonoBleedingEdge/lib/mono/unityaot-linux/Facades/System.Xml.XmlSerializer.dll --allowed-assembly=/Applications/Unity/Hub/Editor/6000.0.74f1/Unity.app/Contents/MonoBleedingEdge/lib/mono/unityaot-linux/Facades/System.Xml.Xsl.Primitives.dll --allowed-assembly=/Applications/Unity/Hub/Editor/6000.0.74f1/Unity.app/Contents/MonoBleedingEdge/lib/mono/unityaot-linux/Facades/netstandard.dll --allowed-assembly=/Applications/Unity/Hub/Editor/6000.0.74f1/Unity.app/Contents/MonoBleedingEdge/lib/mono/unityaot-linux/I18N.CJK.dll --allowed-assembly=/Applications/Unity/Hub/Editor/6000.0.74f1/Unity.app/Contents/MonoBleedingEdge/lib/mono/unityaot-linux/I18N.MidEast.dll --allowed-assembly=/Applications/Unity/Hub/Editor/6000.0.74f1/Unity.app/Contents/MonoBleedingEdge/lib/mono/unityaot-linux/I18N.Other.dll --allowed-assembly=/Applications/Unity/Hub/Editor/6000.0.74f1/Unity.app/Contents/MonoBleedingEdge/lib/mono/unityaot-linux/I18N.Rare.dll --allowed-assembly=/Applications/Unity/Hub/Editor/6000.0.74f1/Unity.app/Contents/MonoBleedingEdge/lib/mono/unityaot-linux/I18N.West.dll --allowed-assembly=/Applications/Unity/Hub/Editor/6000.0.74f1/Unity.app/Contents/MonoBleedingEdge/lib/mono/unityaot-linux/I18N.dll --allowed-assembly=/Applications/Unity/Hub/Editor/6000.0.74f1/Unity.app/Contents/MonoBleedingEdge/lib/mono/unityaot-linux/Microsoft.CSharp.dll --allowed-assembly=/Applications/Unity/Hub/Editor/6000.0.74f1/Unity.app/Contents/MonoBleedingEdge/lib/mono/unityaot-linux/Mono.Data.Sqlite.dll --allowed-assembly=/Applications/Unity/Hub/Editor/6000.0.74f1/Unity.app/Contents/MonoBleedingEdge/lib/mono/unityaot-linux/Mono.Data.Tds.dll --allowed-assembly=/Applications/Unity/Hub/Editor/6000.0.74f1/Unity.app/Contents/MonoBleedingEdge/lib/mono/unityaot-linux/Mono.Security.dll --allowed-assembly=/Applications/Unity/Hub/Editor/6000.0.74f1/Unity.app/Contents/MonoBleedingEdge/lib/mono/unityaot-linux/System.ComponentModel.Composition.dll --allowed-assembly=/Applications/Unity/Hub/Editor/6000.0.74f1/Unity.app/Contents/MonoBleedingEdge/lib/mono/unityaot-linux/System.ComponentModel.DataAnnotations.dll --allowed-assembly=/Applications/Unity/Hub/Editor/6000.0.74f1/Unity.app/Contents/MonoBleedingEdge/lib/mono/unityaot-linux/System.Configuration.Install.dll --allowed-assembly=/Applications/Unity/Hub/Editor/6000.0.74f1/Unity.app/Contents/MonoBleedingEdge/lib/mono/unityaot-linux/System.Configuration.dll --allowed-assembly=/Applications/Unity/Hub/Editor/6000.0.74f1/Unity.app/Contents/MonoBleedingEdge/lib/mono/unityaot-linux/System.Core.dll --allowed-assembly=/Applications/Unity/Hub/Editor/6000.0.74f1/Unity.app/Contents/MonoBleedingEdge/lib/mono/unityaot-linux/System.Data.DataSetExtensions.dll --allowed-assembly=/Applications/Unity/Hub/Editor/6000.0.74f1/Unity.app/Contents/MonoBleedingEdge/lib/mono/unityaot-linux/System.Data.Entity.dll --allowed-assembly=/Applications/Unity/Hub/Editor/6000.0.74f1/Unity.app/Contents/MonoBleedingEdge/lib/mono/unityaot-linux/System.Data.Linq.dll --allowed-assembly=/Applications/Unity/Hub/Editor/6000.0.74f1/Unity.app/Contents/MonoBleedingEdge/lib/mono/unityaot-linux/System.Data.OracleClient.dll --allowed-assembly=/Applications/Unity/Hub/Editor/6000.0.74f1/Unity.app/Contents/MonoBleedingEdge/lib/mono/unityaot-linux/System.Data.Services.Client.dll --allowed-assembly=/Applications/Unity/Hub/Editor/6000.0.74f1/Unity.app/Contents/MonoBleedingEdge/lib/mono/unityaot-linux/System.Data.Services.dll --allowed-assembly=/Applications/Unity/Hub/Editor/6000.0.74f1/Unity.app/Contents/MonoBleedingEdge/lib/mono/unityaot-linux/System.Data.dll --allowed-assembly=/Applications/Unity/Hub/Editor/6000.0.74f1/Unity.app/Contents/MonoBleedingEdge/lib/mono/unityaot-linux/System.Design.dll --allowed-assembly=/Applications/Unity/Hub/Editor/6000.0.74f1/Unity.app/Contents/MonoBleedingEdge/lib/mono/unityaot-linux/System.DirectoryServices.Protocols.dll --allowed-assembly=/Applications/Unity/Hub/Editor/6000.0.74f1/Unity.app/Contents/MonoBleedingEdge/lib/mono/unityaot-linux/System.DirectoryServices.dll --allowed-assembly=/Applications/Unity/Hub/Editor/6000.0.74f1/Unity.app/Contents/MonoBleedingEdge/lib/mono/unityaot-linux/System.Drawing.Design.dll --allowed-assembly=/Applications/Unity/Hub/Editor/6000.0.74f1/Unity.app/Contents/MonoBleedingEdge/lib/mono/unityaot-linux/System.Drawing.dll --allowed-assembly=/Applications/Unity/Hub/Editor/6000.0.74f1/Unity.app/Contents/MonoBleedingEdge/lib/mono/unityaot-linux/System.EnterpriseServices.dll --allowed-assembly=/Applications/Unity/Hub/Editor/6000.0.74f1/Unity.app/Contents/MonoBleedingEdge/lib/mono/unityaot-linux/System.IO.Compression.FileSystem.dll --allowed-assembly=/Applications/Unity/Hub/Editor/6000.0.74f1/Unity.app/Contents/MonoBleedingEdge/lib/mono/unityaot-linux/System.IO.Compression.dll --allowed-assembly=/Applications/Unity/Hub/Editor/6000.0.74f1/Unity.app/Contents/MonoBleedingEdge/lib/mono/unityaot-linux/System.IdentityModel.Selectors.dll --allowed-assembly=/Applications/Unity/Hub/Editor/6000.0.74f1/Unity.app/Contents/MonoBleedingEdge/lib/mono/unityaot-linux/System.IdentityModel.dll --allowed-assembly=/Applications/Unity/Hub/Editor/6000.0.74f1/Unity.app/Contents/MonoBleedingEdge/lib/mono/unityaot-linux/System.Json.dll --allowed-assembly=/Applications/Unity/Hub/Editor/6000.0.74f1/Unity.app/Contents/MonoBleedingEdge/lib/mono/unityaot-linux/System.Management.dll --allowed-assembly=/Applications/Unity/Hub/Editor/6000.0.74f1/Unity.app/Contents/MonoBleedingEdge/lib/mono/unityaot-linux/System.Messaging.dll --allowed-assembly=/Applications/Unity/Hub/Editor/6000.0.74f1/Unity.app/Contents/MonoBleedingEdge/lib/mono/unityaot-linux/System.Net.Http.WebRequest.dll --allowed-assembly=/Applications/Unity/Hub/Editor/6000.0.74f1/Unity.app/Contents/MonoBleedingEdge/lib/mono/unityaot-linux/System.Net.Http.dll --allowed-assembly=/Applications/Unity/Hub/Editor/6000.0.74f1/Unity.app/Contents/MonoBleedingEdge/lib/mono/unityaot-linux/System.Net.dll --allowed-assembly=/Applications/Unity/Hub/Editor/6000.0.74f1/Unity.app/Contents/MonoBleedingEdge/lib/mono/unityaot-linux/System.Numerics.Vectors.dll --allowed-assembly=/Applications/Unity/Hub/Editor/6000.0.74f1/Unity.app/Contents/MonoBleedingEdge/lib/mono/unityaot-linux/System.Numerics.dll --allowed-assembly=/Applications/Unity/Hub/Editor/6000.0.74f1/Unity.app/Contents/MonoBleedingEdge/lib/mono/unityaot-linux/System.Reflection.Context.dll --allowed-assembly=/Applications/Unity/Hub/Editor/6000.0.74f1/Unity.app/Contents/MonoBleedingEdge/lib/mono/unityaot-linux/System.Runtime.Caching.dll --allowed-assembly=/Applications/Unity/Hub/Editor/6000.0.74f1/Unity.app/Contents/MonoBleedingEdge/lib/mono/unityaot-linux/System.Runtime.DurableInstancing.dll --allowed-assembly=/Applications/Unity/Hub/Editor/6000.0.74f1/Unity.app/Contents/MonoBleedingEdge/lib/mono/unityaot-linux/System.Runtime.Remoting.dll --allowed-assembly=/Applications/Unity/Hub/Editor/6000.0.74f1/Unity.app/Contents/MonoBleedingEdge/lib/mono/unityaot-linux/System.Runtime.Serialization.Formatters.Soap.dll --allowed-assembly=/Applications/Unity/Hub/Editor/6000.0.74f1/Unity.app/Contents/MonoBleedingEdge/lib/mono/unityaot-linux/System.Runtime.Serialization.dll --allowed-assembly=/Applications/Unity/Hub/Editor/6000.0.74f1/Unity.app/Contents/MonoBleedingEdge/lib/mono/unityaot-linux/System.Security.dll --allowed-assembly=/Applications/Unity/Hub/Editor/6000.0.74f1/Unity.app/Contents/MonoBleedingEdge/lib/mono/unityaot-linux/System.ServiceModel.Activation.dll --allowed-assembly=/Applications/Unity/Hub/Editor/6000.0.74f1/Unity.app/Contents/MonoBleedingEdge/lib/mono/unityaot-linux/System.ServiceModel.Discovery.dll --allowed-assembly=/Applications/Unity/Hub/Editor/6000.0.74f1/Unity.app/Contents/MonoBleedingEdge/lib/mono/unityaot-linux/System.ServiceModel.Internals.dll --allowed-assembly=/Applications/Unity/Hub/Editor/6000.0.74f1/Unity.app/Contents/MonoBleedingEdge/lib/mono/unityaot-linux/System.ServiceModel.Routing.dll --allowed-assembly=/Applications/Unity/Hub/Editor/6000.0.74f1/Unity.app/Contents/MonoBleedingEdge/lib/mono/unityaot-linux/System.ServiceModel.Web.dll --allowed-assembly=/Applications/Unity/Hub/Editor/6000.0.74f1/Unity.app/Contents/MonoBleedingEdge/lib/mono/unityaot-linux/System.ServiceModel.dll --allowed-assembly=/Applications/Unity/Hub/Editor/6000.0.74f1/Unity.app/Contents/MonoBleedingEdge/lib/mono/unityaot-linux/System.ServiceProcess.dll --allowed-assembly=/Applications/Unity/Hub/Editor/6000.0.74f1/Unity.app/Contents/MonoBleedingEdge/lib/mono/unityaot-linux/System.Transactions.dll --allowed-assembly=/Applications/Unity/Hub/Editor/6000.0.74f1/Unity.app/Contents/MonoBleedingEdge/lib/mono/unityaot-linux/System.Web.ApplicationServices.dll --allowed-assembly=/Applications/Unity/Hub/Editor/6000.0.74f1/Unity.app/Contents/MonoBleedingEdge/lib/mono/unityaot-linux/System.Web.DynamicData.dll --allowed-assembly=/Applications/Unity/Hub/Editor/6000.0.74f1/Unity.app/Contents/MonoBleedingEdge/lib/mono/unityaot-linux/System.Web.Extensions.Design.dll --allowed-assembly=/Applications/Unity/Hub/Editor/6000.0.74f1/Unity.app/Contents/MonoBleedingEdge/lib/mono/unityaot-linux/System.Web.Extensions.dll --allowed-assembly=/Applications/Unity/Hub/Editor/6000.0.74f1/Unity.app/Contents/MonoBleedingEdge/lib/mono/unityaot-linux/System.Web.RegularExpressions.dll --allowed-assembly=/Applications/Unity/Hub/Editor/6000.0.74f1/Unity.app/Contents/MonoBleedingEdge/lib/mono/unityaot-linux/System.Web.Services.dll --allowed-assembly=/Applications/Unity/Hub/Editor/6000.0.74f1/Unity.app/Contents/MonoBleedingEdge/lib/mono/unityaot-linux/System.Web.dll --allowed-assembly=/Applications/Unity/Hub/Editor/6000.0.74f1/Unity.app/Contents/MonoBleedingEdge/lib/mono/unityaot-linux/System.Windows.Forms.DataVisualization.dll --allowed-assembly=/Applications/Unity/Hub/Editor/6000.0.74f1/Unity.app/Contents/MonoBleedingEdge/lib/mono/unityaot-linux/System.Windows.Forms.dll --allowed-assembly=/Applications/Unity/Hub/Editor/6000.0.74f1/Unity.app/Contents/MonoBleedingEdge/lib/mono/unityaot-linux/System.Windows.dll --allowed-assembly=/Applications/Unity/Hub/Editor/6000.0.74f1/Unity.app/Contents/MonoBleedingEdge/lib/mono/unityaot-linux/System.Xaml.dll --allowed-assembly=/Applications/Unity/Hub/Editor/6000.0.74f1/Unity.app/Contents/MonoBleedingEdge/lib/mono/unityaot-linux/System.Xml.Linq.dll --allowed-assembly=/Applications/Unity/Hub/Editor/6000.0.74f1/Unity.app/Contents/MonoBleedingEdge/lib/mono/unityaot-linux/System.Xml.Serialization.dll --allowed-assembly=/Applications/Unity/Hub/Editor/6000.0.74f1/Unity.app/Contents/MonoBleedingEdge/lib/mono/unityaot-linux/System.Xml.dll --allowed-assembly=/Applications/Unity/Hub/Editor/6000.0.74f1/Unity.app/Contents/MonoBleedingEdge/lib/mono/unityaot-linux/System.dll --allowed-assembly=/Applications/Unity/Hub/Editor/6000.0.74f1/Unity.app/Contents/MonoBleedingEdge/lib/mono/unityaot-linux/mscorlib.dll --out=Library/Bee/artifacts/Android/ManagedStripped --include-link-xml=/Users/robert/gibiworld/clients/gw-mobile/Library/Bee/artifacts/UnityLinkerInputs/MethodsToPreserve.xml --include-link-xml=/Users/robert/gibiworld/clients/gw-mobile/Library/Bee/artifacts/UnityLinkerInputs/TypesInScenes.xml --include-link-xml=/Users/robert/gibiworld/clients/gw-mobile/Library/Bee/artifacts/UnityLinkerInputs/SerializedTypes.xml --include-link-xml=/Users/robert/gibiworld/clients/gw-mobile/Temp/InputSystemLink.xml --include-link-xml=/Applications/Unity/Hub/Editor/6000.0.74f1/PlaybackEngines/AndroidPlayer/Tools/AndroidNativeLink.xml --include-directory=/Users/robert/gibiworld/clients/gw-mobile/Library/Bee/PlayerScriptAssemblies --include-directory=/Applications/Unity/Hub/Editor/6000.0.74f1/PlaybackEngines/AndroidPlayer/Variations/il2cpp/Managed --include-directory=/Users/robert/gibiworld/clients/gw-mobile/Library/PackageCache/com.nianticspatial.nsdk@ee58c6715951/Runtime/Telemetry/dep/Niantic.Protobuf.3.25.3.0 --include-directory=/Users/robert/gibiworld/clients/gw-mobile/Library/PackageCache/com.unity.collections@12999e356c23/Unity.Collections.LowLevel.ILSupport --include-directory=/Users/robert/gibiworld/clients/gw-mobile/Library/PackageCache/com.unity.collections@12999e356c23/Unity.Collections.Tests/System.IO.Hashing --include-directory=/Users/robert/gibiworld/clients/gw-mobile/Library/PackageCache/com.unity.burst@6bb9aca3ef38 --include-directory=/Users/robert/gibiworld/clients/gw-mobile/Library/PackageCache/com.unity.nuget.newtonsoft-json@74deb55db2a0/Runtime/AOT --include-directory=/Applications/Unity/Hub/Editor/6000.0.74f1/Unity.app/Contents/MonoBleedingEdge/lib/mono/unityaot-linux --include-directory=/Applications/Unity/Hub/Editor/6000.0.74f1/Unity.app/Contents/MonoBleedingEdge/lib/mono/unityaot-linux/Facades --rule-set=Conservative --profiler-report --profiler-output-file=/Users/robert/gibiworld/clients/gw-mobile/Library/Bee/artifacts/unitylinker_xy1a.traceevents --dotnetprofile=unityaot-linux --dotnetruntime=Il2Cpp --platform=Android --use-editor-options --editor-settings-flag=AllowDebugging,Development --enable-engine-module-stripping --engine-modules-asset-file=/Applications/Unity/Hub/Editor/6000.0.74f1/PlaybackEngines/AndroidPlayer/modules.asset --editor-data-file=/Users/robert/gibiworld/clients/gw-mobile/Library/Bee/artifacts/UnityLinkerInputs/EditorToUnityLinkerData.json --include-unity-root-assembly=/Users/robert/gibiworld/clients/gw-mobile/Library/Bee/PlayerScriptAssemblies/Gibi.AssetRuntime.dll --include-unity-root-assembly=/Users/robert/gibiworld/clients/gw-mobile/Library/Bee/PlayerScriptAssemblies/Gibi.Core.dll --include-unity-root-assembly=/Users/robert/gibiworld/clients/gw-mobile/Library/Bee/PlayerScriptAssemblies/Gibi.Gameplay.dll --include-unity-root-assembly=/Users/robert/gibiworld/clients/gw-mobile/Library/Bee/PlayerScriptAssemblies/Gibi.Pets.dll --include-unity-root-assembly=/Users/robert/gibiworld/clients/gw-mobile/Library/Bee/PlayerScriptAssemblies/Gibi.Spatial.dll --include-unity-root-assembly=/Users/robert/gibiworld/clients/gw-mobile/Library/Bee/PlayerScriptAssemblies/Gibi.UI.dll --include-unity-root-assembly=/Users/robert/gibiworld/clients/gw-mobile/Library/Bee/PlayerScriptAssemblies/NianticSpatial.NSDK.AR.dll --include-unity-root-assembly=/Users/robert/gibiworld/clients/gw-mobile/Library/Bee/PlayerScriptAssemblies/Unity.InputSystem.dll --include-unity-root-assembly=/Users/robert/gibiworld/clients/gw-mobile/Library/Bee/PlayerScriptAssemblies/Unity.RenderPipelines.Core.Runtime.dll --include-unity-root-assembly=/Users/robert/gibiworld/clients/gw-mobile/Library/Bee/PlayerScriptAssemblies/Unity.RenderPipelines.Universal.Runtime.dll --include-unity-root-assembly=/Users/robert/gibiworld/clients/gw-mobile/Library/Bee/PlayerScriptAssemblies/Unity.XR.ARCore.dll --include-unity-root-assembly=/Users/robert/gibiworld/clients/gw-mobile/Library/Bee/PlayerScriptAssemblies/Unity.XR.ARFoundation.dll --include-unity-root-assembly=/Users/robert/gibiworld/clients/gw-mobile/Library/Bee/PlayerScriptAssemblies/Unity.XR.CoreUtils.dll --include-unity-root-assembly=/Users/robert/gibiworld/clients/gw-mobile/Library/Bee/PlayerScriptAssemblies/Unity.XR.Management.dll --include-unity-root-assembly=/Users/robert/gibiworld/clients/gw-mobile/Library/Bee/PlayerScriptAssemblies/Unity.XR.OpenXR.dll --include-unity-root-assembly=/Users/robert/gibiworld/clients/gw-mobile/Library/Bee/PlayerScriptAssemblies/Unity.XR.OpenXR.Features.ConformanceAutomation.dll --include-unity-root-assembly=/Users/robert/gibiworld/clients/gw-mobile/Library/Bee/PlayerScriptAssemblies/Unity.XR.OpenXR.Features.MetaQuestSupport.dll --include-unity-root-assembly=/Users/robert/gibiworld/clients/gw-mobile/Library/Bee/PlayerScriptAssemblies/Unity.XR.OpenXR.Features.MockRuntime.dll --include-unity-root-assembly=/Users/robert/gibiworld/clients/gw-mobile/Library/Bee/PlayerScriptAssemblies/Unity.XR.OpenXR.Features.OculusQuestSupport.dll --include-unity-root-assembly=/Users/robert/gibiworld/clients/gw-mobile/Library/Bee/PlayerScriptAssemblies/Unity.XR.OpenXR.Features.RuntimeDebugger.dll --include-unity-root-assembly=/Users/robert/gibiworld/clients/gw-mobile/Library/Bee/PlayerScriptAssemblies/UnityEngine.UI.dll --print-command-line --enable-analytics
*** Tundra requires additional run (6.33 seconds), 89 items updated, 1781 evaluated
*** Additional run caused by: contents change of Library/Bee/artifacts/Android/ManagedStripped
Starting: /Applications/Unity/Hub/Editor/6000.0.74f1/Unity.app/Contents/Tools/netcorerun/netcorerun "/Applications/Unity/Hub/Editor/6000.0.74f1/PlaybackEngines/AndroidPlayer/AndroidPlayerBuildProgram.exe" "/Applications/Unity/Hub/Editor/6000.0.74f1/PlaybackEngines/AndroidPlayer/Bee:/Applications/Unity/Hub/Editor/6000.0.74f1/Unity.app/Contents/Tools/BuildPipeline" "Library/Bee/Playerecc5c102.dag.json" "Library/Bee/Playerecc5c102-inputdata.json" "Library/Bee/buildprogram1.traceevents"
WorkingDir: /Users/robert/gibiworld/clients/gw-mobile
ExitCode: 4 Duration: 6s377ms
ExitCode: 0 Duration: 0s634ms
Starting: /Applications/Unity/Hub/Editor/6000.0.74f1/Unity.app/Contents/bee_backend --ipc --dagfile="Library/Bee/Playerecc5c102.dag" --dagfilejson="Library/Bee/Playerecc5c102.dag.json" --profile="Library/Bee/backend3.traceevents" Player
WorkingDir: /Users/robert/gibiworld/clients/gw-mobile
Finished compiling graph: 2044 nodes, 5756 flattened edges (5750 ToBuild, 6 ToUse), maximum node priority 1569
[           0s] Delete 1 artifact files that are no longer in use. (like /Users/robert/gibiworld/clients/gw-mobile/Library/Bee/Android/Prj/IL2CPP/Il2CppBackup/Managed/icallsummary.txt)
[ 223/1780  0s] ExtractUsedFeatures Library/Bee/artifacts/Android/Features/Unity.XR.OpenXR.Features.ConformanceAutomation-FeaturesChecked.txt
[ 224/1780  0s] ExtractUsedFeatures Library/Bee/artifacts/Android/Features/Gibi.Core-FeaturesChecked.txt
[ 226/1780  0s] ExtractUsedFeatures Library/Bee/artifacts/Android/Features/Gibi.Gameplay-FeaturesChecked.txt
[ 233/1780  0s] ExtractUsedFeatures Library/Bee/artifacts/Android/Features/Unity.RenderPipeline.Universal.ShaderLibrary-FeaturesChecked.txt
[ 234/1780  0s] ExtractUsedFeatures Library/Bee/artifacts/Android/Features/Gibi.Pets-FeaturesChecked.txt
[ 239/1780  0s] ClassRegistrationGenerator /Users/robert/gibiworld/clients/gw-mobile/Library/Bee/artifacts/Android/il2cppOutput/UnityClassRegistration.cpp
[ 244/1780  0s] ExtractUsedFeatures Library/Bee/artifacts/Android/Features/glTFast-FeaturesChecked.txt
[ 247/1780  0s] ExtractUsedFeatures Library/Bee/artifacts/Android/Features/Unity.XR.OpenXR.Features.OculusQuestSupport-FeaturesChecked.txt
[ 249/1780  0s] ExtractUsedFeatures Library/Bee/artifacts/Android/Features/Unity.Burst-FeaturesChecked.txt
[ 250/1780  0s] ExtractUsedFeatures Library/Bee/artifacts/Android/Features/Unity.XR.Management-FeaturesChecked.txt
[ 255/1780  0s] ExtractUsedFeatures Library/Bee/artifacts/Android/Features/Unity.XR.ARFoundation-FeaturesChecked.txt
[ 256/1780  0s] ExtractUsedFeatures Library/Bee/artifacts/Android/Features/Unity.XR.ARSubsystems-FeaturesChecked.txt
[ 257/1780  0s] ExtractUsedFeatures Library/Bee/artifacts/Android/Features/Unity.XR.OpenXR.Features.MockRuntime-FeaturesChecked.txt
[ 259/1780  0s] ExtractUsedFeatures Library/Bee/artifacts/Android/Features/Gibi.UI-FeaturesChecked.txt
[ 260/1780  0s] ExtractUsedFeatures Library/Bee/artifacts/Android/Features/Unity.XR.ARFoundation.InternalUtils-FeaturesChecked.txt
[ 264/1780  0s] ExtractUsedFeatures Library/Bee/artifacts/Android/Features/Unity.XR.OpenXR.Features.RuntimeDebugger-FeaturesChecked.txt
[ 265/1780  0s] ExtractUsedFeatures Library/Bee/artifacts/Android/Features/Gibi.Spatial-FeaturesChecked.txt
[ 266/1780  0s] ExtractUsedFeatures Library/Bee/artifacts/Android/Features/Unity.XR.ARCore-FeaturesChecked.txt
[ 267/1780  0s] ExtractUsedFeatures Library/Bee/artifacts/Android/Features/Unity.XR.CoreUtils-FeaturesChecked.txt
[ 268/1780  0s] ExtractUsedFeatures Library/Bee/artifacts/Android/Features/Unity.Mathematics-FeaturesChecked.txt
[ 269/1780  0s] ExtractUsedFeatures Library/Bee/artifacts/Android/Features/Unity.RenderPipelines.Core.Runtime-FeaturesChecked.txt
[ 273/1780  0s] ExtractUsedFeatures Library/Bee/artifacts/Android/Features/Unity.Collections-FeaturesChecked.txt
[ 275/1780  0s] ExtractUsedFeatures Library/Bee/artifacts/Android/Features/Gibi.AssetRuntime-FeaturesChecked.txt
[ 284/1780  0s] ExtractUsedFeatures Library/Bee/artifacts/Android/Features/Unity.RenderPipelines.GPUDriven.Runtime-FeaturesChecked.txt
[ 286/1780  0s] ExtractUsedFeatures Library/Bee/artifacts/Android/Features/Unity.InputSystem.ForUI-FeaturesChecked.txt
[ 287/1780  0s] ExtractUsedFeatures Library/Bee/artifacts/Android/Features/Unity.XR.OpenXR-FeaturesChecked.txt
[ 288/1780  0s] ExtractUsedFeatures Library/Bee/artifacts/Android/Features/Unity.InputSystem-FeaturesChecked.txt
[ 294/1780  0s] ExtractUsedFeatures Library/Bee/artifacts/Android/Features/UnityEngine.UI-FeaturesChecked.txt
[ 298/1780  0s] CopyFiles /Users/robert/gibiworld/clients/gw-mobile/Library/Bee/Android/Prj/IL2CPP/Il2CppBackup/Managed/NianticSpatial.NSDK.AR.dll
[ 299/1780  0s] CopyFiles /Users/robert/gibiworld/clients/gw-mobile/Library/Bee/Android/Prj/IL2CPP/Il2CppBackup/Managed/NianticSpatial.NSDK.AR.pdb
[ 302/1780  0s] CopyFiles /Users/robert/gibiworld/clients/gw-mobile/Library/Bee/Android/Prj/IL2CPP/Il2CppBackup/Managed/Unity.XR.OpenXR.Features.ConformanceAutomation.dll
[ 303/1780  0s] CopyFiles /Users/robert/gibiworld/clients/gw-mobile/Library/Bee/Android/Prj/IL2CPP/Il2CppBackup/Managed/Unity.XR.OpenXR.Features.MetaQuestSupport.dll
[ 304/1780  0s] CopyFiles /Users/robert/gibiworld/clients/gw-mobile/Library/Bee/Android/Prj/IL2CPP/Il2CppBackup/Managed/Unity.XR.OpenXR.Features.MetaQuestSupport.pdb
[ 305/1780  0s] CopyFiles /Users/robert/gibiworld/clients/gw-mobile/Library/Bee/Android/Prj/IL2CPP/Il2CppBackup/Managed/Unity.RenderPipelines.Core.Runtime.Shared.dll
[ 306/1780  0s] CopyFiles /Users/robert/gibiworld/clients/gw-mobile/Library/Bee/Android/Prj/IL2CPP/Il2CppBackup/Managed/Unity.RenderPipelines.Core.Runtime.Shared.pdb
[ 308/1780  0s] CopyFiles /Users/robert/gibiworld/clients/gw-mobile/Library/Bee/Android/Prj/IL2CPP/Il2CppBackup/Managed/Unity.XR.OpenXR.Features.RuntimeDebugger.dll
[ 309/1780  0s] CopyFiles /Users/robert/gibiworld/clients/gw-mobile/Library/Bee/Android/Prj/IL2CPP/Il2CppBackup/Managed/Unity.XR.OpenXR.Features.RuntimeDebugger.pdb
[ 311/1780  0s] CopyFiles /Users/robert/gibiworld/clients/gw-mobile/Library/Bee/Android/Prj/IL2CPP/Il2CppBackup/Managed/Unity.XR.OpenXR.Features.ConformanceAutomation.pdb
[ 316/1780  0s] CopyFiles /Users/robert/gibiworld/clients/gw-mobile/Library/Bee/Android/Prj/IL2CPP/Il2CppBackup/Managed/Unity.RenderPipelines.Universal.Runtime.pdb
[ 317/1780  0s] CopyFiles /Users/robert/gibiworld/clients/gw-mobile/Library/Bee/Android/Prj/IL2CPP/Il2CppBackup/Managed/Unity.RenderPipelines.GPUDriven.Runtime.pdb
[ 318/1780  0s] CopyFiles /Users/robert/gibiworld/clients/gw-mobile/Library/Bee/Android/Prj/IL2CPP/Il2CppBackup/Managed/Unity.RenderPipelines.Universal.Runtime.dll
[ 319/1780  0s] CopyFiles /Users/robert/gibiworld/clients/gw-mobile/Library/Bee/Android/Prj/IL2CPP/Il2CppBackup/Managed/Unity.RenderPipelines.GPUDriven.Runtime.dll
[ 320/1780  0s] CopyFiles /Users/robert/gibiworld/clients/gw-mobile/Library/Bee/Android/Prj/IL2CPP/Il2CppBackup/Managed/Unity.XR.OpenXR.Features.OculusQuestSupport.dll
[ 321/1780  0s] CopyFiles /Users/robert/gibiworld/clients/gw-mobile/Library/Bee/Android/Prj/IL2CPP/Il2CppBackup/Managed/Unity.XR.OpenXR.Features.OculusQuestSupport.pdb
[ 328/1780  0s] ExtractUsedFeatures Library/Bee/artifacts/Android/Features/Unity.RenderPipelines.Universal.Runtime-FeaturesChecked.txt
[ 331/1780  0s] CopyFiles /Users/robert/gibiworld/clients/gw-mobile/Library/Bee/Android/Prj/IL2CPP/Il2CppBackup/Managed/Unity.XR.OpenXR.Features.MockRuntime.pdb
[ 340/1780  0s] CopyFiles /Users/robert/gibiworld/clients/gw-mobile/Library/Bee/Android/Prj/IL2CPP/Il2CppBackup/Managed/Unity.XR.OpenXR.Features.MockRuntime.dll
[ 350/1780  0s] CopyFiles /Users/robert/gibiworld/clients/gw-mobile/Library/Bee/Android/Prj/IL2CPP/Il2CppBackup/Managed/Unity.InputSystem.ForUI.pdb
[ 351/1780  0s] CopyFiles /Users/robert/gibiworld/clients/gw-mobile/Library/Bee/Android/Prj/IL2CPP/Il2CppBackup/Managed/Unity.InputSystem.ForUI.dll
[ 354/1780  0s] CopyFiles /Users/robert/gibiworld/clients/gw-mobile/Library/Bee/Android/Prj/IL2CPP/Il2CppBackup/Managed/Unity.XR.ARCore.pdb
[ 355/1780  0s] CopyFiles /Users/robert/gibiworld/clients/gw-mobile/Library/Bee/Android/Prj/IL2CPP/Il2CppBackup/Managed/Unity.XR.OpenXR.pdb
[ 356/1780  0s] CopyFiles /Users/robert/gibiworld/clients/gw-mobile/Library/Bee/Android/Prj/IL2CPP/Il2CppBackup/Managed/Unity.XR.ARCore.dll
[ 357/1780  0s] CopyFiles /Users/robert/gibiworld/clients/gw-mobile/Library/Bee/Android/Prj/IL2CPP/Il2CppBackup/Managed/Unity.XR.OpenXR.dll
[ 358/1780  0s] CopyFiles /Users/robert/gibiworld/clients/gw-mobile/Library/Bee/Android/Prj/IL2CPP/Il2CppBackup/Managed/Unity.Mathematics.pdb
[ 359/1780  0s] CopyFiles /Users/robert/gibiworld/clients/gw-mobile/Library/Bee/Android/Prj/IL2CPP/Il2CppBackup/Managed/Unity.Collections.pdb
[ 360/1780  0s] CopyFiles /Users/robert/gibiworld/clients/gw-mobile/Library/Bee/Android/Prj/IL2CPP/Il2CppBackup/Managed/Unity.InputSystem.pdb
[ 362/1780  0s] CopyFiles /Users/robert/gibiworld/clients/gw-mobile/Library/Bee/Android/Prj/IL2CPP/Il2CppBackup/Managed/Unity.Mathematics.dll
[ 363/1780  0s] CopyFiles /Users/robert/gibiworld/clients/gw-mobile/Library/Bee/Android/Prj/IL2CPP/Il2CppBackup/Managed/Unity.Collections.dll
[ 365/1780  0s] CopyFiles /Users/robert/gibiworld/clients/gw-mobile/Library/Bee/Android/Prj/IL2CPP/Il2CppBackup/Managed/Unity.InputSystem.dll
[ 367/1780  0s] CopyFiles /Users/robert/gibiworld/clients/gw-mobile/Library/Bee/Android/Prj/IL2CPP/Il2CppBackup/Managed/UnityEngine.SpatialTracking.dll
[ 368/1780  0s] CopyFiles /Users/robert/gibiworld/clients/gw-mobile/Library/Bee/Android/Prj/IL2CPP/Il2CppBackup/Managed/UnityEngine.SpatialTracking.pdb
[ 369/1780  0s] CopyFiles /Users/robert/gibiworld/clients/gw-mobile/Library/Bee/Android/Prj/IL2CPP/Il2CppBackup/Managed/Unity.XR.CoreUtils.pdb
[ 371/1780  0s] CopyFiles /Users/robert/gibiworld/clients/gw-mobile/Library/Bee/Android/Prj/IL2CPP/Il2CppBackup/Managed/Unity.XR.Management.pdb
[ 372/1780  0s] CopyFiles /Users/robert/gibiworld/clients/gw-mobile/Library/Bee/Android/Prj/IL2CPP/Il2CppBackup/Managed/Unity.XR.CoreUtils.dll
[ 373/1780  0s] CopyFiles /Users/robert/gibiworld/clients/gw-mobile/Library/Bee/Android/Prj/IL2CPP/Il2CppBackup/Managed/Unity.XR.Management.dll
[ 374/1780  0s] CopyFiles /Users/robert/gibiworld/clients/gw-mobile/Library/Bee/Android/Prj/IL2CPP/Il2CppBackup/Managed/UnityEngine.UI.pdb
[ 380/1780  0s] CopyFiles /Users/robert/gibiworld/clients/gw-mobile/Library/Bee/Android/Prj/IL2CPP/Il2CppBackup/Managed/UnityEngine.UI.dll
[ 389/1780  0s] CopyFiles /Users/robert/gibiworld/clients/gw-mobile/Library/Bee/Android/Prj/IL2CPP/Il2CppBackup/Managed/Unity.Burst.dll
[ 394/1780  0s] CopyFiles /Users/robert/gibiworld/clients/gw-mobile/Library/Bee/Android/Prj/IL2CPP/Il2CppBackup/Managed/Unity.Burst.pdb
[ 397/1780  0s] CopyFiles /Users/robert/gibiworld/clients/gw-mobile/Library/Bee/Android/Prj/IL2CPP/Il2CppBackup/Managed/Unity.XR.ARFoundation.dll
[ 398/1780  0s] CopyFiles /Users/robert/gibiworld/clients/gw-mobile/Library/Bee/Android/Prj/IL2CPP/Il2CppBackup/Managed/Unity.XR.ARSubsystems.pdb
[ 399/1780  0s] CopyFiles /Users/robert/gibiworld/clients/gw-mobile/Library/Bee/Android/Prj/IL2CPP/Il2CppBackup/Managed/Unity.XR.ARSubsystems.dll
[ 400/1780  0s] CopyFiles /Users/robert/gibiworld/clients/gw-mobile/Library/Bee/Android/Prj/IL2CPP/Il2CppBackup/Managed/Unity.XR.ARFoundation.pdb
[ 404/1780  0s] CopyFiles /Users/robert/gibiworld/clients/gw-mobile/Library/Bee/Android/Prj/IL2CPP/Il2CppBackup/Managed/glTFast.dll
[ 405/1780  0s] CopyFiles /Users/robert/gibiworld/clients/gw-mobile/Library/Bee/Android/Prj/IL2CPP/Il2CppBackup/Managed/Gibi.AssetRuntime.pdb
[ 406/1780  0s] CopyFiles /Users/robert/gibiworld/clients/gw-mobile/Library/Bee/Android/Prj/IL2CPP/Il2CppBackup/Managed/Gibi.AssetRuntime.dll
[ 407/1780  0s] CopyFiles /Users/robert/gibiworld/clients/gw-mobile/Library/Bee/Android/Prj/IL2CPP/Il2CppBackup/Managed/glTFast.pdb
[ 408/1780  0s] CopyFiles /Users/robert/gibiworld/clients/gw-mobile/Library/Bee/Android/Prj/IL2CPP/Il2CppBackup/Managed/Gibi.Gameplay.dll
[ 409/1780  0s] CopyFiles /Users/robert/gibiworld/clients/gw-mobile/Library/Bee/Android/Prj/IL2CPP/Il2CppBackup/Managed/Gibi.Spatial.dll
[ 410/1780  0s] CopyFiles /Users/robert/gibiworld/clients/gw-mobile/Library/Bee/Android/Prj/IL2CPP/Il2CppBackup/Managed/Gibi.Gameplay.pdb
[ 411/1780  0s] CopyFiles /Users/robert/gibiworld/clients/gw-mobile/Library/Bee/Android/Prj/IL2CPP/Il2CppBackup/Managed/Gibi.Spatial.pdb
[ 412/1780  0s] CopyFiles /Users/robert/gibiworld/clients/gw-mobile/Library/Bee/Android/Prj/IL2CPP/Il2CppBackup/Managed/Gibi.UI.pdb
[ 413/1780  0s] CopyFiles /Users/robert/gibiworld/clients/gw-mobile/Library/Bee/Android/Prj/IL2CPP/Il2CppBackup/Managed/Gibi.UI.dll
[ 414/1780  0s] CopyFiles /Users/robert/gibiworld/clients/gw-mobile/Library/Bee/Android/Prj/IL2CPP/Il2CppBackup/Managed/Gibi.Core.dll
[ 415/1780  0s] CopyFiles /Users/robert/gibiworld/clients/gw-mobile/Library/Bee/Android/Prj/IL2CPP/Il2CppBackup/Managed/Gibi.Pets.dll
[ 416/1780  0s] CopyFiles /Users/robert/gibiworld/clients/gw-mobile/Library/Bee/Android/Prj/IL2CPP/Il2CppBackup/Managed/Gibi.Pets.pdb
[ 418/1780  0s] CopyFiles /Users/robert/gibiworld/clients/gw-mobile/Library/Bee/Android/Prj/IL2CPP/Il2CppBackup/Managed/Gibi.Core.pdb
[ 419/1780  0s] CopyFiles /Users/robert/gibiworld/clients/gw-mobile/Library/Bee/Android/Prj/IL2CPP/Il2CppBackup/Managed/Unity.XR.ARFoundation.InternalUtils.dll
[ 420/1780  0s] CopyFiles /Users/robert/gibiworld/clients/gw-mobile/Library/Bee/Android/Prj/IL2CPP/Il2CppBackup/Managed/Unity.RenderPipeline.Universal.ShaderLibrary.dll
[ 421/1780  0s] CopyFiles /Users/robert/gibiworld/clients/gw-mobile/Library/Bee/Android/Prj/IL2CPP/Il2CppBackup/Managed/Unity.XR.ARFoundation.InternalUtils.pdb
[ 422/1780  0s] CopyFiles /Users/robert/gibiworld/clients/gw-mobile/Library/Bee/Android/Prj/IL2CPP/Il2CppBackup/Managed/Unity.RenderPipelines.Core.Runtime.pdb
[ 423/1780  0s] CopyFiles /Users/robert/gibiworld/clients/gw-mobile/Library/Bee/Android/Prj/IL2CPP/Il2CppBackup/Managed/Unity.RenderPipeline.Universal.ShaderLibrary.pdb
[ 442/1780  0s] CopyFiles /Users/robert/gibiworld/clients/gw-mobile/Library/Bee/Android/Prj/IL2CPP/Il2CppBackup/Managed/Unity.RenderPipelines.Core.Runtime.dll
[ 443/1780  0s] ExtractUsedFeatures Library/Bee/artifacts/Android/Features/Unity.XR.OpenXR.Features.MetaQuestSupport-FeaturesChecked.txt
[ 444/1780  0s] ExtractUsedFeatures Library/Bee/artifacts/Android/Features/Unity.RenderPipelines.Core.Runtime.Shared-FeaturesChecked.txt
[ 445/1780  0s] ExtractUsedFeatures Library/Bee/artifacts/Android/Features/NianticSpatial.NSDK.AR-FeaturesChecked.txt
[ 446/1780  0s] ExtractUsedFeatures Library/Bee/artifacts/Android/Features/UnityEngine.SpatialTracking-FeaturesChecked.txt
[BUSY       7s] IL2CPP_CodeGen /Users/robert/gibiworld/clients/gw-mobile/Library/Bee/artifacts/il2cpp_conv_qla2.traceevents
[W] opendir() failed: /Users/robert/gibiworld/clients/gw-mobile/Library/Bee/artifacts/Android/il2cppOutput/cpp/Symbols
[ 447/1780  9s] IL2CPP_CodeGen /Users/robert/gibiworld/clients/gw-mobile/Library/Bee/artifacts/il2cpp_conv_qla2.traceevents
/Applications/Unity/Hub/Editor/6000.0.74f1/Unity.app/Contents/il2cpp/build/deploy/il2cpp --convert-to-cpp --assembly=Library/Bee/artifacts/Android/ManagedStripped/Gibi.AssetRuntime.dll --assembly=Library/Bee/artifacts/Android/ManagedStripped/Gibi.Core.dll --assembly=Library/Bee/artifacts/Android/ManagedStripped/Gibi.Gameplay.dll --assembly=Library/Bee/artifacts/Android/ManagedStripped/Gibi.Pets.dll --assembly=Library/Bee/artifacts/Android/ManagedStripped/Gibi.Spatial.dll --assembly=Library/Bee/artifacts/Android/ManagedStripped/Gibi.UI.dll --assembly=Library/Bee/artifacts/Android/ManagedStripped/glTFast.dll --assembly=Library/Bee/artifacts/Android/ManagedStripped/Mono.Security.dll --assembly=Library/Bee/artifacts/Android/ManagedStripped/mscorlib.dll --assembly=Library/Bee/artifacts/Android/ManagedStripped/Newtonsoft.Json.dll --assembly=Library/Bee/artifacts/Android/ManagedStripped/Niantic.Protobuf.dll --assembly=Library/Bee/artifacts/Android/ManagedStripped/NianticSpatial.NSDK.AR.dll --assembly=Library/Bee/artifacts/Android/ManagedStripped/System.Configuration.dll --assembly=Library/Bee/artifacts/Android/ManagedStripped/System.Core.dll --assembly=Library/Bee/artifacts/Android/ManagedStripped/System.Data.dll --assembly=Library/Bee/artifacts/Android/ManagedStripped/System.dll --assembly=Library/Bee/artifacts/Android/ManagedStripped/System.Drawing.dll --assembly=Library/Bee/artifacts/Android/ManagedStripped/System.IO.Compression.dll --assembly=Library/Bee/artifacts/Android/ManagedStripped/System.IO.Compression.FileSystem.dll --assembly=Library/Bee/artifacts/Android/ManagedStripped/System.Numerics.dll --assembly=Library/Bee/artifacts/Android/ManagedStripped/System.Runtime.CompilerServices.Unsafe.dll --assembly=Library/Bee/artifacts/Android/ManagedStripped/System.Runtime.Serialization.dll --assembly=Library/Bee/artifacts/Android/ManagedStripped/System.Xml.dll --assembly=Library/Bee/artifacts/Android/ManagedStripped/System.Xml.Linq.dll --assembly=Library/Bee/artifacts/Android/ManagedStripped/Unity.Burst.dll --assembly=Library/Bee/artifacts/Android/ManagedStripped/Unity.Burst.Unsafe.dll --assembly=Library/Bee/artifacts/Android/ManagedStripped/Unity.Collections.dll --assembly=Library/Bee/artifacts/Android/ManagedStripped/Unity.InputSystem.dll --assembly=Library/Bee/artifacts/Android/ManagedStripped/Unity.InputSystem.ForUI.dll --assembly=Library/Bee/artifacts/Android/ManagedStripped/Unity.Mathematics.dll --assembly=Library/Bee/artifacts/Android/ManagedStripped/Unity.RenderPipeline.Universal.ShaderLibrary.dll --assembly=Library/Bee/artifacts/Android/ManagedStripped/Unity.RenderPipelines.Core.Runtime.dll --assembly=Library/Bee/artifacts/Android/ManagedStripped/Unity.RenderPipelines.Core.Runtime.Shared.dll --assembly=Library/Bee/artifacts/Android/ManagedStripped/Unity.RenderPipelines.GPUDriven.Runtime.dll --assembly=Library/Bee/artifacts/Android/ManagedStripped/Unity.RenderPipelines.Universal.Runtime.dll --assembly=Library/Bee/artifacts/Android/ManagedStripped/Unity.XR.ARCore.dll --assembly=Library/Bee/artifacts/Android/ManagedStripped/Unity.XR.ARFoundation.dll --assembly=Library/Bee/artifacts/Android/ManagedStripped/Unity.XR.ARFoundation.InternalUtils.dll --assembly=Library/Bee/artifacts/Android/ManagedStripped/Unity.XR.ARSubsystems.dll --assembly=Library/Bee/artifacts/Android/ManagedStripped/Unity.XR.CoreUtils.dll --assembly=Library/Bee/artifacts/Android/ManagedStripped/Unity.XR.Management.dll --assembly=Library/Bee/artifacts/Android/ManagedStripped/Unity.XR.OpenXR.dll --assembly=Library/Bee/artifacts/Android/ManagedStripped/Unity.XR.OpenXR.Features.ConformanceAutomation.dll --assembly=Library/Bee/artifacts/Android/ManagedStripped/Unity.XR.OpenXR.Features.MetaQuestSupport.dll --assembly=Library/Bee/artifacts/Android/ManagedStripped/Unity.XR.OpenXR.Features.MockRuntime.dll --assembly=Library/Bee/artifacts/Android/ManagedStripped/Unity.XR.OpenXR.Features.OculusQuestSupport.dll --assembly=Library/Bee/artifacts/Android/ManagedStripped/Unity.XR.OpenXR.Features.RuntimeDebugger.dll --assembly=Library/Bee/artifacts/Android/ManagedStripped/UnityEngine.AIModule.dll --assembly=Library/Bee/artifacts/Android/ManagedStripped/UnityEngine.AndroidJNIModule.dll --assembly=Library/Bee/artifacts/Android/ManagedStripped/UnityEngine.AnimationModule.dll --assembly=Library/Bee/artifacts/Android/ManagedStripped/UnityEngine.AudioModule.dll --assembly=Library/Bee/artifacts/Android/ManagedStripped/UnityEngine.CoreModule.dll --assembly=Library/Bee/artifacts/Android/ManagedStripped/UnityEngine.dll --assembly=Library/Bee/artifacts/Android/ManagedStripped/UnityEngine.HierarchyCoreModule.dll --assembly=Library/Bee/artifacts/Android/ManagedStripped/UnityEngine.ImageConversionModule.dll --assembly=Library/Bee/artifacts/Android/ManagedStripped/UnityEngine.IMGUIModule.dll --assembly=Library/Bee/artifacts/Android/ManagedStripped/UnityEngine.InputForUIModule.dll --assembly=Library/Bee/artifacts/Android/ManagedStripped/UnityEngine.InputLegacyModule.dll --assembly=Library/Bee/artifacts/Android/ManagedStripped/UnityEngine.InputModule.dll --assembly=Library/Bee/artifacts/Android/ManagedStripped/UnityEngine.JSONSerializeModule.dll --assembly=Library/Bee/artifacts/Android/ManagedStripped/UnityEngine.ParticleSystemModule.dll --assembly=Library/Bee/artifacts/Android/ManagedStripped/UnityEngine.PhysicsModule.dll --assembly=Library/Bee/artifacts/Android/ManagedStripped/UnityEngine.PropertiesModule.dll --assembly=Library/Bee/artifacts/Android/ManagedStripped/UnityEngine.SharedInternalsModule.dll --assembly=Library/Bee/artifacts/Android/ManagedStripped/UnityEngine.SpatialTracking.dll --assembly=Library/Bee/artifacts/Android/ManagedStripped/UnityEngine.SubsystemsModule.dll --assembly=Library/Bee/artifacts/Android/ManagedStripped/UnityEngine.TerrainModule.dll --assembly=Library/Bee/artifacts/Android/ManagedStripped/UnityEngine.TextCoreFontEngineModule.dll --assembly=Library/Bee/artifacts/Android/ManagedStripped/UnityEngine.TextCoreTextEngineModule.dll --assembly=Library/Bee/artifacts/Android/ManagedStripped/UnityEngine.TextRenderingModule.dll --assembly=Library/Bee/artifacts/Android/ManagedStripped/UnityEngine.UI.dll --assembly=Library/Bee/artifacts/Android/ManagedStripped/UnityEngine.UIElementsModule.dll --assembly=Library/Bee/artifacts/Android/ManagedStripped/UnityEngine.UIModule.dll --assembly=Library/Bee/artifacts/Android/ManagedStripped/UnityEngine.UnityAnalyticsCommonModule.dll --assembly=Library/Bee/artifacts/Android/ManagedStripped/UnityEngine.UnityAnalyticsModule.dll --assembly=Library/Bee/artifacts/Android/ManagedStripped/UnityEngine.UnityWebRequestModule.dll --assembly=Library/Bee/artifacts/Android/ManagedStripped/UnityEngine.UnityWebRequestTextureModule.dll --assembly=Library/Bee/artifacts/Android/ManagedStripped/UnityEngine.VFXModule.dll --assembly=Library/Bee/artifacts/Android/ManagedStripped/UnityEngine.VRModule.dll --assembly=Library/Bee/artifacts/Android/ManagedStripped/UnityEngine.XRModule.dll --generatedcppdir=/Users/robert/gibiworld/clients/gw-mobile/Library/Bee/artifacts/Android/il2cppOutput/cpp --symbols-folder=/Users/robert/gibiworld/clients/gw-mobile/Library/Bee/artifacts/Android/il2cppOutput/cpp/Symbols --enable-analytics --emit-null-checks --enable-array-bounds-check --dotnetprofile=unityaot-linux --enable-debugger --usymtool-path=/Applications/Unity/Hub/Editor/6000.0.74f1/Unity.app/Contents/Tools/macosx/usymtool --profiler-report --profiler-output-file=/Users/robert/gibiworld/clients/gw-mobile/Library/Bee/artifacts/il2cpp_conv_qla2.traceevents --print-command-line --static-lib-il2-cpp --data-folder=/Users/robert/gibiworld/clients/gw-mobile/Library/Bee/artifacts/Android/il2cppOutput/data
[BUSY       6s] C_Android_arm64 Library/Bee/artifacts/Android/d8kzr/db893jjm3wd8.o
/Users/robert/gibiworld/clients/gw-mobile/Library/PackageCache/com.unity.burst@6bb9aca3ef38/.Runtime/bcl.exe exited after 18421 ms.
stdout:
Starting 1 library requests
Done
stderr:

[ 570/1780  6s] C_Android_arm64 Library/Bee/artifacts/Android/d8kzr/lone510ypxn7.o
[ 573/1780  7s] C_Android_arm64 Library/Bee/artifacts/Android/d8kzr/zzmobkxuhwbu.o
[ 579/1780  8s] C_Android_arm64 Library/Bee/artifacts/Android/d8kzr/l9o0gj4ag2du.o
[ 595/1780 18s] GenerateNativePluginsForAssemblies Library/Bee/artifacts/Android/AsyncPluginsFromLinker
[ 598/1780  9s] C_Android_arm64 Library/Bee/artifacts/Android/d8kzr/ftg29i83jl04.o
[ 607/1780 10s] C_Android_arm64 Library/Bee/artifacts/Android/d8kzr/db893jjm3wd8.o
[ 620/1780 11s] C_Android_arm64 Library/Bee/artifacts/Android/d8kzr/mgi7tn1wcvpm.o
[ 623/1780  8s] C_Android_arm64 Library/Bee/artifacts/Android/d8kzr/seppfy5yg0ef.o
[ 633/1780  5s] C_Android_arm64 Library/Bee/artifacts/Android/d8kzr/59a1gxc5h1a1.o
[ 635/1780 16s] C_Android_arm64 Library/Bee/artifacts/Android/d8kzr/j9a8i4dct2u6.o
[ 650/1780 10s] C_Android_arm64 Library/Bee/artifacts/Android/d8kzr/mye8lgy7p73a.o
[ 660/1780  8s] C_Android_arm64 Library/Bee/artifacts/Android/d8kzr/ph1pn47nsowl.o
[ 661/1780  7s] C_Android_arm64 Library/Bee/artifacts/Android/d8kzr/soj2clyujiy0.o
[ 667/1780  8s] C_Android_arm64 Library/Bee/artifacts/Android/d8kzr/1hkazv0xfan4.o
[ 670/1780 10s] C_Android_arm64 Library/Bee/artifacts/Android/d8kzr/mw7uphhxtz4m.o
[ 678/1780  4s] C_Android_arm64 Library/Bee/artifacts/Android/d8kzr/c4e3qfm0631f.o
[ 682/1780  8s] C_Android_arm64 Library/Bee/artifacts/Android/d8kzr/elwlp3r5fjjp.o
[ 702/1780  0s] C_Android_arm64 Library/Bee/artifacts/Android/d8kzr/dd71oz61ayoa.o
[ 718/1780  7s] C_Android_arm64 Library/Bee/artifacts/Android/d8kzr/e7oh8veudxez.o
[ 731/1780  9s] C_Android_arm64 Library/Bee/artifacts/Android/d8kzr/o3e3owvknkdv.o
[ 745/1780  9s] C_Android_arm64 Library/Bee/artifacts/Android/d8kzr/feiol0bgaqqr.o
[ 751/1780 10s] C_Android_arm64 Library/Bee/artifacts/Android/d8kzr/6n5k04x71puo.o
[ 782/1780  8s] C_Android_arm64 Library/Bee/artifacts/Android/d8kzr/g2gmjmm0cmbl.o
[ 818/1780 14s] C_Android_arm64 Library/Bee/artifacts/Android/d8kzr/qiwa3gancyxp.o
[ 819/1780  9s] C_Android_arm64 Library/Bee/artifacts/Android/d8kzr/sia30v0lzxgd.o
[ 829/1780 11s] C_Android_arm64 Library/Bee/artifacts/Android/d8kzr/t5sx9td8cv75.o
[ 835/1780  0s] C_Android_arm64 Library/Bee/artifacts/Android/d8kzr/jv11ghac7ush.o
[ 836/1780  6s] C_Android_arm64 Library/Bee/artifacts/Android/d8kzr/lgaks8a5wshi.o
[ 844/1780  7s] C_Android_arm64 Library/Bee/artifacts/Android/d8kzr/4oewyds9vq6p.o
[ 845/1780 10s] C_Android_arm64 Library/Bee/artifacts/Android/d8kzr/sre7k09rzbsp.o
[ 871/1780  8s] C_Android_arm64 Library/Bee/artifacts/Android/d8kzr/zms5n5srglqi.o
[ 883/1780 13s] C_Android_arm64 Library/Bee/artifacts/Android/d8kzr/u6go0w1xhw9a.o
[ 900/1780  1s] C_Android_arm64 Library/Bee/artifacts/Android/d8kzr/7vlv9wfufj15.o
[ 924/1780  8s] C_Android_arm64 Library/Bee/artifacts/Android/d8kzr/sx8gpex98sqq.o
[ 930/1780  8s] C_Android_arm64 Library/Bee/artifacts/Android/d8kzr/i7wynat2n7iu.o
[ 932/1780  5s] C_Android_arm64 Library/Bee/artifacts/Android/d8kzr/mh9g1yk9j4u9.o
[ 954/1780  9s] C_Android_arm64 Library/Bee/artifacts/Android/d8kzr/7bbj5qvuwng6.o
[ 958/1780  9s] C_Android_arm64 Library/Bee/artifacts/Android/d8kzr/lcp66agievfk.o
[ 964/1780  9s] C_Android_arm64 Library/Bee/artifacts/Android/d8kzr/xln3ifjgmc27.o
[ 982/1780  0s] C_Android_arm64 Library/Bee/artifacts/Android/d8kzr/5y0dabegkn03.o
[ 993/1780 11s] C_Android_arm64 Library/Bee/artifacts/Android/d8kzr/yt7j3uzeqejn.o
[1011/1780 11s] C_Android_arm64 Library/Bee/artifacts/Android/d8kzr/bdj53bu3z39d.o
[1076/1780  9s] C_Android_arm64 Library/Bee/artifacts/Android/d8kzr/0ucm8k9pkn7x.o
[1081/1780  6s] C_Android_arm64 Library/Bee/artifacts/Android/d8kzr/5wycjt87zsn5.o
[1085/1780  9s] C_Android_arm64 Library/Bee/artifacts/Android/d8kzr/c6jf354ijoqo.o
[1110/1780  0s] GuidGenerator /Users/robert/gibiworld/clients/gw-mobile/Library/Bee/Android/Prj/IL2CPP/Gradle/unityLibrary/src/main/assets/bin/Data/unity_app_guid
[1111/1780  0s] CopyFiles /Users/robert/gibiworld/clients/gw-mobile/Library/Bee/artifacts/Android/il2cppOutput/build/arm64-v8a/Data/Resources/System.Data.dll-resources.dat
[1118/1780  0s] CopyFiles /Users/robert/gibiworld/clients/gw-mobile/Library/Bee/artifacts/Android/il2cppOutput/build/arm64-v8a/Data/Resources/System.Drawing.dll-resources.dat
[1127/1780  0s] CopyFiles /Users/robert/gibiworld/clients/gw-mobile/Library/Bee/Android/Prj/IL2CPP/Il2CppBackup/il2cppOutput/NianticSpatial.NSDK.AR__3.cpp
[1138/1780  0s] CopyFiles /Users/robert/gibiworld/clients/gw-mobile/Library/Bee/artifacts/Android/il2cppOutput/build/arm64-v8a/Data/Metadata/global-metadata.dat
[1139/1780  0s] CopyFiles /Users/robert/gibiworld/clients/gw-mobile/Library/Bee/Android/Prj/IL2CPP/Il2CppBackup/il2cppOutput/NianticSpatial.NSDK.AR_Debugger.c
[1155/1780  0s] CopyFiles /Users/robert/gibiworld/clients/gw-mobile/Library/Bee/Android/Prj/IL2CPP/Il2CppBackup/il2cppOutput/Unity.RenderPipelines.Universal.Runtime.cpp
[1171/1780  0s] CopyFiles /Users/robert/gibiworld/clients/gw-mobile/Library/Bee/Android/Prj/IL2CPP/Il2CppBackup/il2cppOutput/Unity.RenderPipelines.Core.Runtime.cpp
[1203/1780  0s] CopyFiles /Users/robert/gibiworld/clients/gw-mobile/Library/Bee/Android/Prj/IL2CPP/Gradle/unityLibrary/src/main/assets/bin/Data/Managed/Metadata/global-metadata.dat
[1208/1780  0s] CopyFiles /Users/robert/gibiworld/clients/gw-mobile/Library/Bee/Android/Prj/IL2CPP/Il2CppBackup/il2cppOutput/Unity.RenderPipelines.Core.Runtime__4.cpp
[1209/1780  0s] CopyFiles /Users/robert/gibiworld/clients/gw-mobile/Library/Bee/Android/Prj/IL2CPP/Il2CppBackup/il2cppOutput/Unity.RenderPipelines.Core.Runtime__3.cpp
[1210/1780  0s] CopyFiles /Users/robert/gibiworld/clients/gw-mobile/Library/Bee/Android/Prj/IL2CPP/Il2CppBackup/il2cppOutput/Unity.RenderPipelines.Core.Runtime__2.cpp
[1211/1780  0s] CopyFiles /Users/robert/gibiworld/clients/gw-mobile/Library/Bee/Android/Prj/IL2CPP/Il2CppBackup/il2cppOutput/Unity.RenderPipelines.Core.Runtime__7.cpp
[1215/1780  0s] CopyFiles /Users/robert/gibiworld/clients/gw-mobile/Library/Bee/Android/Prj/IL2CPP/Il2CppBackup/il2cppOutput/Unity.RenderPipelines.Core.Runtime__1.cpp
[1216/1780  0s] CopyFiles /Users/robert/gibiworld/clients/gw-mobile/Library/Bee/Android/Prj/IL2CPP/Il2CppBackup/il2cppOutput/Unity.RenderPipelines.Core.Runtime__8.cpp
[1217/1780  0s] CopyFiles /Users/robert/gibiworld/clients/gw-mobile/Library/Bee/Android/Prj/IL2CPP/Il2CppBackup/il2cppOutput/Unity.RenderPipelines.Core.Runtime__6.cpp
[1218/1780  0s] CopyFiles /Users/robert/gibiworld/clients/gw-mobile/Library/Bee/Android/Prj/IL2CPP/Il2CppBackup/il2cppOutput/Unity.RenderPipelines.Core.Runtime__9.cpp
[1219/1780  0s] CopyFiles /Users/robert/gibiworld/clients/gw-mobile/Library/Bee/Android/Prj/IL2CPP/Il2CppBackup/il2cppOutput/Unity.RenderPipelines.Core.Runtime__5.cpp
[1220/1780  0s] CopyFiles /Users/robert/gibiworld/clients/gw-mobile/Library/Bee/artifacts/Android/il2cppOutput/build/arm64-v8a/Data/Resources/mscorlib.dll-resources.dat
[1221/1780  0s] CopyFiles /Users/robert/gibiworld/clients/gw-mobile/Library/Bee/Android/Prj/IL2CPP/Gradle/unityLibrary/src/main/assets/bin/Data/Managed/Resources/mscorlib.dll-resources.dat
[1228/1780  0s] CopyFiles /Users/robert/gibiworld/clients/gw-mobile/Library/Bee/Android/Prj/IL2CPP/Il2CppBackup/il2cppOutput/Unity.RenderPipelines.Core.Runtime__10.cpp
[1320/1780  0s] CopyFiles /Users/robert/gibiworld/clients/gw-mobile/Library/Bee/Android/Prj/IL2CPP/Il2CppBackup/il2cppOutput/GenericMethods__27.cpp
[1322/1780  0s] CopyFiles /Users/robert/gibiworld/clients/gw-mobile/Library/Bee/Android/Prj/IL2CPP/Il2CppBackup/il2cppOutput/GenericMethods__45.cpp
[1324/1780  0s] CopyFiles /Users/robert/gibiworld/clients/gw-mobile/Library/Bee/Android/Prj/IL2CPP/Il2CppBackup/il2cppOutput/GenericMethods__22.cpp
[1325/1780  0s] CopyFiles /Users/robert/gibiworld/clients/gw-mobile/Library/Bee/Android/Prj/IL2CPP/Il2CppBackup/il2cppOutput/GenericMethods__37.cpp
[1328/1780  0s] CopyFiles /Users/robert/gibiworld/clients/gw-mobile/Library/Bee/Android/Prj/IL2CPP/Il2CppBackup/il2cppOutput/GenericMethods__29.cpp
[1335/1780  0s] CopyFiles /Users/robert/gibiworld/clients/gw-mobile/Library/Bee/Android/Prj/IL2CPP/Il2CppBackup/il2cppOutput/GenericMethods__35.cpp
[1350/1780  0s] CopyFiles /Users/robert/gibiworld/clients/gw-mobile/Library/Bee/Android/Prj/IL2CPP/Il2CppBackup/il2cppOutput/GenericMethods__38.cpp
[1353/1780  0s] CopyFiles /Users/robert/gibiworld/clients/gw-mobile/Library/Bee/Android/Prj/IL2CPP/Il2CppBackup/il2cppOutput/GenericMethods__28.cpp
[1356/1780  0s] CopyFiles /Users/robert/gibiworld/clients/gw-mobile/Library/Bee/Android/Prj/IL2CPP/Il2CppBackup/il2cppOutput/GenericMethods__32.cpp
[1357/1780  0s] CopyFiles /Users/robert/gibiworld/clients/gw-mobile/Library/Bee/Android/Prj/IL2CPP/Il2CppBackup/il2cppOutput/GenericMethods__46.cpp
[1376/1780  0s] CopyFiles /Users/robert/gibiworld/clients/gw-mobile/Library/Bee/Android/Prj/IL2CPP/Il2CppBackup/il2cppOutput/Generics__19.cpp
[1381/1780  0s] CopyFiles /Users/robert/gibiworld/clients/gw-mobile/Library/Bee/Android/Prj/IL2CPP/Il2CppBackup/il2cppOutput/Generics__24.cpp
[1391/1780  0s] CopyFiles /Users/robert/gibiworld/clients/gw-mobile/Library/Bee/Android/Prj/IL2CPP/Il2CppBackup/il2cppOutput/Generics__44.cpp
[1396/1780  0s] CopyFiles /Users/robert/gibiworld/clients/gw-mobile/Library/Bee/Android/Prj/IL2CPP/Il2CppBackup/il2cppOutput/Generics__69.cpp
[1402/1780  0s] CopyFiles /Users/robert/gibiworld/clients/gw-mobile/Library/Bee/Android/Prj/IL2CPP/Il2CppBackup/il2cppOutput/Generics__25.cpp
[1465/1780  0s] CopyFiles /Users/robert/gibiworld/clients/gw-mobile/Library/Bee/Android/Prj/IL2CPP/Il2CppBackup/il2cppOutput/Generics__72.cpp
[1505/1780  0s] CopyFiles /Users/robert/gibiworld/clients/gw-mobile/Library/Bee/Android/Prj/IL2CPP/Il2CppBackup/il2cppOutput/Generics__173.cpp
[1508/1780  0s] CopyFiles /Users/robert/gibiworld/clients/gw-mobile/Library/Bee/Android/Prj/IL2CPP/Il2CppBackup/il2cppOutput/Generics__125.cpp
[1521/1780  0s] CopyFiles /Users/robert/gibiworld/clients/gw-mobile/Library/Bee/Android/Prj/IL2CPP/Il2CppBackup/il2cppOutput/Generics__133.cpp
[1533/1780  0s] CopyFiles /Users/robert/gibiworld/clients/gw-mobile/Library/Bee/Android/Prj/IL2CPP/Il2CppBackup/il2cppOutput/Generics__128.cpp
[1536/1780  0s] CopyFiles /Users/robert/gibiworld/clients/gw-mobile/Library/Bee/Android/Prj/IL2CPP/Il2CppBackup/il2cppOutput/Generics__147.cpp
[1545/1780  0s] CopyFiles /Users/robert/gibiworld/clients/gw-mobile/Library/Bee/Android/Prj/IL2CPP/Il2CppBackup/il2cppOutput/Generics__183.cpp
[1547/1780  0s] CopyFiles /Users/robert/gibiworld/clients/gw-mobile/Library/Bee/Android/Prj/IL2CPP/Il2CppBackup/il2cppOutput/Generics__149.cpp
[1573/1780  0s] CopyFiles /Users/robert/gibiworld/clients/gw-mobile/Library/Bee/Android/Prj/IL2CPP/Il2CppBackup/il2cppOutput/Generics__148.cpp
[1631/1780  0s] CopyFiles /Users/robert/gibiworld/clients/gw-mobile/Library/Bee/Android/Prj/IL2CPP/Il2CppBackup/il2cppOutput/Gibi.Pets.cpp
[1662/1780  0s] CopyFiles /Users/robert/gibiworld/clients/gw-mobile/Library/Bee/Android/Prj/IL2CPP/Il2CppBackup/il2cppOutput/Generics.cpp
[1709/1780  0s] CopyFiles /Users/robert/gibiworld/clients/gw-mobile/Library/Bee/Android/Prj/IL2CPP/Il2CppBackup/il2cppOutput/Gibi.Pets_Debugger.c
[1729/1780  0s] CopyFiles /Users/robert/gibiworld/clients/gw-mobile/Library/Bee/Android/Prj/IL2CPP/Il2CppBackup/il2cppOutput/Unity.RenderPipelines.Universal.Runtime__4.cpp
[1731/1780  0s] CopyFiles /Users/robert/gibiworld/clients/gw-mobile/Library/Bee/Android/Prj/IL2CPP/Il2CppBackup/il2cppOutput/Unity.RenderPipelines.Universal.Runtime__2.cpp
[1732/1780  0s] CopyFiles /Users/robert/gibiworld/clients/gw-mobile/Library/Bee/Android/Prj/IL2CPP/Il2CppBackup/il2cppOutput/Unity.RenderPipelines.Universal.Runtime__8.cpp
[1733/1780  0s] CopyFiles /Users/robert/gibiworld/clients/gw-mobile/Library/Bee/Android/Prj/IL2CPP/Il2CppBackup/il2cppOutput/Unity.RenderPipelines.Universal.Runtime__5.cpp
[1735/1780  0s] CopyFiles /Users/robert/gibiworld/clients/gw-mobile/Library/Bee/Android/Prj/IL2CPP/Il2CppBackup/il2cppOutput/Unity.RenderPipelines.Universal.Runtime__7.cpp
[1736/1780  0s] CopyFiles /Users/robert/gibiworld/clients/gw-mobile/Library/Bee/Android/Prj/IL2CPP/Il2CppBackup/il2cppOutput/Unity.RenderPipelines.Universal.Runtime__6.cpp
[1737/1780  0s] CopyFiles /Users/robert/gibiworld/clients/gw-mobile/Library/Bee/Android/Prj/IL2CPP/Il2CppBackup/il2cppOutput/Unity.RenderPipelines.GPUDriven.Runtime__2.cpp
[1738/1780  0s] CopyFiles /Users/robert/gibiworld/clients/gw-mobile/Library/Bee/Android/Prj/IL2CPP/Il2CppBackup/il2cppOutput/Unity.RenderPipelines.Universal.Runtime__1.cpp
[1739/1780  0s] CopyFiles /Users/robert/gibiworld/clients/gw-mobile/Library/Bee/Android/Prj/IL2CPP/Il2CppBackup/il2cppOutput/Unity.RenderPipelines.Universal.Runtime__3.cpp
[1740/1780  0s] CopyFiles /Users/robert/gibiworld/clients/gw-mobile/Library/Bee/Android/Prj/IL2CPP/Gradle/unityLibrary/src/main/assets/bin/Data/Managed/Resources/System.Drawing.dll-resources.dat
[1745/1780  0s] CopyFiles /Users/robert/gibiworld/clients/gw-mobile/Library/Bee/Android/Prj/IL2CPP/Gradle/unityLibrary/src/main/assets/bin/Data/Managed/Resources/System.Data.dll-resources.dat
[1758/1780  0s] CopyFiles /Users/robert/gibiworld/clients/gw-mobile/Library/Bee/Android/Prj/IL2CPP/Il2CppBackup/il2cppOutput/Unity.RenderPipelines.Core.Runtime_Debugger.c
[1760/1780  8s] C_Android_arm64 Library/Bee/artifacts/Android/d8kzr/08jqpsm1m9bo.o
[1761/1780  5s] C_Android_arm64 Library/Bee/artifacts/Android/d8kzr/ec76catqq8qz.o
[1762/1780  5s] C_Android_arm64 Library/Bee/artifacts/Android/d8kzr/2qmj4tak0suk.o
[1763/1780  3s] C_Android_arm64 Library/Bee/artifacts/Android/d8kzr/9haxubehjzjt.o
[1764/1780  8s] C_Android_arm64 Library/Bee/artifacts/Android/d8kzr/hucg20ml4oae.o
[1765/1780  6s] C_Android_arm64 Library/Bee/artifacts/Android/d8kzr/rqgrnwqlg0e5.o
[1766/1780  6s] C_Android_arm64 Library/Bee/artifacts/Android/d8kzr/d4mqsucsm69j.o
[BUSY       6s] Link_Android_arm64 Library/Bee/artifacts/Android/d8kzr/libil2cpp.so
[1767/1780  8s] Link_Android_arm64 Library/Bee/artifacts/Android/d8kzr/libil2cpp.so
[1768/1780  0s] CopyFiles Library/Bee/artifacts/objcopy_5lmi/libil2cpp.dbg.so
[1769/1780  0s] CopyFiles /Users/robert/gibiworld/clients/gw-mobile/Library/Bee/artifacts/Android/il2cppOutput/build/arm64-v8a/libil2cpp.dbg.so
[1770/1780  1s] NdkObjCopy Library/Bee/artifacts/objcopy_5lmi/libil2cpp.sym.so
[1771/1780  0s] CopyFiles /Users/robert/gibiworld/clients/gw-mobile/Library/Bee/artifacts/Android/il2cppOutput/build/arm64-v8a/libil2cpp.sym.so
[1772/1780  1s] NdkObjCopy Library/Bee/artifacts/objcopy_5lmi/stripped/libil2cpp.so
[1773/1780  0s] NdkObjCopy Library/Bee/artifacts/objcopy_5lmi/libil2cpp.so
[1774/1780  0s] CopyFiles /Users/robert/gibiworld/clients/gw-mobile/Library/Bee/artifacts/Android/il2cppOutput/build/arm64-v8a/libil2cpp.so
[1775/1780  0s] CopyFiles /Users/robert/gibiworld/clients/gw-mobile/Library/Bee/Android/Prj/IL2CPP/Gradle/unityLibrary/src/main/jniLibs/arm64-v8a/libil2cpp.so
*** Tundra requires additional run (76.99 seconds - 0:01:16), 219 items updated, 1780 evaluated
*** Additional run caused by: contents change of Library/Bee/artifacts/Android/AsyncPluginsFromLinker
Starting: /Applications/Unity/Hub/Editor/6000.0.74f1/Unity.app/Contents/Tools/netcorerun/netcorerun "/Applications/Unity/Hub/Editor/6000.0.74f1/PlaybackEngines/AndroidPlayer/AndroidPlayerBuildProgram.exe" "/Applications/Unity/Hub/Editor/6000.0.74f1/PlaybackEngines/AndroidPlayer/Bee:/Applications/Unity/Hub/Editor/6000.0.74f1/Unity.app/Contents/Tools/BuildPipeline" "Library/Bee/Playerecc5c102.dag.json" "Library/Bee/Playerecc5c102-inputdata.json" "Library/Bee/buildprogram2.traceevents"
WorkingDir: /Users/robert/gibiworld/clients/gw-mobile
ExitCode: 4 Duration: 1m:17s
ExitCode: 0 Duration: 0s763ms
Starting: /Applications/Unity/Hub/Editor/6000.0.74f1/Unity.app/Contents/bee_backend --ipc --dagfile="Library/Bee/Playerecc5c102.dag" --dagfilejson="Library/Bee/Playerecc5c102.dag.json" --profile="Library/Bee/backend4.traceevents" Player
WorkingDir: /Users/robert/gibiworld/clients/gw-mobile
Finished compiling graph: 2043 nodes, 5753 flattened edges (5747 ToBuild, 6 ToUse), maximum node priority 1569
[           0s] Delete 2 artifact files that are no longer in use. (like /Users/robert/gibiworld/clients/gw-mobile/Library/Bee/Android/Prj/IL2CPP/Gradle/unityLibrary/src/main/jniLibs/armeabi-v7a)
[ 441/1779  0s] CopyFiles /Users/robert/gibiworld/clients/gw-mobile/Library/Bee/Android/Prj/IL2CPP/Gradle/unityLibrary/src/main/jniLibs/arm64-v8a/lib_burst_generated.so
[1778/1779  0s] ModifyAndroidProjectCallback /Users/robert/gibiworld/clients/gw-mobile/Library/Bee/Android/Prj/IL2CPP/Gradle/launcher/src/main/AndroidManifest.xml (+8 others)
*** Tundra build success (0.23 seconds), 2 items updated, 1779 evaluated
DisplayProgressbar: Calling IPostGenerateGradleAndroidProject callbacks
Calling IPostGenerateGradleAndroidProject callbacks on '/Users/robert/gibiworld/clients/gw-mobile/Library/Bee/Android/Prj/IL2CPP/Gradle/unityLibrary':
    Call "UnityEditor.XR.OpenXR.Features.OculusQuestSupport.ModifyAndroidManifestOculus.OnPostGenerateGradleAndroidProject" from assembly 'Unity.XR.OpenXR.Features.OculusQuestSupport.Editor'
    Call "UnityEditor.XR.OpenXR.Features.MetaQuestSupport.ModifyAndroidManifestMeta.OnPostGenerateGradleAndroidProject" from assembly 'Unity.XR.OpenXR.Features.MetaQuestSupport.Editor'
    Call "Unity.XR.Management.AndroidManifest.Editor.AndroidManifestBuildEventReceiver.OnPostGenerateGradleAndroidProject" from assembly 'Unity.XR.Management.Editor'
ExitCode: 0 Duration: 0s344ms
    Call "UnityEditor.XR.OpenXR.Features.MetaQuestSupport.MetaQuestFeatureBuildHooks.OnPostGenerateGradleAndroidProject" from assembly 'Unity.XR.OpenXR.Features.MetaQuestSupport.Editor'
    Call "UnityEditor.XR.OpenXR.Features.SpaceWarpFeatureBuildHooks.OnPostGenerateGradleAndroidProject" from assembly 'Unity.XR.OpenXR.Editor'
    Call "UnityEditor.XR.ARCore.ARCoreManifest.OnPostGenerateGradleAndroidProject" from assembly 'Unity.XR.ARCore.Editor'
    Call "NiantiSpatial.NSDK.Editor.NsdkPostGenerateAndroidManifest.OnPostGenerateGradleAndroidProject" from assembly 'NianticSpatial.NSDK.AR.Editor'
Android PostProcess task "Calling IPostGenerateGradleAndroidProject callbacks" took 168.8917 ms
DisplayProgressbar: Validate Gradle Project
Android PostProcess task "Validate Gradle Project" took 1.5239 ms
Android PostProcess task "Cloud Diagnostics Symbol Upload" took 0.7183 ms
DisplayProgressbar: Building Gradle project
Starting: /Applications/Unity/Hub/Editor/6000.0.74f1/PlaybackEngines/AndroidPlayer/OpenJDK/bin/java -classpath "/Applications/Unity/Hub/Editor/6000.0.74f1/PlaybackEngines/AndroidPlayer/Tools/gradle/lib/gradle-launcher-8.13.jar" org.gradle.launcher.GradleMain "-Dorg.gradle.jvmargs=-Xmx4096m" "assembleDebug" 
WorkingDir: /Users/robert/gibiworld/clients/gw-mobile/Library/Bee/Android/Prj/IL2CPP/Gradle/launcher
Total cache size 237967074
Total cache size after purge 237967074, took 00:00:00.3029555
Android PostProcess task "Building Gradle project" took 39989.2331 ms
DisplayProgressbar: Building Gradle Symbols
Android PostProcess task "Building Gradle Symbols" took 0.2808 ms
DisplayProgressbar: Processing Mapping File
Android PostProcess task "Processing Mapping File" took 0.3732 ms
DisplayProgressbar: Moving output package(s)
Deleting file '/Users/robert/gibiworld/clients/gw-mobile/Builds/GibiWorld-c09b9a4.apk'
Copy '/Users/robert/gibiworld/clients/gw-mobile/Library/Bee/Android/Prj/IL2CPP/Gradle/launcher/build/outputs/apk/debug/launcher-debug.apk' -> 
 '/Users/robert/gibiworld/clients/gw-mobile/Builds/GibiWorld-c09b9a4.apk'
Android PostProcess task "Moving output package(s)" took 145.0723 ms
Android PostProcess task "Checking Symbols size" took 2.2449 ms
Start importing Assets/XR/Settings/AuthBuildSettings.asset using Guid(66986cf2257c64a51bd351889f1d3a4a) (NativeFormatImporter) -> (artifact id: 'a9ff2d9d8adb29517bfade43ee966895') in 0.023510083 seconds
Refreshing native plugins compatible for Editor in 19.87 ms, found 10 plugins.
Preloading 0 native plugins for Editor in 0.00 ms.
Asset Pipeline Refresh (id=56b21eb9abdf54ec2841ca5700ce4273): Total: 0.133 seconds - Initiated by StopAssetImportingV2(NoUpdateAssetOptions)
Refreshing native plugins compatible for Editor in 3.21 ms, found 10 plugins.
Preloading 0 native plugins for Editor in 0.00 ms.
Asset Pipeline Refresh (id=fa83f408ac0724ffeab8f822c214a3c2): Total: 0.231 seconds - Initiated by RefreshV2(NoUpdateAssetOptions)
Stripping Runtime Debug Shader Variants, you won't be able to use some features of Rendering Debugger in the Player Build.
UnityEngine.Debug:ExtractStackTraceNoAlloc (byte*,int,string)
UnityEngine.StackTraceUtility:ExtractStackTrace () (at /Users/bokken/build/output/unity/unity/Runtime/Export/Scripting/StackTrace.cs:35)
UnityEngine.DebugLogHandler:Internal_Log (UnityEngine.LogType,UnityEngine.LogOption,string,UnityEngine.Object)
UnityEngine.DebugLogHandler:LogFormat (UnityEngine.LogType,UnityEngine.Object,string,object[])
UnityEngine.Logger:Log (UnityEngine.LogType,object)
UnityEngine.Debug:Log (object)
UnityEditor.Rendering.ShaderStripping:ReportEnd () (at ./Library/PackageCache/com.unity.render-pipelines.core@d7b87cecdab8/Editor/ShaderStripping/ShaderStrippingReport.cs:379)
UnityEditor.Rendering.ShaderStrippingReportScope:OnPostprocessBuild (UnityEditor.Build.Reporting.BuildReport) (at ./Library/PackageCache/com.unity.render-pipelines.core@d7b87cecdab8/Editor/ShaderStripping/ShaderStrippingReport.cs:134)
UnityEditor.Build.BuildPipelineInterfaces/<>c__DisplayClass20_0:<OnBuildPostProcess>b__1 (UnityEditor.Build.IPostprocessBuildWithReport) (at /Users/bokken/build/output/unity/unity/Editor/Mono/BuildPipeline/BuildPipelineInterfaces.cs:581)
UnityEditor.Build.BuildPipelineInterfaces:InvokeCallbackInterfacesPair<UnityEditor.Build.IPostprocessBuild, UnityEditor.Build.IPostprocessBuildWithReport> (System.Collections.Generic.List`1<UnityEditor.Build.IPostprocessBuild>,System.Action`1<UnityEditor.Build.IPostprocessBuild>,System.Collections.Generic.List`1<UnityEditor.Build.IPostprocessBuildWithReport>,System.Action`1<UnityEditor.Build.IPostprocessBuildWithReport>,bool) (at /Users/bokken/build/output/unity/unity/Editor/Mono/BuildPipeline/BuildPipelineInterfaces.cs:475)
UnityEditor.Build.BuildPipelineInterfaces:OnBuildPostProcess (UnityEditor.Build.Reporting.BuildReport) (at /Users/bokken/build/output/unity/unity/Editor/Mono/BuildPipeline/BuildPipelineInterfaces.cs:579)
UnityEditor.BuildPipeline:BuildPlayerInternalNoCheck (string[],string,string,UnityEditor.BuildTargetGroup,UnityEditor.BuildTarget,int,UnityEditor.BuildOptions,string[],bool)
UnityEditor.BuildPipeline:BuildPlayerInternal (string[],string,string,UnityEditor.BuildTargetGroup,UnityEditor.BuildTarget,int,UnityEditor.BuildOptions,string[]) (at /Users/bokken/build/output/unity/unity/Editor/Mono/BuildPipeline.bindings.cs:534)
UnityEditor.BuildPipeline:BuildPlayer (string[],string,string,UnityEditor.BuildTargetGroup,UnityEditor.BuildTarget,int,UnityEditor.BuildOptions,string[]) (at /Users/bokken/build/output/unity/unity/Editor/Mono/BuildPipeline.bindings.cs:418)
UnityEditor.BuildPipeline:BuildPlayer (UnityEditor.BuildPlayerOptions) (at /Users/bokken/build/output/unity/unity/Editor/Mono/BuildPipeline.bindings.cs:364)
Gibi.Editor.AndroidBuild:Build (bool) (at Assets/Gibi/Editor/AndroidBuild.cs:74)
Gibi.Editor.AndroidBuild:BuildDevForCI () (at Assets/Gibi/Editor/AndroidBuild.cs:23)

(Filename: ./Library/PackageCache/com.unity.render-pipelines.core@d7b87cecdab8/Editor/ShaderStripping/ShaderStrippingReport.cs Line: 379)

Refreshing native plugins compatible for Editor in 3.49 ms, found 10 plugins.
Preloading 0 native plugins for Editor in 0.00 ms.
Asset Pipeline Refresh (id=07401b58bc9a94953a4c05544fa3c095): Total: 0.033 seconds - Initiated by StopAssetImportingV2(NoUpdateAssetOptions)
Refreshing native plugins compatible for Editor in 3.13 ms, found 10 plugins.
Preloading 0 native plugins for Editor in 0.00 ms.
Asset Pipeline Refresh (id=2c944ce18c2b548cf8d97b4c0a7745b4): Total: 0.031 seconds - Initiated by StopAssetImportingV2(NoUpdateAssetOptions)
Refreshing native plugins compatible for Editor in 3.30 ms, found 10 plugins.
Preloading 0 native plugins for Editor in 0.00 ms.
Asset Pipeline Refresh (id=2351f28270f4c4f06abcf413b5940776): Total: 0.028 seconds - Initiated by StopAssetImportingV2(NoUpdateAssetOptions)
Asset Pipeline Refresh (id=00fe7fbaf88974ad780642237195fae9): Total: 0.076 seconds - Initiated by RefreshV2(NoUpdateAssetOptions)
Refreshing native plugins compatible for Editor in 3.18 ms, found 10 plugins.
Preloading 0 native plugins for Editor in 0.00 ms.

-------------------------------------------------------------------------------
Build Report
Uncompressed usage by category (Percentages based on user generated assets only):
Textures               23.2 mb	 93.8% 
Meshes                 221.0 kb	 0.9% 
Animations             0.0 kb	 0.0% 
Sounds                 0.0 kb	 0.0% 
Shaders                582.4 kb	 2.3% 
Other Assets           305.5 kb	 1.2% 
Levels                 0.0 kb	 0.0% 
File headers           155.1 kb	 0.6% 
Total User Assets      24.7 mb	 100.0% 
Complete build size    1.5 gb
Used Assets and files from the Resources folder, sorted by uncompressed size:
 16.1 mb	 1.1% Assets/Gibi/Art/P0/luxurydoghouse.glb
 4.1 mb	 0.3% Assets/Gibi/Art/P0/toyball-930.glb
 2.7 mb	 0.2% Built-in Texture2D: Splash Screen Unity Logo
 530.4 kb	 0.0% Resources/unity_builtin_extra
 133.2 kb	 0.0% Packages/com.unity.render-pipelines.universal/Shaders/Lit.shader
 91.2 kb	 0.0% Packages/com.unity.cloud.gltfast/Runtime/Shader/glTF-pbrMetallicRoughness.shadergraph
 79.7 kb	 0.0% Packages/com.unity.render-pipelines.core/Runtime/Debugging/Prefabs/Fonts/PerfectDOSVGA437.ttf
 64.3 kb	 0.0% Packages/com.unity.render-pipelines.universal/Shaders/Utils/CoreBlit.shader
 59.1 kb	 0.0% Packages/com.unity.render-pipelines.core/Runtime/Debugging/Prefabs/Widgets/DebugUIHandlerRenderingLayerField.prefab
 59.1 kb	 0.0% Packages/com.unity.render-pipelines.core/Runtime/Debugging/Prefabs/Widgets/DebugUIBitField.prefab
 53.7 kb	 0.0% Packages/com.unity.render-pipelines.universal/Shaders/Terrain/WavingGrass.shader
 33.2 kb	 0.0% Packages/com.unity.render-pipelines.universal/Shaders/Terrain/WavingGrassBillboard.shader
 29.5 kb	 0.0% Packages/com.unity.render-pipelines.universal/Shaders/Terrain/TerrainDetailLit.shader
 23.1 kb	 0.0% Packages/com.unity.render-pipelines.universal/Shaders/Unlit.shader
 20.6 kb	 0.0% Packages/com.unity.render-pipelines.universal/Shaders/Utils/StencilDeferred.shader
 16.6 kb	 0.0% Packages/com.unity.xr.arcore/Assets/Shaders/ARCoreBackgroundAfterOpaques.shader
 16.1 kb	 0.0% Packages/com.unity.render-pipelines.universal/Textures/DebugFont.tga
 11.9 kb	 0.0% Packages/com.unity.render-pipelines.universal/Shaders/Debug/HDRDebugView.shader
 10.8 kb	 0.0% Packages/com.unity.xr.arcore/Assets/Shaders/ARCoreBackground.shader
 9.3 kb	 0.0% Packages/com.unity.render-pipelines.core/Runtime/Debugging/Prefabs/Widgets/DebugUIPanel.prefab
 8.4 kb	 0.0% Packages/com.nianticspatial.nsdk/Assets/Shaders/ZBufferOcclusion.shader
 6.5 kb	 0.0% Packages/com.unity.render-pipelines.core/Runtime/Debugging/Prefabs/Widgets/DebugUIColor.prefab
 6.3 kb	 0.0% Packages/com.nianticspatial.nsdk/Assets/Shaders/OcclusionMesh.shader
 6.2 kb	 0.0% Packages/com.unity.render-pipelines.universal/Shaders/Utils/CoreBlitColorAndDepth.shader
 6.1 kb	 0.0% Packages/com.unity.render-pipelines.core/Runtime/Debugging/Prefabs/Widgets/DebugUIVector4.prefab
 6.0 kb	 0.0% Packages/com.unity.render-pipelines.core/Shaders/CoreCopy.shader
 5.2 kb	 0.0% Packages/com.unity.render-pipelines.core/Runtime/Debugging/Prefabs/Widgets/DebugUIVector3.prefab
 5.1 kb	 0.0% Packages/com.nianticspatial.nsdk/Assets/Shaders/NsdkPlaybackBackground.shader
 5.1 kb	 0.0% Packages/com.unity.render-pipelines.universal/Shaders/Utils/CopyDepth.shader
 4.9 kb	 0.0% Packages/com.unity.render-pipelines.universal/Shaders/CameraMotionVectors.shader
 4.8 kb	 0.0% Packages/com.unity.render-pipelines.universal/Shaders/Debug/DebugReplacement.shader
 4.6 kb	 0.0% Packages/com.unity.render-pipelines.universal/Shaders/XR/XRMirrorView.shader
 4.5 kb	 0.0% Packages/com.unity.render-pipelines.core/Runtime/Debugging/Prefabs/Resources/DebugUICanvas.prefab
 4.4 kb	 0.0% Packages/com.unity.render-pipelines.core/Runtime/Debugging/Prefabs/Widgets/DebugUIUIntField.prefab
 4.4 kb	 0.0% Packages/com.unity.render-pipelines.core/Runtime/Debugging/Prefabs/Widgets/DebugUIIntField.prefab
 4.3 kb	 0.0% Packages/com.unity.render-pipelines.universal/Shaders/Utils/FallbackError.shader
 4.3 kb	 0.0% Packages/com.unity.render-pipelines.universal/Shaders/XR/XRMotionVector.shader
 4.3 kb	 0.0% Packages/com.unity.render-pipelines.core/Runtime/Debugging/Prefabs/Widgets/DebugUIVector2.prefab
 4.2 kb	 0.0% Packages/com.unity.render-pipelines.universal/Shaders/Utils/Sampling.shader
 4.1 kb	 0.0% Packages/com.unity.render-pipelines.universal/Textures/BlueNoise64/L/LDR_LLL1_0.png
 4.1 kb	 0.0% Assets/XR/Settings/OpenXR Package Settings.asset
 4.1 kb	 0.0% Packages/com.unity.render-pipelines.core/Runtime/Debugging/Prefabs/Widgets/DebugUIFloatField.prefab
 4.1 kb	 0.0% Packages/com.unity.render-pipelines.universal/Shaders/XR/XROcclusionMesh.shader
 4.0 kb	 0.0% Packages/com.nianticspatial.nsdk/Assets/Shaders/NsdkImageConversion.shader
 3.9 kb	 0.0% Packages/com.unity.shadergraph/Editor/Resources/Shaders/FallbackError.shader
 3.8 kb	 0.0% Packages/com.nianticspatial.nsdk/Assets/Shaders/NsdkCopyEyeDepth.shader
 3.7 kb	 0.0% Packages/com.unity.render-pipelines.core/Runtime/RenderPipelineResources/FallbackShader.shader
 3.2 kb	 0.0% Packages/com.nianticspatial.nsdk/Assets/Shaders/Resources/DepthToPointCloud.compute
 2.9 kb	 0.0% Packages/com.unity.render-pipelines.universal/Shaders/Debug/ProbeVolumeSamplingDebugPositionNormal.compute
 2.8 kb	 0.0% Packages/com.unity.render-pipelines.core/Runtime/Debugging/Prefabs/Widgets/DebugUIObjectPopupField.prefab
 2.8 kb	 0.0% Assets/DefaultVolumeProfile.asset
 2.8 kb	 0.0% Assets/Resources/PerformanceTestRunInfo.json
 2.6 kb	 0.0% Packages/com.unity.render-pipelines.core/Runtime/Debugging/Prefabs/Widgets/DebugUIObjectList.prefab
 2.6 kb	 0.0% Packages/com.unity.render-pipelines.core/Runtime/Debugging/Prefabs/Widgets/DebugUIEnumField.prefab
 2.4 kb	 0.0% Packages/com.unity.render-pipelines.core/Runtime/Debugging/Prefabs/Widgets/DebugUIFoldout.prefab
 2.4 kb	 0.0% Packages/com.unity.render-pipelines.core/Runtime/Debugging/Prefabs/Widgets/DebugUIRow.prefab
 1.8 kb	 0.0% Assets/UniversalRenderPipelineGlobalSettings.asset
 1.7 kb	 0.0% Packages/com.unity.render-pipelines.core/Runtime/Debugging/Prefabs/Widgets/DebugUIToggleHistory.prefab
 1.7 kb	 0.0% Packages/com.unity.render-pipelines.core/Runtime/Debugging/Prefabs/Widgets/DebugUIToggle.prefab
 1.7 kb	 0.0% Packages/com.unity.render-pipelines.universal/Runtime/Materials/Lit.mat
 1.4 kb	 0.0% Packages/com.unity.render-pipelines.core/Runtime/Debugging/Prefabs/Widgets/DebugUIProgressBar.prefab
 1.4 kb	 0.0% Packages/com.unity.render-pipelines.core/Runtime/Debugging/Prefabs/Widgets/DebugUIGroup.prefab
 1.2 kb	 0.0% Packages/com.unity.render-pipelines.core/Runtime/Debugging/Prefabs/Widgets/DebugUIButton.prefab
 1.1 kb	 0.0% Packages/com.unity.render-pipelines.core/Runtime/Debugging/Prefabs/Textures/UIFoldoutOpened.png
 1.1 kb	 0.0% Packages/com.unity.render-pipelines.core/Runtime/Debugging/Prefabs/Textures/UIFoldoutClosed.png
 1.1 kb	 0.0% Packages/com.unity.render-pipelines.core/Runtime/Debugging/Prefabs/Textures/UICheckMark.png
 0.9 kb	 0.0% Packages/com.unity.render-pipelines.core/Runtime/Debugging/Prefabs/Widgets/DebugUIEnumHistory.prefab
 0.9 kb	 0.0% Packages/com.unity.render-pipelines.core/Runtime/Debugging/Prefabs/Widgets/DebugUIValuePersistent.prefab
 0.9 kb	 0.0% Packages/com.unity.render-pipelines.core/Runtime/Debugging/Prefabs/Widgets/DebugUIValueTuple.prefab
 0.9 kb	 0.0% Packages/com.unity.render-pipelines.core/Runtime/Debugging/Prefabs/Resources/DebugUIPersistentCanvas.prefab
 0.9 kb	 0.0% Packages/com.unity.render-pipelines.core/Runtime/Debugging/Prefabs/Widgets/DebugUIObject.prefab
 0.9 kb	 0.0% Packages/com.unity.render-pipelines.core/Runtime/Debugging/Prefabs/Widgets/DebugUIValue.prefab
 0.9 kb	 0.0% Packages/com.unity.render-pipelines.core/Runtime/Debugging/Prefabs/Widgets/DebugUIMessageBox.prefab
 0.8 kb	 0.0% Packages/com.unity.render-pipelines.core/Runtime/Debugging/Prefabs/Textures/UIElement8px.png
 0.6 kb	 0.0% Assets/Prefabs/ARPlaneMaterial.mat
 0.5 kb	 0.0% Packages/com.unity.render-pipelines.core/Runtime/Debugging/Prefabs/Textures/White1px.png
 0.5 kb	 0.0% Assets/Gibi/Pets/Profiles/Randy11P0.asset
 0.5 kb	 0.0% Assets/Prefabs/ARPlaneVisualizer.prefab
 0.5 kb	 0.0% Packages/com.unity.render-pipelines.universal/Shaders/Utils/BlitHDROverlay.shader
 0.4 kb	 0.0% Assets/Settings/Gibi_URP_TierC.asset
 0.4 kb	 0.0% Assets/Settings/Gibi_URP_TierAB.asset
 0.4 kb	 0.0% Packages/com.unity.render-pipelines.universal/Runtime/Decal/DBuffer/DBufferClear.shader
 0.4 kb	 0.0% Packages/com.unity.render-pipelines.core/Runtime/Debugging/Prefabs/Widgets/DebugUIVBox.prefab
 0.4 kb	 0.0% Packages/com.unity.render-pipelines.core/Runtime/Debugging/Prefabs/Widgets/DebugUIHBox.prefab
 0.4 kb	 0.0% Built-in Sprite: 
 0.3 kb	 0.0% Assets/Settings/Gibi_UniversalRenderer.asset
 0.2 kb	 0.0% Packages/com.unity.render-pipelines.universal/Runtime/Debug/UniversalRenderPipelineVolumeDebugSettings.deprecated.cs
 0.2 kb	 0.0% Packages/com.unity.render-pipelines.universal/Runtime/RenderPipelineResources/UniversalRenderPipelineRuntimeXRResources.cs
 0.2 kb	 0.0% Packages/com.unity.render-pipelines.universal/Runtime/Debug/UniversalRenderPipelineVolumeDebugSettings.cs
 0.2 kb	 0.0% Packages/com.unity.render-pipelines.universal/Runtime/Debug/UniversalRenderPipelineDebugDisplaySettings.cs
 0.2 kb	 0.0% Packages/com.unity.xr.openxr/Runtime/NativeTypes/XR_EXT_spatial_entity/Structs/XrCreateSpatialDiscoverySnapshotCompletionInfoEXT.cs
 0.2 kb	 0.0% Packages/com.unity.xr.openxr/Runtime/ConformanceAutomation/ConformanceAutomationFeature.cs
 0.2 kb	 0.0% Packages/com.unity.render-pipelines.core/Runtime/RenderGraph/RenderGraphResourceAccelerationStructure.cs
 0.2 kb	 0.0% Assets/XR/Settings/NSDK Settings.asset
 0.2 kb	 0.0% Packages/com.unity.xr.arfoundation/Runtime/InternalUtils/ShowInDebugInspectorOnlyAttribute.cs
 0.2 kb	 0.0% Packages/com.unity.render-pipelines.universal/Runtime/UniversalRenderPipelineGlobalSettings.cs
 0.2 kb	 0.0% Packages/com.unity.render-pipelines.universal/Runtime/RenderPipelineResources/UniversalRenderPipelineRuntimeTextures.cs
 0.2 kb	 0.0% Packages/com.unity.render-pipelines.universal/Runtime/RenderPipelineResources/UniversalRenderPipelineRuntimeShaders.cs
 0.2 kb	 0.0% Packages/com.unity.render-pipelines.universal/Runtime/RenderPipelineResources/UniversalRenderPipelineEditorMaterials.cs
 0.2 kb	 0.0% Packages/com.unity.render-pipelines.universal/Runtime/Debug/UniversalRenderPipelineDebugDisplayStats.cs
 0.2 kb	 0.0% Packages/com.unity.xr.openxr/Runtime/NativeTypes/XR_EXT_spatial_plane_tracking/Structs/XrSpatialCapabilityConfigurationPlaneTrackingEXT.cs
 0.2 kb	 0.0% Packages/com.unity.xr.openxr/Runtime/NativeTypes/XR_EXT_spatial_persistence/Structs/XrCreateSpatialPersistenceContextCompletionEXT.cs
 0.2 kb	 0.0% Packages/com.unity.xr.openxr/Runtime/NativeTypes/XR_EXT_spatial_marker_tracking/Structs/XrSpatialCapabilityConfigurationMicroQrCodeEXT.cs
 0.2 kb	 0.0% Packages/com.unity.xr.openxr/Runtime/NativeTypes/XR_EXT_spatial_marker_tracking/Structs/XrSpatialCapabilityConfigurationArucoMarkerEXT.cs
 0.2 kb	 0.0% Packages/com.unity.xr.openxr/Runtime/NativeTypes/XR_EXT_spatial_entity/Structs/XrSpatialCapabilityConfigurationBaseHeaderEXT.cs
 0.2 kb	 0.0% Packages/com.unity.xr.openxr/Runtime/NativeTypes/XR_EXT_spatial_entity/Structs/XrCreateSpatialDiscoverySnapshotCompletionEXT.cs
 0.2 kb	 0.0% Packages/com.unity.xr.arfoundation/Runtime/ARFoundation/MutableRuntimeReferenceImageLibraryExtensions.cs
 0.2 kb	 0.0% Packages/com.unity.render-pipelines.universal/Runtime/2D/Shadows/ShadowProvider/Providers/ShadowShape2DProvider_SpriteRenderer.cs
 0.2 kb	 0.0% Packages/com.unity.render-pipelines.core/Runtime/Stripping/RenderPipelineGraphicsSettingsStripperFetcher.cs
 0.2 kb	 0.0% Packages/com.unity.render-pipelines.core/Runtime/RenderGraph/IRenderGraphEnabledRenderPipeline.cs
 0.2 kb	 0.0% Packages/com.unity.addressables/Runtime/ResourceManager/ResourceProviders/Simulation/VirtualAssetBundleRuntimeData.cs
 0.2 kb	 0.0% Packages/com.unity.xr.openxr/Runtime/RuntimeDebugger/RuntimeDebuggerOpenXRFeature.cs
 0.2 kb	 0.0% Packages/com.unity.rendering.light-transport/Runtime/UnifiedRayTracing/Hardware/HardwareRayTracingAccelStruct.cs
 0.2 kb	 0.0% Packages/com.unity.render-pipelines.universal/Runtime/RenderPipelineResources/UniversalRenderPipelineEditorShaders.cs
 0.2 kb	 0.0% Packages/com.unity.render-pipelines.universal/Runtime/RenderPipelineResources/UniversalRenderPipelineEditorAssets.cs
 0.2 kb	 0.0% Packages/com.unity.render-pipelines.universal/Runtime/RenderPipelineResources/UniversalRenderPipelineDebugShaders.cs
 0.2 kb	 0.0% Packages/com.unity.render-pipelines.universal/Runtime/Passes/AdditionalLightsShadowCasterPass.cs
 0.2 kb	 0.0% Packages/com.unity.render-pipelines.universal/Runtime/Passes/AdditionalLightsShadowAtlasLayout.cs
 0.2 kb	 0.0% Packages/com.unity.render-pipelines.core/Runtime/Stripping/RenderPipelineGraphicsSettingsStripperReport.cs
 0.2 kb	 0.0% Packages/com.unity.render-pipelines.core/Runtime/RenderGraph/Compiler/NativePassCompiler.Debug.cs
 0.2 kb	 0.0% Packages/com.unity.render-pipelines.core/Runtime/GPUDriven/OcclusionCullingCommonShaderVariables.cs
 0.2 kb	 0.0% Packages/com.unity.render-pipelines.core/Runtime/GPUDriven/InstanceOcclusionCullerShaderVariables.cs
 0.2 kb	 0.0% Packages/com.unity.xr.openxr/Runtime/NativeTypes/XR_EXT_spatial_plane_tracking/Structs/XrSpatialComponentPlaneSemanticLabelListEXT.cs
 0.2 kb	 0.0% Packages/com.unity.xr.openxr/Runtime/NativeTypes/XR_EXT_spatial_persistence/Structs/XrSpatialDiscoveryPersistenceUuidFilterEXT.cs
 0.2 kb	 0.0% Packages/com.unity.xr.openxr/Runtime/NativeTypes/XR_EXT_spatial_marker_tracking/Structs/XrSpatialCapabilityConfigurationQrCodeEXT.cs
 0.2 kb	 0.0% Packages/com.unity.xr.openxr/Runtime/NativeTypes/XR_EXT_spatial_marker_tracking/Structs/XrSpatialCapabilityConfigurationAprilTagEXT.cs
 0.2 kb	 0.0% Packages/com.unity.xr.openxr/Runtime/NativeTypes/XR_EXT_spatial_entity/Structs/XrEventDataSpatialDiscoveryRecommendedEXT.cs
 0.2 kb	 0.0% Packages/com.unity.xr.openxr/Runtime/NativeTypes/XR_EXT_spatial_anchor/Structs/XrSpatialCapabilityConfigurationAnchorEXT.cs
 0.2 kb	 0.0% Packages/com.unity.xr.openxr/Runtime/Features/Extensions/XrPerformanceSettingsTypes.cs
 0.2 kb	 0.0% Packages/com.unity.render-pipelines.universal/Runtime/2D/CinemachineUniversalPixelPerfect.cs
 0.2 kb	 0.0% Packages/com.unity.render-pipelines.core/Runtime/Stripping/RenderPipelineGraphicsSettingsStripper.cs
 0.2 kb	 0.0% Packages/com.unity.render-pipelines.core/Runtime/RenderPipeline/RenderPipelineGraphicsSettingsContainer.cs
 0.2 kb	 0.0% Packages/com.unity.render-pipelines.core/Runtime/RenderGraph/Compiler/NativePassCompiler.cs
 0.2 kb	 0.0% Packages/com.unity.render-pipelines.core/Runtime/RenderGraph/Compiler/CompilerContextData.cs
 0.2 kb	 0.0% Packages/com.unity.render-pipelines.core/Runtime/Common/IVirtualTexturingEnabledRenderPipeline.cs
 0.2 kb	 0.0% Packages/com.unity.mathematics/Unity.Mathematics/Il2CppEagerStaticClassConstructionAttribute.cs
 0.2 kb	 0.0% Packages/com.unity.addressables/Runtime/ResourceManager/ResourceProviders/Simulation/VirtualBundledAssetProvider.cs
 0.2 kb	 0.0% Packages/com.unity.addressables/Runtime/ResourceManager/ResourceProviders/Simulation/VirtualAssetBundleProvider.cs
 0.2 kb	 0.0% Packages/com.nianticspatial.nsdk/Runtime/Subsystems/XR/XRSceneSegmentationSubsystem/XRSceneSegmentationSubsystemDescriptor.cs
 0.2 kb	 0.0% Packages/com.nianticspatial.nsdk/Runtime/Subsystems/SceneSegmentation/NsdkSceneSegmentationSubsystem.cs
 0.2 kb	 0.0% Packages/com.nianticspatial.nsdk/Runtime/ARFoundation/Overrides/PersistentAnchors/MeshDownload/Utilities/ARPersistentAnchorDeserializationUtility.cs
 0.2 kb	 0.0% Packages/com.unity.xr.openxr/Runtime/OculusQuest/OculusQuestFeature.cs
 0.2 kb	 0.0% Packages/com.unity.xr.openxr/Runtime/NativeTypes/XR_EXT_spatial_persistence/Enums/XrSpatialPersistenceContextResultEXT.cs
 0.2 kb	 0.0% Packages/com.unity.xr.openxr/Runtime/Features/Extensions/XrPerformanceSettingsFeature.cs
 0.2 kb	 0.0% Packages/com.unity.rendering.light-transport/Runtime/UnifiedRayTracing/UnifiedRayTracingException.cs
 0.2 kb	 0.0% Packages/com.unity.rendering.light-transport/Runtime/UnifiedRayTracing/Hardware/HardwareRayTracingBackend.cs
 0.2 kb	 0.0% Packages/com.unity.rendering.light-transport/Runtime/UnifiedRayTracing/Compute/ComputeRayTracingAccelStruct.cs
 0.2 kb	 0.0% Packages/com.unity.render-pipelines.universal/Runtime/VolumeRequiresRendererFeatures.cs
 0.2 kb	 0.0% Packages/com.unity.render-pipelines.universal/Runtime/UniversalAdditionalCameraData.cs
 0.2 kb	 0.0% Packages/com.unity.render-pipelines.universal/Runtime/Settings/URPDefaultVolumeProfileSetting.cs
 0.2 kb	 0.0% Packages/com.unity.render-pipelines.universal/Runtime/RendererFeatures/FullScreenPassRendererFeature.cs
 0.2 kb	 0.0% Packages/com.unity.render-pipelines.universal/Runtime/RendererFeatures/DisallowMultipleRendererFeature.cs
 0.2 kb	 0.0% Packages/com.unity.render-pipelines.universal/Runtime/RenderGraph/RenderGraphGraphicsAutomatedTests.cs
 0.2 kb	 0.0% Packages/com.unity.render-pipelines.universal/Runtime/Passes/ScreenSpaceAmbientOcclusionPass.cs
 0.2 kb	 0.0% Packages/com.unity.render-pipelines.universal/Runtime/Passes/MainLightShadowCasterPass.cs
 0.2 kb	 0.0% Packages/com.unity.render-pipelines.universal/Runtime/Passes/InvokeOnRenderObjectCallbackPass.cs
 0.2 kb	 0.0% Packages/com.unity.render-pipelines.universal/Runtime/Decal/Entities/DecalUpdateCullingGroupSystem.cs
 0.2 kb	 0.0% Packages/com.unity.render-pipelines.universal/Runtime/Debug/DebugDisplaySettingsRendering.cs
 0.2 kb	 0.0% Packages/com.unity.render-pipelines.core/Runtime/RenderGraph/RenderGraphUtilsResources.cs
 0.2 kb	 0.0% Packages/com.unity.render-pipelines.core/Runtime/Lighting/ProbeVolume/ProbeReferenceVolume.ReflProbeNormalization.cs
 0.2 kb	 0.0% Packages/com.unity.render-pipelines.core/Runtime/GPUDriven/OcclusionCullingDebugShaderVariables.cs
 0.2 kb	 0.0% Packages/com.nianticspatial.nsdk/Runtime/ARFoundation/Overrides/SceneSegmentation/ARSceneSegmentationModelEventArgs.cs
 0.2 kb	 0.0% Packages/com.nianticspatial.nsdk/Runtime/ARFoundation/Overrides/SceneSegmentation/ARSceneSegmentationFrameEventArgs.cs
 0.2 kb	 0.0% Packages/com.unity.xr.openxr/Runtime/NativeTypes/XR_EXT_spatial_plane_tracking/Structs/XrSpatialComponentPlaneAlignmentListEXT.cs
 0.2 kb	 0.0% Packages/com.unity.xr.openxr/Runtime/NativeTypes/XR_EXT_spatial_persistence_operations/Structs/XrUnpersistSpatialEntityCompletionEXT.cs
 0.2 kb	 0.0% Packages/com.unity.xr.openxr/Runtime/NativeTypes/XR_EXT_spatial_persistence/Structs/XrSpatialPersistenceContextCreateInfoEXT.cs
 0.2 kb	 0.0% Packages/com.unity.xr.openxr/Runtime/NativeTypes/XR_EXT_spatial_entity/Structs/XrSpatialDiscoverySnapshotCreateInfoEXT.cs
 0.2 kb	 0.0% Packages/com.unity.xr.openxr/Runtime/NativeTypes/XR_EXT_spatial_entity/Structs/XrSpatialComponentDataQueryConditionEXT.cs
 0.2 kb	 0.0% Packages/com.unity.xr.openxr/Runtime/Features/Interactions/MetaQuestTouchProControllerProfile.cs
 0.2 kb	 0.0% Packages/com.unity.xr.openxr/Runtime/Features/Interactions/MetaQuestTouchPlusControllerProfile.cs
 0.2 kb	 0.0% Packages/com.unity.xr.arfoundation/Runtime/ARSubsystems/EnvironmentProbeSubsystem/XREnvironmentProbeSubsystemDescriptor.cs
 0.2 kb	 0.0% Packages/com.unity.xr.arfoundation/Runtime/ARFoundation/ARDefaultCameraBackgroundRenderingParams.cs
 0.2 kb	 0.0% Packages/com.unity.xr.arfoundation/Runtime/ARFoundation/ARCommandBufferSupportRendererFeature.cs
 0.2 kb	 0.0% Packages/com.unity.render-pipelines.universal/Runtime/UniversalRenderPipelineRenderGraph.cs
 0.2 kb	 0.0% Packages/com.unity.render-pipelines.universal/Runtime/2D/Shadows/ShadowCasterGroup2DManager.cs
 0.2 kb	 0.0% Packages/com.unity.render-pipelines.universal/Runtime/2D/Rendergraph/CopyCameraSortingLayerPass.cs
 0.2 kb	 0.0% Packages/com.unity.render-pipelines.universal/Runtime/2D/RendererFeatures/ScriptableRenderPass2D.cs
 0.2 kb	 0.0% Packages/com.unity.render-pipelines.universal/Runtime/2D/PixelPerfectCameraInternal.cs
 0.2 kb	 0.0% Packages/com.unity.render-pipelines.universal/Runtime/2D/Passes/PixelPerfectBackgroundPass.cs
 0.2 kb	 0.0% Packages/com.unity.render-pipelines.core/Runtime/RenderPipeline/RenderPipelineGlobalSettingsUtils.cs
 0.2 kb	 0.0% Packages/com.unity.render-pipelines.core/Runtime/RenderGraph/RenderGraphResourceRegistry.cs
 0.2 kb	 0.0% Packages/com.unity.render-pipelines.core/Runtime/RenderGraph/RenderGraphDefaultResources.cs
 0.2 kb	 0.0% Packages/com.unity.render-pipelines.core/Runtime/RenderGraph/Compiler/ResourcesData.cs
 0.2 kb	 0.0% Packages/com.unity.render-pipelines.core/Runtime/Lighting/ProbeVolume/ProbeVolumeConstantRuntimeResources.cs
 0.2 kb	 0.0% Packages/com.unity.render-pipelines.core/Runtime/Lighting/ProbeVolume/ProbeVolumeBakingSetWeakReference.cs
 0.2 kb	 0.0% Packages/com.unity.render-pipelines.core/Runtime/Lighting/ProbeVolume/IProbeVolumeEnabledRenderPipeline.cs
 0.2 kb	 0.0% Packages/com.unity.render-pipelines.core/Runtime/Debugging/Prefabs/Scripts/DebugUIHandlerRenderingLayerField.cs
 0.2 kb	 0.0% Packages/com.unity.addressables/Runtime/Initialization/InitializationObjectsOperation.cs
 0.2 kb	 0.0% Packages/com.nianticspatial.nsdk/Runtime/Subsystems/XR/XRDeviceMappingSubsystem/XRDeviceMappingSubsystemDescriptor.cs
 0.2 kb	 0.0% Packages/com.nianticspatial.nsdk/Runtime/Subsystems/Playback/NsdkPlaybackOcclusionSubsystem.cs
 0.2 kb	 0.0% Packages/com.unity.xr.openxr/Runtime/TestTooling/MockOpenXREnvironmentSettings.cs
 0.2 kb	 0.0% Packages/com.unity.xr.core-utils/Runtime/ARTrackablesParentTransformChangedEventArgs.cs
 0.2 kb	 0.0% Packages/com.unity.xr.arfoundation/Runtime/InternalUtils/UnitConversionUtility.cs
 0.2 kb	 0.0% Packages/com.unity.xr.arfoundation/Runtime/InternalUtils/SerializableGuidUtility.cs
 0.2 kb	 0.0% Packages/com.unity.xr.arfoundation/Runtime/ARFoundation/Deprecated/ARTrackedObjectsChangedEventArgs.deprecated.cs
 0.2 kb	 0.0% Packages/com.unity.xr.arfoundation/Runtime/ARFoundation/Deprecated/ARTrackedImagesChangedEventArgs.deprecated.cs
 0.2 kb	 0.0% Packages/com.unity.xr.arfoundation/Runtime/ARFoundation/Deprecated/ARParticipantsChangedEventArgs.deprecated.cs
 0.2 kb	 0.0% Packages/com.unity.xr.arfoundation/Runtime/ARFoundation/Deprecated/AREnvironmentProbesChangedEvent.deprecated.cs
 0.2 kb	 0.0% Packages/com.unity.xr.arcore/Runtime/ARCoreBeforeGetCameraConfigurationEventArgs.cs
 0.2 kb	 0.0% Packages/com.unity.rendering.light-transport/Runtime/UnifiedRayTracing/IRayTracingAccelStruct.cs
 0.2 kb	 0.0% Packages/com.unity.rendering.light-transport/Runtime/UnifiedRayTracing/Hardware/HardwareRayTracingShader.cs
 0.2 kb	 0.0% Packages/com.unity.rendering.light-transport/Runtime/UnifiedRayTracing/Compute/ComputeRayTracingShader.cs
 0.2 kb	 0.0% Packages/com.unity.rendering.light-transport/Runtime/UnifiedRayTracing/Compute/ComputeRayTracingBackend.cs
 0.2 kb	 0.0% Packages/com.unity.render-pipelines.universal/Runtime/UniversalAdditionalLightData.cs
 0.2 kb	 0.0% Packages/com.unity.render-pipelines.universal/Runtime/Tiling/ReflectionProbeMinMaxZJob.cs
 0.2 kb	 0.0% Packages/com.unity.render-pipelines.universal/Runtime/Settings/URPShaderStrippingSetting.cs
 0.2 kb	 0.0% Packages/com.unity.render-pipelines.universal/Runtime/ScriptableRendererFeature.cs
 0.2 kb	 0.0% Packages/com.unity.render-pipelines.universal/Runtime/RendererFeatures/ScreenSpaceAmbientOcclusion.cs
 0.2 kb	 0.0% Packages/com.unity.render-pipelines.universal/Runtime/RenderTargetBufferSystem.cs
 0.2 kb	 0.0% Packages/com.unity.render-pipelines.universal/Runtime/RenderPipelineResources/UniversalRendererResources.cs
 0.2 kb	 0.0% Packages/com.unity.render-pipelines.universal/Runtime/Overrides/ShadowsMidtonesHighlights.cs
 0.2 kb	 0.0% Packages/com.unity.render-pipelines.universal/Runtime/FrameData/UniversalPostProcessingData.cs
 0.2 kb	 0.0% Packages/com.unity.render-pipelines.universal/Runtime/Decal/ScreenSpace/DecalScreenSpaceRenderPass.cs
 0.2 kb	 0.0% Packages/com.unity.render-pipelines.universal/Runtime/Decal/Entities/DecalCreateDrawCallSystem.cs
 0.2 kb	 0.0% Packages/com.unity.render-pipelines.universal/Runtime/Debug/DebugDisplaySettingsMaterial.cs
 0.2 kb	 0.0% Packages/com.unity.render-pipelines.universal/Runtime/Debug/DebugDisplaySettingsLighting.cs
 0.2 kb	 0.0% Packages/com.unity.render-pipelines.universal/Runtime/Debug/DebugDisplaySettingsCommon.cs
 0.2 kb	 0.0% Packages/com.unity.render-pipelines.universal/Runtime/Data/UniversalRenderPipelineAsset.cs
 0.2 kb	 0.0% Packages/com.unity.render-pipelines.core/Runtime/RenderGraph/RenderGraphResourceRendererList.cs
 0.2 kb	 0.0% Packages/com.unity.render-pipelines.core/Runtime/RenderGraph/Compiler/PassesData.cs
 0.2 kb	 0.0% Packages/com.unity.render-pipelines.core/Runtime/GPUDriven/OccluderDepthPyramidConstants.cs
 0.2 kb	 0.0% Packages/com.unity.render-pipelines.core/Runtime/GPUDriven/Debug/DebugDisplayGPUResidentDrawer.cs
 0.2 kb	 0.0% Packages/com.unity.collections/Unity.Collections/GenerateTestsForBurstCompatibilityAttribute.cs
 0.2 kb	 0.0% Packages/com.unity.addressables/Runtime/Initialization/AddressablesRuntimeProperties.cs
 0.2 kb	 0.0% Packages/com.nianticspatial.nsdk/Runtime/Subsystems/DeviceMapping/NsdkDeviceMappingSubsystem.cs
 0.2 kb	 0.0% Packages/com.nianticspatial.nsdk/Runtime/Subsystems/Camera/NsdkXRCameraSubsystemProvider.cs
 0.2 kb	 0.0% Packages/com.unity.xr.openxr/Runtime/NativeTypes/XR_EXT_spatial_plane_tracking/Structs/XrSpatialComponentPolygon2DListEXT.cs
 0.2 kb	 0.0% Packages/com.unity.xr.openxr/Runtime/NativeTypes/XR_EXT_spatial_persistence_operations/Structs/XrPersistSpatialEntityCompletionEXT.cs
 0.2 kb	 0.0% Packages/com.unity.xr.openxr/Runtime/NativeTypes/XR_EXT_spatial_persistence/Structs/XrSpatialContextPersistenceConfigEXT.cs
 0.2 kb	 0.0% Packages/com.unity.xr.openxr/Runtime/NativeTypes/XR_EXT_spatial_persistence/Structs/XrSpatialComponentPersistenceListEXT.cs
 0.2 kb	 0.0% Packages/com.unity.xr.openxr/Runtime/NativeTypes/XR_EXT_spatial_marker_tracking/Structs/XrSpatialMarkerStaticOptimizationEXT.cs
 0.2 kb	 0.0% Packages/com.unity.xr.openxr/Runtime/NativeTypes/XR_EXT_spatial_entity/Structs/XrSpatialUpdateSnapshotCreateInfoEXT.cs
 0.2 kb	 0.0% Packages/com.unity.xr.openxr/Runtime/NativeTypes/XR_EXT_spatial_entity/Structs/XrSpatialEntityFromIdCreateInfoEXT.cs
 0.2 kb	 0.0% Packages/com.unity.xr.openxr/Runtime/NativeTypes/XR_EXT_spatial_entity/Structs/XrSpatialComponentDataQueryResultEXT.cs
 0.2 kb	 0.0% Packages/com.unity.xr.openxr/Runtime/NativeTypes/XR_EXT_spatial_entity/Structs/XrSpatialCapabilityComponentTypesEXT.cs
 0.2 kb	 0.0% Packages/com.unity.xr.openxr/Runtime/NativeTypes/XR_EXT_spatial_entity/Structs/XrCreateSpatialContextCompletionEXT.cs
 0.2 kb	 0.0% Packages/com.unity.xr.openxr/Runtime/NativeTypes/XR_EXT_spatial_entity/Structs/Components/XrSpatialComponentBounded3DListEXT.cs
 0.2 kb	 0.0% Packages/com.unity.xr.openxr/Runtime/NativeTypes/XR_EXT_spatial_entity/Structs/Components/XrSpatialComponentBounded2DListEXT.cs
 0.2 kb	 0.0% Packages/com.unity.xr.openxr/Runtime/MetaQuest/MetaQuestFeature.cs
 0.2 kb	 0.0% Packages/com.unity.xr.openxr/Runtime/Features/Interactions/MicrosoftMotionControllerProfile.cs
 0.2 kb	 0.0% Packages/com.unity.xr.arfoundation/Runtime/ARSubsystems/ObjectTrackingSubsystem/XRObjectTrackingSubsystemDescriptor.cs
 0.2 kb	 0.0% Packages/com.unity.xr.arfoundation/Runtime/ARSubsystems/ImageTrackingSubsystem/XRImageTrackingSubsystemDescriptor.cs
 0.2 kb	 0.0% Packages/com.unity.xr.arfoundation/Runtime/ARSubsystems/ImageTrackingSubsystem/MutableRuntimeReferenceImageLibrary.cs
 0.2 kb	 0.0% Packages/com.unity.xr.arfoundation/Runtime/ARSubsystems/CameraSubsystem/XRCameraBackgroundRenderingParams.cs
 0.2 kb	 0.0% Packages/com.unity.xr.arfoundation/Runtime/ARFoundation/Deprecated/ARHumanBodiesChangedEventArgs.deprecated.cs
 0.2 kb	 0.0% Packages/com.unity.xr.arfoundation/Runtime/ARFoundation/CameraBackgroundRenderingMode.cs
 0.2 kb	 0.0% Packages/com.unity.scriptablebuildpipeline/Runtime/CompatibilityAssetBundleManifest.cs
 0.2 kb	 0.0% Packages/com.unity.render-pipelines.universal/Runtime/UniversalRenderPipelineCore.cs
 0.2 kb	 0.0% Packages/com.unity.render-pipelines.universal/Runtime/FrameData/UniversalResourceBase.cs
 0.2 kb	 0.0% Packages/com.unity.render-pipelines.universal/Runtime/2D/Shadows/ShadowProvider/ShadowShape2DProvider.cs
 0.2 kb	 0.0% Packages/com.unity.render-pipelines.universal/Runtime/2D/Shadows/CompositeShadowCaster2D.cs
 0.2 kb	 0.0% Packages/com.unity.render-pipelines.core/Runtime/Utilities/CoreRenderPipelinePreferences.cs
 0.2 kb	 0.0% Packages/com.unity.render-pipelines.core/Runtime/Settings/IDefaultVolumeProfileSettings.cs
 0.2 kb	 0.0% Packages/com.unity.render-pipelines.core/Runtime/RenderGraph/RenderGraphResourcePool.cs
 0.2 kb	 0.0% Packages/com.unity.render-pipelines.core/Runtime/RenderGraph/RenderGraphObjectPool.cs
 0.2 kb	 0.0% Packages/com.unity.render-pipelines.core/Runtime/RenderGraph/Debug/RenderGraphDebugParams.cs
 0.2 kb	 0.0% Packages/com.unity.render-pipelines.core/Runtime/RenderGraph/Debug/DebugDisplaySettingsRenderGraph.cs
 0.2 kb	 0.0% Packages/com.unity.render-pipelines.core/Runtime/Lighting/ProbeVolume/ProbeVolumeBakingProcessSettings.cs
 0.2 kb	 0.0% Packages/com.unity.render-pipelines.core/Runtime/Debugging/Prefabs/Scripts/DebugUIHandlerPersistentCanvas.cs
 0.2 kb	 0.0% Packages/com.unity.render-pipelines.core/Runtime/Debugging/Prefabs/Scripts/DebugUIHandlerObjectPopupField.cs
 0.2 kb	 0.0% Packages/com.unity.render-pipelines.core/Runtime/Debugging/Prefabs/Scripts/DebugUIHandlerIndirectFloatField.cs
 0.2 kb	 0.0% Packages/com.unity.render-pipelines.core/Runtime/Debugging/DebugDisplaySettingsHDROutput.cs
 0.2 kb	 0.0% Packages/com.unity.render-pipelines.core/Runtime/Common/GlobalDynamicResolutionSettings.cs
 0.2 kb	 0.0% Packages/com.unity.inputsystem/InputSystem/Editor/UITKAssetEditor/Views/CompositePartBindingPropertiesView.cs
 0.2 kb	 0.0% Packages/com.unity.inputsystem/InputSystem/Editor/UITKAssetEditor/Views/CollectionViewSelectionChangeFilter.cs
 0.2 kb	 0.0% Packages/com.unity.inputsystem/InputSystem/Editor/UITKAssetEditor/InputActionsEditorSettingsProvider.cs
 0.2 kb	 0.0% Packages/com.unity.inputsystem/InputSystem/Editor/PropertyDrawers/InputActionReferenceSearchProviders.cs
 0.2 kb	 0.0% Packages/com.unity.inputsystem/InputSystem/Editor/PropertyDrawers/InputActionReferencePropertyDrawer.cs
 0.2 kb	 0.0% Packages/com.unity.inputsystem/InputSystem/Editor/Analytics/InputActionsEditorSessionAnalytic.cs
 0.2 kb	 0.0% Packages/com.unity.inputsystem/InputSystem/Devices/Commands/QueryEditorWindowCoordinatesCommand.cs
 0.2 kb	 0.0% Packages/com.unity.inputsystem/InputSystem/Devices/Commands/InitiateUserAccountPairingCommand.cs
 0.2 kb	 0.0% Packages/com.unity.addressables/Runtime/ResourceManager/ResourceProviders/Simulation/VirtualAssetBundle.cs
 0.2 kb	 0.0% Packages/com.nianticspatial.nsdk/Runtime/Subsystems/XR/XRVps2Subsystem/XRVps2LocalizationRequestRecord.cs
 0.2 kb	 0.0% Packages/com.nianticspatial.nsdk/Runtime/Subsystems/XR/XRScanning/XRScanningSubsystemDescriptor.cs
 0.2 kb	 0.0% Packages/com.nianticspatial.nsdk/Runtime/Subsystems/Playback/ScreenOrientationFromPose.cs
 0.2 kb	 0.0% Packages/com.nianticspatial.nsdk/Runtime/Subsystems/Playback/NsdkPlaybackSessionSubsystem.cs
 0.2 kb	 0.0% Packages/com.nianticspatial.nsdk/Runtime/Subsystems/Playback/NsdkPlaybackInputProvider.cs
 0.2 kb	 0.0% Packages/com.nianticspatial.nsdk/Runtime/Subsystems/Playback/NsdkPlaybackCameraSubsystem.cs
 0.2 kb	 0.0% Packages/com.unity.xr.openxr/Runtime/RuntimeDebugger/DebuggerState.cs
 0.2 kb	 0.0% Packages/com.unity.xr.openxr/Runtime/Features/AutomaticDynamicResolutionFeature.cs
 0.2 kb	 0.0% Packages/com.unity.xr.arfoundation/Runtime/InternalUtils/TextureExtensions.cs
 0.2 kb	 0.0% Packages/com.unity.xr.arfoundation/Runtime/InternalUtils/ObjectPoolCreateUtil.cs
 0.2 kb	 0.0% Packages/com.unity.xr.arfoundation/Runtime/ARSubsystems/PointCloudSubsystem/XRDepthSubsystemDescriptor.deprecated.cs
 0.2 kb	 0.0% Packages/com.unity.xr.arfoundation/Runtime/ARFoundation/Deprecated/ARPointCloudChangedEventArgs.deprecated.cs
 0.2 kb	 0.0% Packages/com.unity.xr.arcore/Runtime/ARCoreBeforeSetConfigurationEventArgs.cs
 0.2 kb	 0.0% Packages/com.unity.rendering.light-transport/Runtime/UnifiedRayTracing/RayTracingResources.cs
 0.2 kb	 0.0% Packages/com.unity.rendering.light-transport/Runtime/UnifiedRayTracing/RayTracingContext.cs
 0.2 kb	 0.0% Packages/com.unity.rendering.light-transport/Runtime/UnifiedRayTracing/IRayTracingShader.cs
 0.2 kb	 0.0% Packages/com.unity.rendering.light-transport/Runtime/UnifiedRayTracing/IRayTracingBackend.cs
 0.2 kb	 0.0% Packages/com.unity.rendering.light-transport/Runtime/UnifiedRayTracing/Compute/BLASPositionsPool.cs
 0.2 kb	 0.0% Packages/com.unity.rendering.light-transport/Runtime/UnifiedRayTracing/Common/GeometryPool/GeometryPoolDefs.cs
 0.2 kb	 0.0% Packages/com.unity.rendering.light-transport/Runtime/UnifiedRayTracing/Common/AccelStructInstances.cs
 0.2 kb	 0.0% Packages/com.unity.rendering.light-transport/Runtime/UnifiedRayTracing/Common/AccelStructAdapter.cs
 0.2 kb	 0.0% Packages/com.unity.render-pipelines.universal/Runtime/UniversalRendererRenderGraph.cs
 0.2 kb	 0.0% Packages/com.unity.render-pipelines.universal/Runtime/UniversalRendererData.cs
 0.2 kb	 0.0% Packages/com.unity.render-pipelines.universal/Runtime/UniversalRenderPipeline.cs
 0.2 kb	 0.0% Packages/com.unity.render-pipelines.universal/Runtime/UniversalCameraHistory.cs
 0.2 kb	 0.0% Packages/com.unity.render-pipelines.universal/Runtime/Tiling/TileRangeExpansionJob.cs
 0.2 kb	 0.0% Packages/com.unity.render-pipelines.universal/Runtime/SupportedOnRenderer.cs
 0.2 kb	 0.0% Packages/com.unity.render-pipelines.universal/Runtime/ScriptableRendererData.cs
 0.2 kb	 0.0% Packages/com.unity.render-pipelines.universal/Runtime/RendererFeatures/FullScreenPassRendererFeature_OldGUID.cs
 0.2 kb	 0.0% Packages/com.unity.render-pipelines.universal/Runtime/ReflectionProbeManager.cs
 0.2 kb	 0.0% Packages/com.unity.render-pipelines.universal/Runtime/Passes/TransparentSettingsPass.cs
 0.2 kb	 0.0% Packages/com.unity.render-pipelines.universal/Runtime/Passes/MotionVectorRenderPass.cs
 0.2 kb	 0.0% Packages/com.unity.render-pipelines.universal/Runtime/Passes/DrawScreenSpaceUIPass.cs
 0.2 kb	 0.0% Packages/com.unity.render-pipelines.universal/Runtime/Passes/DepthNormalOnlyPass.cs
 0.2 kb	 0.0% Packages/com.unity.render-pipelines.universal/Runtime/Passes/ColorGradingLutPass.cs
 0.2 kb	 0.0% Packages/com.unity.render-pipelines.universal/Runtime/NormalReconstruction.cs
 0.2 kb	 0.0% Packages/com.unity.render-pipelines.universal/Runtime/FrameData/UniversalResourceData.cs
 0.2 kb	 0.0% Packages/com.unity.render-pipelines.universal/Runtime/FrameData/UniversalRenderingData.cs
 0.2 kb	 0.0% Packages/com.unity.render-pipelines.universal/Runtime/FrameData/Universal2DResourceData.cs
 0.2 kb	 0.0% Packages/com.unity.render-pipelines.universal/Runtime/Decal/ScreenSpace/DecalGBufferRenderPass.cs
 0.2 kb	 0.0% Packages/com.unity.render-pipelines.universal/Runtime/Decal/Entities/DecalUpdateCulledSystem.cs
 0.2 kb	 0.0% Packages/com.unity.render-pipelines.universal/Runtime/Decal/Entities/DecalUpdateCachedSystem.cs
 0.2 kb	 0.0% Packages/com.unity.render-pipelines.universal/Runtime/Decal/Entities/DecalSkipCulledSystem.cs
 0.2 kb	 0.0% Packages/com.unity.render-pipelines.universal/Runtime/Decal/DBuffer/DecalForwardEmissivePass.cs
 0.2 kb	 0.0% Packages/com.unity.render-pipelines.core/Runtime/XR/XRBuiltinShaderConstants.cs
 0.2 kb	 0.0% Packages/com.unity.render-pipelines.core/Runtime/Settings/IDefaultVolumeProfileResource.cs
 0.2 kb	 0.0% Packages/com.unity.render-pipelines.core/Runtime/RenderGraph/RenderGraphResourceTexture.cs
 0.2 kb	 0.0% Packages/com.unity.render-pipelines.core/Runtime/RenderGraph/IRenderGraphBuilder.cs
 0.2 kb	 0.0% Packages/com.unity.render-pipelines.core/Runtime/GPUDriven/InstanceCullingBatcherBurst.cs
 0.2 kb	 0.0% Packages/com.unity.render-pipelines.core/Runtime/GPUDriven/IGPUResidentRenderPipeline.cs
 0.2 kb	 0.0% Packages/com.unity.render-pipelines.core/Runtime/GPUDriven/GPUResidentDrawerResources.cs
 0.2 kb	 0.0% Packages/com.unity.render-pipelines.core/Runtime/GPUDriven/Components/DisallowGPUDrivenRendering.cs
 0.2 kb	 0.0% Packages/com.unity.render-pipelines.core/Runtime-PrivateShared/AssemblyInfo.cs
 0.2 kb	 0.0% Packages/com.unity.inputsystem/InputSystem/Plugins/UI/StandaloneInputModuleEditor.cs
 0.2 kb	 0.0% Packages/com.unity.inputsystem/InputSystem/Plugins/UI/InputSystemUIInputModuleEditor.cs
 0.2 kb	 0.0% Packages/com.unity.animation.rigging/Runtime/AnimationJobs/MultiReferentialConstraintJob.cs
 0.2 kb	 0.0% Packages/com.unity.addressables/Runtime/ResourceManager/ResourceProviders/LegacyResourcesProvider.cs
 0.2 kb	 0.0% Packages/com.unity.addressables/Runtime/ResourceManager/ResourceProviders/AssetDatabaseProvider.cs
 0.2 kb	 0.0% Packages/com.unity.addressables/Runtime/ResourceManager/AsyncOperations/UnityWebRequestOperation.cs
 0.2 kb	 0.0% Packages/com.unity.addressables/Runtime/ResourceManager/AsyncOperations/ProviderOperation.cs
 0.2 kb	 0.0% Packages/com.unity.addressables/Runtime/Initialization/ResourceManagerRuntimeData.cs
 0.2 kb	 0.0% Packages/com.nianticspatial.nsdk/Runtime/NavigationMesh/NsdkNavMeshAgentPathRenderer.cs
 0.2 kb	 0.0% Packages/com.nianticspatial.nsdk/Runtime/ARFoundation/Overrides/SceneSegmentation/NsdkSceneSegmentationOverlay.cs
 0.2 kb	 0.0% Packages/com.nianticspatial.nsdk/Runtime/ARFoundation/Overrides/SceneSegmentation/ARSceneSegmentationManager.cs
 0.2 kb	 0.0% Packages/com.nianticspatial.nsdk/Runtime/ARFoundation/Overrides/Occlusion/URP/NsdkOcclusionExtensionFeature.cs
 0.1 kb	 0.0% Packages/com.unity.xr.openxr/Runtime/NativeTypes/XR_EXT_spatial_plane_tracking/Structs/XrSpatialComponentMesh2DListEXT.cs
 0.1 kb	 0.0% Packages/com.unity.xr.openxr/Runtime/NativeTypes/XR_EXT_spatial_persistence_operations/Structs/XrSpatialEntityUnpersistInfoEXT.cs
 0.1 kb	 0.0% Packages/com.unity.xr.openxr/Runtime/NativeTypes/XR_EXT_spatial_persistence_operations/Structs/XrSpatialEntityPersistInfoEXT.cs
 0.1 kb	 0.0% Packages/com.unity.xr.openxr/Runtime/NativeTypes/XR_EXT_spatial_marker_tracking/Structs/XrSpatialComponentMarkerListEXT.cs
 0.1 kb	 0.0% Packages/com.unity.xr.openxr/Runtime/NativeTypes/XR_EXT_spatial_entity/Structs/XrSpatialFilterTrackingStateEXT.cs
 0.1 kb	 0.0% Packages/com.unity.xr.openxr/Runtime/NativeTypes/XR_EXT_spatial_entity/Structs/XrSpatialContextCreateInfoEXT.cs
 0.1 kb	 0.0% Packages/com.unity.xr.openxr/Runtime/NativeTypes/XR_EXT_spatial_entity/Structs/Components/XrSpatialComponentParentListEXT.cs
 0.1 kb	 0.0% Packages/com.unity.xr.openxr/Runtime/NativeTypes/XR_EXT_spatial_entity/Structs/Components/XrSpatialComponentMesh3DListEXT.cs
 0.1 kb	 0.0% Packages/com.unity.xr.openxr/Runtime/NativeTypes/XR_EXT_spatial_entity/ISpatialCapabilityConfiguration.cs
 0.1 kb	 0.0% Packages/com.unity.xr.openxr/Runtime/NativeTypes/XR_EXT_spatial_anchor/Structs/XrSpatialComponentAnchorListEXT.cs
 0.1 kb	 0.0% Packages/com.unity.xr.openxr/Runtime/NativeTypes/XR_EXT_future/Structs/XrFutureCompletionBaseHeaderEXT.cs
 0.1 kb	 0.0% Packages/com.unity.xr.openxr/Runtime/Features/Interactions/ValveIndexControllerProfile.cs
 0.1 kb	 0.0% Packages/com.unity.xr.openxr/Runtime/Features/Interactions/OculusTouchControllerProfile.cs
 0.1 kb	 0.0% Packages/com.unity.xr.openxr/Runtime/Features/Interactions/KHRSimpleControllerProfile.cs
 0.1 kb	 0.0% Packages/com.unity.xr.openxr/Runtime/Features/Interactions/HandCommonPosesInteraction.cs
 0.1 kb	 0.0% Packages/com.unity.xr.openxr/Runtime/Features/Interactions/HPReverbG2ControllerProfile.cs
 0.1 kb	 0.0% Packages/com.unity.xr.arfoundation/Runtime/ARSubsystems/PointCloudSubsystem/XRPointCloudSubsystemDescriptor.cs
 0.1 kb	 0.0% Packages/com.unity.xr.arfoundation/Runtime/ARSubsystems/PlaneTracking/PlaneClassification.deprecated.cs
 0.1 kb	 0.0% Packages/com.unity.xr.arfoundation/Runtime/ARSubsystems/ParticipantSubsystem/XRParticipantSubsystemDescriptor.cs
 0.1 kb	 0.0% Packages/com.unity.xr.arfoundation/Runtime/ARSubsystems/OcclusionSubsystem/XROcclusionSubsystemDescriptor.cs
 0.1 kb	 0.0% Packages/com.unity.xr.arfoundation/Runtime/ARSubsystems/ImageTrackingSubsystem/AddReferenceImageJobStatus.cs
 0.1 kb	 0.0% Packages/com.unity.xr.arfoundation/Runtime/ARSubsystems/HumanBodySubsystem/XRHumanBodySubsystemDescriptor.cs
 0.1 kb	 0.0% Packages/com.unity.xr.arfoundation/Runtime/ARSubsystems/BoundingBoxSubsystem/XRBoundingBoxSubsystemDescriptor.cs
 0.1 kb	 0.0% Packages/com.unity.xr.arfoundation/Runtime/ARFoundation/PlaneDetectionModeMaskAttribute.cs
 0.1 kb	 0.0% Packages/com.unity.xr.arfoundation/Runtime/ARFoundation/Deprecated/ARAnchorsChangedEventArgs.deprecated.cs
 0.1 kb	 0.0% Packages/com.unity.xr.arfoundation/Runtime/ARFoundation/ARSessionStateChangedEventArgs.cs
 0.1 kb	 0.0% Packages/com.unity.xr.arfoundation/Runtime/ARFoundation/ARPointCloudParticleVisualizer.cs
 0.1 kb	 0.0% Packages/com.unity.xr.arfoundation/Runtime/ARFoundation/ARPlaneBoundaryChangedEventArgs.cs
 0.1 kb	 0.0% Packages/com.unity.render-pipelines.universal/Runtime/UniversalRendererDebug.cs
 0.1 kb	 0.0% Packages/com.unity.render-pipelines.universal/Runtime/Passes/PostProcessPassRenderGraph.cs
 0.1 kb	 0.0% Packages/com.unity.render-pipelines.universal/Runtime/MotionVectors.cs
 0.1 kb	 0.0% Packages/com.unity.render-pipelines.universal/Runtime/Decal/DecalDrawErrorRenderPass.cs
 0.1 kb	 0.0% Packages/com.unity.render-pipelines.universal/Runtime/2D/Shadows/ShadowProvider/ShapeProviderUtility.cs
 0.1 kb	 0.0% Packages/com.unity.render-pipelines.universal/Runtime/2D/Shadows/ShadowCasterGroup2D.cs
 0.1 kb	 0.0% Packages/com.unity.render-pipelines.universal/Runtime/2D/Rendergraph/GlobalPropertiesPass.cs
 0.1 kb	 0.0% Packages/com.unity.render-pipelines.universal/Runtime/2D/Rendergraph/DrawRenderer2DPass.cs
 0.1 kb	 0.0% Packages/com.unity.render-pipelines.universal/Runtime/2D/PixelPerfectCamera.cs
 0.1 kb	 0.0% Packages/com.unity.render-pipelines.universal/Runtime/2D/Passes/Utility/Light2DLookupTexture.cs
 0.1 kb	 0.0% Packages/com.unity.render-pipelines.universal/Runtime/2D/Passes/Render2DLightingPass.cs
 0.1 kb	 0.0% Packages/com.unity.render-pipelines.universal/Runtime/2D/Light2DCullResult.cs
 0.1 kb	 0.0% Packages/com.unity.render-pipelines.universal/Runtime/2D/Light2DBlendStyle.cs
 0.1 kb	 0.0% Packages/com.unity.render-pipelines.core/Runtime/Utilities/BatchRendererGroupGlobals.cs
 0.1 kb	 0.0% Packages/com.unity.render-pipelines.core/Runtime/Settings/IncludeRenderPipelineAsset.cs
 0.1 kb	 0.0% Packages/com.unity.render-pipelines.core/Runtime/STP/ISTPEnabledRenderPipeline.cs
 0.1 kb	 0.0% Packages/com.unity.render-pipelines.core/Runtime/RenderGraph/RenderGraphUtilsBlit.cs
 0.1 kb	 0.0% Packages/com.unity.render-pipelines.core/Runtime/RenderGraph/RenderGraphResourceBuffer.cs
 0.1 kb	 0.0% Packages/com.unity.render-pipelines.core/Runtime/RenderGraph/RenderGraphLogger.cs
 0.1 kb	 0.0% Packages/com.unity.render-pipelines.core/Runtime/RenderGraph/RenderGraphGlobalSettings.cs
 0.1 kb	 0.0% Packages/com.unity.render-pipelines.core/Runtime/RenderGraph/RenderGraphBuilders.cs
 0.1 kb	 0.0% Packages/com.unity.render-pipelines.core/Runtime/RenderGraph/RenderGraphBuilder.cs
 0.1 kb	 0.0% Packages/com.unity.render-pipelines.core/Runtime/RenderGraph/IRenderGraphRecorder.cs
 0.1 kb	 0.0% Packages/com.unity.render-pipelines.core/Runtime/Lighting/ProbeVolume/ShaderVariablesProbeVolumes.cs
 0.1 kb	 0.0% Packages/com.unity.render-pipelines.core/Runtime/Lighting/ProbeVolume/ProbeVolumeStreamableAsset.cs
 0.1 kb	 0.0% Packages/com.unity.render-pipelines.core/Runtime/Lighting/ProbeVolume/ProbeVolumeScratchBufferPool.cs
 0.1 kb	 0.0% Packages/com.unity.render-pipelines.core/Runtime/Lighting/ProbeVolume/ProbeVolumeGlobalSettings.cs
 0.1 kb	 0.0% Packages/com.unity.render-pipelines.core/Runtime/GPUDriven/InstanceData/InstanceWindDataUpdateDefs.cs
 0.1 kb	 0.0% Packages/com.unity.render-pipelines.core/Runtime/GPUDriven/InstanceData/InstanceTransformUpdateDefs.cs
 0.1 kb	 0.0% Packages/com.unity.render-pipelines.core/Runtime/GPUDriven/InstanceData/GPUInstanceDataUploader.cs
 0.1 kb	 0.0% Packages/com.unity.render-pipelines.core/Runtime/GPUDriven/GPUResidentDrawerTypes.cs
 0.1 kb	 0.0% Packages/com.unity.render-pipelines.core/Runtime/Debugging/Prefabs/Scripts/DebugUIHandlerToggleHistory.cs
 0.1 kb	 0.0% Packages/com.unity.render-pipelines.core/Runtime/Debugging/Prefabs/Scripts/DebugUIHandlerProgressBar.cs
 0.1 kb	 0.0% Packages/com.unity.render-pipelines.core/Runtime/Debugging/Prefabs/Scripts/DebugUIHandlerIndirectToggle.cs
 0.1 kb	 0.0% Packages/com.unity.render-pipelines.core/Runtime/Debugging/Prefabs/Scripts/DebugUIHandlerEnumHistory.cs
 0.1 kb	 0.0% Packages/com.unity.render-pipelines.core/Runtime/Debugging/IDebugDisplaySettingsQuery.cs
 0.1 kb	 0.0% Packages/com.unity.render-pipelines.core/Runtime/Debugging/IDebugDisplaySettingsPanel.cs
 0.1 kb	 0.0% Packages/com.unity.render-pipelines.core/Runtime/Debugging/IDebugDisplaySettingsData.cs
 0.1 kb	 0.0% Packages/com.unity.render-pipelines.core/Runtime/Debugging/DebugDisplaySettingsVolumes.cs
 0.1 kb	 0.0% Packages/com.unity.render-pipelines.core/Runtime/Debugging/DebugDisplaySettingsPanel.cs
 0.1 kb	 0.0% Packages/com.unity.inputsystem/InputSystem/Plugins/InputForUI/InputActionAssetVerifier.cs
 0.1 kb	 0.0% Packages/com.unity.inputsystem/InputSystem/Editor/UITKAssetEditor/Views/CompositeBindingPropertiesView.cs
 0.1 kb	 0.0% Packages/com.unity.inputsystem/InputSystem/Editor/UITKAssetEditor/InputActionsEditorWindowUtils.cs
 0.1 kb	 0.0% Packages/com.unity.inputsystem/InputSystem/Editor/PropertyDrawers/InputActionAssetSearchProvider.cs
 0.1 kb	 0.0% Packages/com.unity.inputsystem/InputSystem/Editor/ProjectWideActions/ProjectWideActionsBuildProvider.cs
 0.1 kb	 0.0% Packages/com.unity.inputsystem/InputSystem/Editor/Internal/SerializedPropertyLinqExtensions.cs
 0.1 kb	 0.0% Packages/com.unity.inputsystem/InputSystem/Editor/Internal/InputActionSerializationHelpers.cs
 0.1 kb	 0.0% Packages/com.unity.inputsystem/InputSystem/Editor/EditorInputControlLayoutCache.cs
 0.1 kb	 0.0% Packages/com.unity.inputsystem/InputSystem/Editor/ControlPicker/Layouts/TouchscreenControlPickerLayout.cs
 0.1 kb	 0.0% Packages/com.unity.inputsystem/InputSystem/Editor/ControlPicker/Layouts/DefaultInputControlPickerLayout.cs
 0.1 kb	 0.0% Packages/com.unity.inputsystem/InputSystem/Editor/Analytics/VirtualMouseInputEditorAnalytic.cs
 0.1 kb	 0.0% Packages/com.unity.inputsystem/InputSystem/Editor/Analytics/PlayerInputManagerEditorAnalytic.cs
 0.1 kb	 0.0% Packages/com.unity.inputsystem/InputSystem/Devices/Commands/QuerySamplingFrequencyCommand.cs
 0.1 kb	 0.0% Packages/com.unity.inputsystem/InputSystem/Devices/Commands/QueryPairedUserAccountCommand.cs
 0.1 kb	 0.0% Packages/com.unity.addressables/Runtime/ResourceProviders/ContentCatalogProvider.cs
 0.1 kb	 0.0% Packages/com.unity.addressables/Runtime/ResourceManager/Diagnostics/DiagnosticEventCollector.cs
 0.1 kb	 0.0% Packages/com.unity.addressables/Runtime/ResourceLocators/LegacyResourcesLocator.cs
 0.1 kb	 0.0% Packages/com.nianticspatial.nsdk/Runtime/Utilities/UnityAssets/ProjectBrowserUtilities.cs
 0.1 kb	 0.0% Packages/com.nianticspatial.nsdk/Runtime/Utilities/UnityAssets/AssetDatabaseUtilities.cs
 0.1 kb	 0.0% Packages/com.nianticspatial.nsdk/Runtime/Utilities/Preloading/ModelPreloaderFactory.cs
 0.1 kb	 0.0% Packages/com.nianticspatial.nsdk/Runtime/Subsystems/XR/XRVps2Subsystem/XRVps2SubsystemDescriptor.cs
 0.1 kb	 0.0% Packages/com.nianticspatial.nsdk/Runtime/Subsystems/XR/XRSceneSegmentationSubsystem/XRSceneSegmentationSubsystem.cs
 0.1 kb	 0.0% Packages/com.nianticspatial.nsdk/Runtime/Subsystems/XR/ISubsystemWithModelMetdata.cs
 0.1 kb	 0.0% Packages/com.nianticspatial.nsdk/Runtime/Subsystems/Scanning/NsdkScanningSubsystem.cs
 0.1 kb	 0.0% Packages/com.nianticspatial.nsdk/Runtime/Subsystems/Playback/PlaybackDatasetReader.cs
 0.1 kb	 0.0% Packages/com.nianticspatial.nsdk/Runtime/Subsystems/Playback/PlaybackDatasetLoader.cs
 0.1 kb	 0.0% Packages/com.nianticspatial.nsdk/Runtime/Subsystems/Occlusion/NsdkOcclusionSubsystem.cs
 0.1 kb	 0.0% Packages/com.nianticspatial.nsdk/Runtime/Mapping/Api/NativeMapStorageAccessApi.cs
 0.1 kb	 0.0% Packages/com.nianticspatial.nsdk/Runtime/ARFoundation/Overrides/PersistentAnchors/MeshDownload/Api/MeshDownloadRequestResponse.cs
 0.1 kb	 0.0% Packages/com.unity.xr.openxr/Runtime/TestTooling/MockOpenXREnvironment.cs
 0.1 kb	 0.0% Packages/com.unity.xr.legacyinputhelpers/Runtime/ArmModels/TransitionArmModel.cs
 0.1 kb	 0.0% Packages/com.unity.xr.arfoundation/Runtime/InternalUtils/XRManagerUtility.cs
 0.1 kb	 0.0% Packages/com.unity.xr.arfoundation/Runtime/InternalUtils/SubsystemUtils.cs
 0.1 kb	 0.0% Packages/com.unity.xr.arfoundation/Runtime/ARSubsystems/OcclusionSubsystem/HumanSegmentationStencilMode.cs
 0.1 kb	 0.0% Packages/com.unity.xr.arfoundation/Runtime/ARSubsystems/OcclusionSubsystem/HumanSegmentationDepthMode.cs
 0.1 kb	 0.0% Packages/com.unity.xr.arfoundation/Runtime/ARFoundation/Deprecated/ARPlanesChangedEventArgs.deprecated.cs
 0.1 kb	 0.0% Packages/com.unity.xr.arfoundation/Runtime/ARFoundation/Deprecated/ARFacesChangedEventArgs.deprecated.cs
 0.1 kb	 0.0% Packages/com.unity.rendering.light-transport/Runtime/UnifiedRayTracing/Compute/RadeonRays/HlbvhTopLevelBuilder.cs
 0.1 kb	 0.0% Packages/com.unity.rendering.light-transport/Runtime/UnifiedRayTracing/Common/Utilities/GraphicsHelpers.cs
 0.1 kb	 0.0% Packages/com.unity.rendering.light-transport/Runtime/UnifiedRayTracing/Common/Utilities/BlockAllocator.cs
 0.1 kb	 0.0% Packages/com.unity.rendering.light-transport/Runtime/UnifiedRayTracing/Common/Utilities/BackendHelpers.cs
 0.1 kb	 0.0% Packages/com.unity.rendering.light-transport/Runtime/UnifiedRayTracing/Common/TerrainToMesh.cs
 0.1 kb	 0.0% Packages/com.unity.rendering.light-transport/Runtime/Sampling/SamplingResources.cs
 0.1 kb	 0.0% Packages/com.unity.render-pipelines.universal/Runtime/XR/XRSystemUniversal.cs
 0.1 kb	 0.0% Packages/com.unity.render-pipelines.universal/Runtime/UniversalRenderer.cs
 0.1 kb	 0.0% Packages/com.unity.render-pipelines.universal/Runtime/SpaceFillingCurves.cs
 0.1 kb	 0.0% Packages/com.unity.render-pipelines.universal/Runtime/Settings/RenderGraphSettings.cs
 0.1 kb	 0.0% Packages/com.unity.render-pipelines.universal/Runtime/ScriptableRenderer.cs
 0.1 kb	 0.0% Packages/com.unity.render-pipelines.universal/Runtime/SceneViewDrawMode.cs
 0.1 kb	 0.0% Packages/com.unity.render-pipelines.universal/Runtime/RenderingLayerUtils.cs
 0.1 kb	 0.0% Packages/com.unity.render-pipelines.universal/Runtime/RendererFeatures/ScreenSpaceShadows.cs
 0.1 kb	 0.0% Packages/com.unity.render-pipelines.universal/Runtime/RendererFeatures/DecalRendererFeature.cs
 0.1 kb	 0.0% Packages/com.unity.render-pipelines.universal/Runtime/RenderTargetHandle.cs
 0.1 kb	 0.0% Packages/com.unity.render-pipelines.universal/Runtime/RenderPipelineResources/Renderer2DResources.cs
 0.1 kb	 0.0% Packages/com.unity.render-pipelines.universal/Runtime/PostProcessPasses.cs
 0.1 kb	 0.0% Packages/com.unity.render-pipelines.universal/Runtime/Passes/XROcclusionMeshPass.cs
 0.1 kb	 0.0% Packages/com.unity.render-pipelines.universal/Runtime/Passes/XRDepthMotionPass.cs
 0.1 kb	 0.0% Packages/com.unity.render-pipelines.universal/Runtime/Passes/ScriptableRenderPass.cs
 0.1 kb	 0.0% Packages/com.unity.render-pipelines.universal/Runtime/Passes/RenderObjectsPass.cs
 0.1 kb	 0.0% Packages/com.unity.render-pipelines.universal/Runtime/Passes/ProbeVolumeDebugPass.cs
 0.1 kb	 0.0% Packages/com.unity.render-pipelines.universal/Runtime/Passes/FinalBlitPass.cs
 0.1 kb	 0.0% Packages/com.unity.render-pipelines.universal/Runtime/Passes/DrawObjectsPass.cs
 0.1 kb	 0.0% Packages/com.unity.render-pipelines.universal/Runtime/Passes/DepthOnlyPass.cs
 0.1 kb	 0.0% Packages/com.unity.render-pipelines.universal/Runtime/Passes/CopyDepthPass.cs
 0.1 kb	 0.0% Packages/com.unity.render-pipelines.universal/Runtime/Passes/CopyColorPass.cs
 0.1 kb	 0.0% Packages/com.unity.render-pipelines.universal/Runtime/Overrides/ScreenSpaceLensFlare.cs
 0.1 kb	 0.0% Packages/com.unity.render-pipelines.universal/Runtime/Overrides/ChromaticAberration.cs
 0.1 kb	 0.0% Packages/com.unity.render-pipelines.universal/Runtime/LightCookieManager.cs
 0.1 kb	 0.0% Packages/com.unity.render-pipelines.universal/Runtime/History/SingleHistoryBase.cs
 0.1 kb	 0.0% Packages/com.unity.render-pipelines.universal/Runtime/FrameData/UniversalShadowData.cs
 0.1 kb	 0.0% Packages/com.unity.render-pipelines.universal/Runtime/FrameData/UniversalLightData.cs
 0.1 kb	 0.0% Packages/com.unity.render-pipelines.universal/Runtime/FrameData/UniversalCameraData.cs
 0.1 kb	 0.0% Packages/com.unity.render-pipelines.universal/Runtime/ForwardRendererData.cs
 0.1 kb	 0.0% Packages/com.unity.render-pipelines.universal/Runtime/ForwardLights.cs
 0.1 kb	 0.0% Packages/com.unity.render-pipelines.universal/Runtime/DeferredLights.cs
 0.1 kb	 0.0% Packages/com.unity.render-pipelines.universal/Runtime/Decal/Entities/DecalEntityManager.cs
 0.1 kb	 0.0% Packages/com.unity.render-pipelines.universal/Runtime/Decal/DecalShaderPassNames.cs
 0.1 kb	 0.0% Packages/com.unity.render-pipelines.universal/Runtime/Decal/DBuffer/DBufferRenderPass.cs
 0.1 kb	 0.0% Packages/com.unity.render-pipelines.universal/Runtime/Decal/DBuffer/DBufferDepthCopyPass.cs
 0.1 kb	 0.0% Packages/com.unity.render-pipelines.universal/Runtime/2D/Rendergraph/Renderer2DRendergraph.cs
 0.1 kb	 0.0% Packages/com.unity.render-pipelines.core/Runtime/RenderGraph/RenderGraphResources.cs
 0.1 kb	 0.0% Packages/com.unity.render-pipelines.core/Runtime/RenderGraph/RenderGraph.DebugData.cs
 0.1 kb	 0.0% Packages/com.unity.render-pipelines.core/Runtime/Lighting/ProbeVolume/ProbeReferenceVolume.Streaming.cs
 0.1 kb	 0.0% Packages/com.unity.render-pipelines.core/Runtime/Lighting/ProbeVolume/ProbeReferenceVolume.Debug.cs
 0.1 kb	 0.0% Packages/com.unity.render-pipelines.core/Runtime/GPUDriven/Utilities/ParallelSortExtensions.cs
 0.1 kb	 0.0% Packages/com.unity.render-pipelines.core/Runtime/GPUDriven/RenderersBatchersContext.cs
 0.1 kb	 0.0% Packages/com.unity.render-pipelines.core/Runtime/GPUDriven/OcclusionCullingCommon.cs
 0.1 kb	 0.0% Packages/com.unity.render-pipelines.core/Runtime/GPUDriven/LODGroupRenderingUtils.cs
 0.1 kb	 0.0% Packages/com.unity.render-pipelines.core/Runtime/GPUDriven/LODGroupDataPoolBurst.cs
 0.1 kb	 0.0% Packages/com.unity.render-pipelines.core/Runtime/GPUDriven/InstanceData/InstanceDataSystemBurst.cs
 0.1 kb	 0.0% Packages/com.unity.render-pipelines.core/Runtime/GPUDriven/InstanceData/GPUInstanceDataBuffer.cs
 0.1 kb	 0.0% Packages/com.unity.render-pipelines.core/Runtime/GPUDriven/InstanceCullingBatcher.cs
 0.1 kb	 0.0% Packages/com.unity.render-pipelines.core/Runtime/GPUDriven/GPUResidentDrawerDebug.cs
 0.1 kb	 0.0% Packages/com.unity.render-pipelines.core/Runtime/GPUDriven/GPUResidentDrawerBurst.cs
 0.1 kb	 0.0% Packages/com.unity.render-pipelines.core/Runtime/GPUDriven/GPUResidentDrawer.Validator.cs
 0.1 kb	 0.0% Packages/com.unity.render-pipelines.core/Runtime/GPUDriven/GPUResidentBatcher.SpeedTree.cs
 0.1 kb	 0.0% Packages/com.unity.render-pipelines.core/Runtime/GPUDriven/Components/DisallowSmallMeshCulling.cs
 0.1 kb	 0.0% Packages/com.unity.inputsystem/InputSystem/Utilities/DisplayStringFormatAttribute.cs
 0.1 kb	 0.0% Packages/com.unity.inputsystem/InputSystem/Plugins/XR/Haptics/SendBufferedHapticsCommand.cs
 0.1 kb	 0.0% Packages/com.unity.inputsystem/InputSystem/Plugins/XR/Haptics/GetHapticCapabilitiesCommand.cs
 0.1 kb	 0.0% Packages/com.unity.inputsystem/InputSystem/Plugins/XR/Haptics/GetCurrentHapticStateCommand.cs
 0.1 kb	 0.0% Packages/com.unity.inputsystem/InputSystem/Plugins/Android/AndroidGameController.cs
 0.1 kb	 0.0% Packages/com.unity.inputsystem/InputSystem/Controls/Processors/NormalizeVector3Processor.cs
 0.1 kb	 0.0% Packages/com.unity.inputsystem/InputSystem/Controls/Processors/NormalizeVector2Processor.cs
 0.1 kb	 0.0% Packages/com.unity.inputsystem/InputSystem/Controls/Processors/EditorWindowSpaceProcessor.cs
 0.1 kb	 0.0% Packages/com.unity.inputsystem/InputSystem/Controls/Processors/CompensateRotationProcessor.cs
 0.1 kb	 0.0% Packages/com.unity.inputsystem/InputSystem/Controls/Processors/CompensateDirectionProcessor.cs
 0.1 kb	 0.0% Packages/com.unity.collections/Unity.Collections/UnsafeParallelHashSetExtensions.gen.cs
 0.1 kb	 0.0% Packages/com.unity.collections/Unity.Collections/UnsafeParallelHashMap.cs
 0.1 kb	 0.0% Packages/com.unity.animation.rigging/Runtime/Attributes/SyncSceneToStreamAttribute.cs
 0.1 kb	 0.0% Packages/com.unity.animation.rigging/Runtime/AnimationRig/Constraints/MultiReferentialConstraint.cs
 0.1 kb	 0.0% Packages/com.unity.animation.rigging/Runtime/AnimationJobs/WeightedTransformArrayBinder.cs
 0.1 kb	 0.0% Packages/com.unity.animation.rigging/Runtime/AnimationJobs/MultiRotationConstraintJob.cs
 0.1 kb	 0.0% Packages/com.unity.animation.rigging/Runtime/AnimationJobs/MultiPositionConstraintJob.cs
 0.1 kb	 0.0% Packages/com.unity.animation.rigging/DocCodeExamples/CustomRigBuilderEvaluator.cs
 0.1 kb	 0.0% Packages/com.unity.animation.rigging/DocCodeExamples/CustomPlayableGraphEvaluator.cs
 0.1 kb	 0.0% Packages/com.unity.addressables/Runtime/ResourceManager/ResourceProviders/ResourceProviderBase.cs
 0.1 kb	 0.0% Packages/com.unity.addressables/Runtime/ResourceManager/ResourceProviders/JSONAssetProvider.cs
 0.1 kb	 0.0% Packages/com.unity.addressables/Runtime/ResourceManager/ResourceProviders/IResourceProvider.cs
 0.1 kb	 0.0% Packages/com.unity.addressables/Runtime/ResourceManager/ResourceProviders/IInstanceProvider.cs
 0.1 kb	 0.0% Packages/com.unity.addressables/Runtime/ResourceManager/ResourceProviders/BundledAssetProvider.cs
 0.1 kb	 0.0% Packages/com.unity.addressables/Runtime/ResourceManager/ResourceProviders/BinaryDataProvider.cs
 0.1 kb	 0.0% Packages/com.unity.addressables/Runtime/ResourceManager/ResourceProviders/AtlasSpriteProvider.cs
 0.1 kb	 0.0% Packages/com.unity.addressables/Runtime/ResourceManager/ResourceProviders/AssetBundleProvider.cs
 0.1 kb	 0.0% Packages/com.unity.addressables/Runtime/ResourceManager/ResourceLocations/ResourceLocationBase.cs
 0.1 kb	 0.0% Packages/com.unity.addressables/Runtime/ResourceManager/ResourceLocations/IResourceLocation.cs
 0.1 kb	 0.0% Packages/com.unity.addressables/Runtime/ResourceManager/ResourceLocations/ILocationSizeData.cs
 0.1 kb	 0.0% Packages/com.unity.addressables/Runtime/ResourceManager/AsyncOperations/AsyncOperationHandle.cs
 0.1 kb	 0.0% Packages/com.unity.addressables/Runtime/Initialization/InitializationOperation.cs
 0.1 kb	 0.0% Packages/com.nianticspatial.nsdk/Runtime/Utilities/MonoBehaviourEventDispatcher.cs
 0.1 kb	 0.0% Packages/com.nianticspatial.nsdk/Runtime/Utilities/Http/ResponseStatusTranslator.cs
 0.1 kb	 0.0% Packages/com.nianticspatial.nsdk/Runtime/Utilities/DeviceMapCompatibility/ARDeviceMapCompatibilityUtil.cs
 0.1 kb	 0.0% Packages/com.nianticspatial.nsdk/Runtime/Utilities/DeterministicPlayback/ComputeMonitor.cs
 0.1 kb	 0.0% Packages/com.nianticspatial.nsdk/Runtime/Telemetry/TelemetryPublishingNative.cs
 0.1 kb	 0.0% Packages/com.nianticspatial.nsdk/Runtime/ScanManagement/API/NativeScanArchiveBuilderApi.cs
 0.1 kb	 0.0% Packages/com.nianticspatial.nsdk/Runtime/Mapping/DeviceMapAccessController.cs
 0.1 kb	 0.0% Packages/com.nianticspatial.nsdk/Runtime/Loader/INsdkInternalLoaderSupport.cs
 0.1 kb	 0.0% Packages/com.unity.xr.openxr/Runtime/NativeTypes/XR_EXT_spatial_plane_tracking/Structs/XrSpatialPolygon2DDataEXT.cs
 0.1 kb	 0.0% Packages/com.unity.xr.openxr/Runtime/NativeTypes/XR_EXT_spatial_persistence/Structs/XrSpatialPersistenceDataEXT.cs
 0.1 kb	 0.0% Packages/com.unity.xr.openxr/Runtime/NativeTypes/XR_EXT_spatial_entity/Structs/XrSpatialBufferGetInfoEXT.cs
 0.1 kb	 0.0% Packages/com.unity.xr.openxr/Runtime/NativeTypes/XR_EXT_spatial_entity/Structs/Components/XrSpatialBounded2DDataEXT.cs
 0.1 kb	 0.0% Packages/com.unity.xr.openxr/Runtime/NativeTypes/XR_EXT_spatial_anchor/Structs/XrSpatialAnchorCreateInfoEXT.cs
 0.1 kb	 0.0% Packages/com.unity.xr.openxr/Runtime/Features/Interactions/MicrosoftHandInteraction.cs
 0.1 kb	 0.0% Packages/com.unity.xr.openxr/Runtime/Features/Interactions/HandInteractionProfile.cs
 0.1 kb	 0.0% Packages/com.unity.xr.openxr/Runtime/Features/Interactions/HTCViveControllerProfile.cs
 0.1 kb	 0.0% Packages/com.unity.xr.core-utils/Runtime/CapabilityProfile/Dictionary/CustomCapabilityKeyAttribute.cs
 0.1 kb	 0.0% Packages/com.unity.xr.arfoundation/Runtime/VisualScripting/Constants.cs
 0.1 kb	 0.0% Packages/com.unity.xr.arfoundation/Runtime/ARSubsystems/SessionSubsystem/XRSessionSubsystemDescriptor.cs
 0.1 kb	 0.0% Packages/com.unity.xr.arfoundation/Runtime/ARSubsystems/RaycastSubsystem/XRRaycastSubsystemDescriptor.cs
 0.1 kb	 0.0% Packages/com.unity.xr.arfoundation/Runtime/ARSubsystems/PlaneTracking/XRPlaneSubsystemDescriptor.cs
 0.1 kb	 0.0% Packages/com.unity.xr.arfoundation/Runtime/ARSubsystems/ObjectTrackingSubsystem/XRObjectTrackingSubsystem.cs
 0.1 kb	 0.0% Packages/com.unity.xr.arfoundation/Runtime/ARSubsystems/MarkerSubsystem/XRMarkerSubsystemDescriptor.cs
 0.1 kb	 0.0% Packages/com.unity.xr.arfoundation/Runtime/ARSubsystems/ImageTrackingSubsystem/RuntimeReferenceImageLibrary.cs
 0.1 kb	 0.0% Packages/com.unity.xr.arfoundation/Runtime/ARSubsystems/ImageTrackingSubsystem/AddReferenceImageJobState.cs
 0.1 kb	 0.0% Packages/com.unity.xr.arfoundation/Runtime/ARSubsystems/FaceSubsystem/XRFaceSubsystemDescriptor.cs
 0.1 kb	 0.0% Packages/com.unity.xr.arfoundation/Runtime/ARSubsystems/EnvironmentProbeSubsystem/XREnvironmentProbeSubsystem.cs
 0.1 kb	 0.0% Packages/com.unity.xr.arfoundation/Runtime/ARSubsystems/Configuration/DefaultConfigurationChooser.cs
 0.1 kb	 0.0% Packages/com.unity.xr.arfoundation/Runtime/ARSubsystems/CameraSubsystem/XRCameraSubsystemDescriptor.cs
 0.1 kb	 0.0% Packages/com.unity.xr.arfoundation/Runtime/ARSubsystems/AnchorSubsystem/XRAnchorSubsystemDescriptor.cs
 0.1 kb	 0.0% Packages/com.unity.xr.arfoundation/Runtime/ARFoundation/Textures/UpdatableRenderTextureRef.cs
 0.1 kb	 0.0% Packages/com.unity.xr.arfoundation/Runtime/ARFoundation/Textures/FixedLengthSwapchainStrategy.cs
 0.1 kb	 0.0% Packages/com.unity.xr.arfoundation/Runtime/ARFoundation/Occlusion/SoftOcclusionPreprocessor.cs
 0.1 kb	 0.0% Packages/com.unity.xr.arfoundation/Runtime/ARFoundation/Occlusion/AROcclusionSourceEventArgs.cs
 0.1 kb	 0.0% Packages/com.unity.xr.arfoundation/Runtime/ARFoundation/Occlusion/AROcclusionFrameEventArgs.cs
 0.1 kb	 0.0% Packages/com.unity.xr.arfoundation/Runtime/ARFoundation/Deprecated/ARPlaneMeshGenerators.deprecated.cs
 0.1 kb	 0.0% Packages/com.unity.xr.arfoundation/Runtime/ARFoundation/ARRaycastUpdatedEventArgs.cs
 0.1 kb	 0.0% Packages/com.unity.xr.arfoundation/Runtime/ARFoundation/ARPointCloudUpdatedEventArgs.cs
 0.1 kb	 0.0% Packages/com.unity.xr.arfoundation/Runtime/ARFoundation/ARPointCloudMeshVisualizer.cs
 0.1 kb	 0.0% Packages/com.unity.xr.arfoundation/Runtime/ARFoundation/ARMeshInfosChangedEventArgs.cs
 0.1 kb	 0.0% Packages/com.unity.xr.arfoundation/Runtime/ARFoundation/AREnvironmentProbeManager.cs
 0.1 kb	 0.0% Packages/com.unity.xr.arfoundation/Runtime/ARFoundation/ARBackgroundRendererFeature.cs
 0.1 kb	 0.0% Packages/com.unity.xr.arcore/Runtime/PointCloud/ARCoreXRPointCloudSubsystem.deprecated.cs
 0.1 kb	 0.0% Packages/com.unity.render-pipelines.universal/Runtime/RTHandleUtils.cs
 0.1 kb	 0.0% Packages/com.unity.render-pipelines.universal/Runtime/NativeRenderPass.cs
 0.1 kb	 0.0% Packages/com.unity.render-pipelines.universal/Runtime/2D/UTess2D/Tessellator.cs
 0.1 kb	 0.0% Packages/com.unity.render-pipelines.universal/Runtime/2D/UTess2D/PlanarGraph.cs
 0.1 kb	 0.0% Packages/com.unity.render-pipelines.universal/Runtime/2D/Shadows/ShadowRendering.cs
 0.1 kb	 0.0% Packages/com.unity.render-pipelines.universal/Runtime/2D/Shadows/ShadowProvider/ShadowUtility.cs
 0.1 kb	 0.0% Packages/com.unity.render-pipelines.universal/Runtime/2D/Shadows/ShadowProvider/ShadowShape2D.cs
 0.1 kb	 0.0% Packages/com.unity.render-pipelines.universal/Runtime/2D/Shadows/ShadowProvider/EdgeDictionary.cs
 0.1 kb	 0.0% Packages/com.unity.render-pipelines.universal/Runtime/2D/Shadows/ShadowCaster2D.cs
 0.1 kb	 0.0% Packages/com.unity.render-pipelines.universal/Runtime/2D/Rendergraph/DrawShadow2DPass.cs
 0.1 kb	 0.0% Packages/com.unity.render-pipelines.universal/Runtime/2D/Rendergraph/DrawNormal2DPass.cs
 0.1 kb	 0.0% Packages/com.unity.render-pipelines.universal/Runtime/2D/Rendergraph/DrawLight2DPass.cs
 0.1 kb	 0.0% Packages/com.unity.render-pipelines.universal/Runtime/2D/Renderer2DData.cs
 0.1 kb	 0.0% Packages/com.unity.render-pipelines.universal/Runtime/2D/Passes/Utility/RendererLighting.cs
 0.1 kb	 0.0% Packages/com.unity.render-pipelines.universal/Runtime/2D/Passes/IRenderPass2D.cs
 0.1 kb	 0.0% Packages/com.unity.render-pipelines.universal/Runtime/2D/Light2DManager.cs
 0.1 kb	 0.0% Packages/com.unity.render-pipelines.universal-config/Runtime/ShaderConfig.cs
 0.1 kb	 0.0% Packages/com.unity.render-pipelines.core/Runtime/XR/XRGraphicsAutomatedTests.cs
 0.1 kb	 0.0% Packages/com.unity.render-pipelines.core/Runtime/Textures/PowerOfTwoTextureAtlas.cs
 0.1 kb	 0.0% Packages/com.unity.render-pipelines.core/Runtime/Textures/BufferedRTHandleSystem.cs
 0.1 kb	 0.0% Packages/com.unity.render-pipelines.core/Runtime/Settings/ShaderStrippingSetting.cs
 0.1 kb	 0.0% Packages/com.unity.render-pipelines.core/Runtime/RenderPipeline/RenderPipelineResources.cs
 0.1 kb	 0.0% Packages/com.unity.render-pipelines.core/Runtime/RenderGraph/RenderGraphPass.cs
 0.1 kb	 0.0% Packages/com.unity.render-pipelines.core/Runtime/RenderGraph/RenderGraph.Compiler.cs
 0.1 kb	 0.0% Packages/com.unity.render-pipelines.core/Runtime/PostProcessing/LensFlareComponentSRP.cs
 0.1 kb	 0.0% Packages/com.unity.render-pipelines.core/Runtime/PostProcessing/IPostProcessComponent.cs
 0.1 kb	 0.0% Packages/com.unity.render-pipelines.core/Runtime/Lighting/ProbeVolume/ProbeVolumePositioning.cs
 0.1 kb	 0.0% Packages/com.unity.render-pipelines.core/Runtime/Lighting/ProbeVolume/ProbeVolumePerSceneData.cs
 0.1 kb	 0.0% Packages/com.unity.render-pipelines.core/Runtime/Lighting/ProbeVolume/ProbeReferenceVolume.Binding.cs
 0.1 kb	 0.0% Packages/com.unity.render-pipelines.core/Runtime/Lighting/ProbeVolume/ProbeAdjustmentVolume.cs
 0.1 kb	 0.0% Packages/com.unity.render-pipelines.core/Runtime/GPUDriven/InstanceOcclusionCuller.cs
 0.1 kb	 0.0% Packages/com.unity.render-pipelines.core/Runtime/GPUDriven/InstanceData/InstanceDataSystem.Jobs.cs
 0.1 kb	 0.0% Packages/com.unity.render-pipelines.core/Runtime/Debugging/ShaderDebugPrintManager.cs
 0.1 kb	 0.0% Packages/com.unity.render-pipelines.core/Runtime/Debugging/Prefabs/Scripts/DebugUIHandlerVector4.cs
 0.1 kb	 0.0% Packages/com.unity.render-pipelines.core/Runtime/Debugging/Prefabs/Scripts/DebugUIHandlerVector3.cs
 0.1 kb	 0.0% Packages/com.unity.render-pipelines.core/Runtime/Debugging/Prefabs/Scripts/DebugUIHandlerVector2.cs
 0.1 kb	 0.0% Packages/com.unity.render-pipelines.core/Runtime/Debugging/Prefabs/Scripts/DebugUIHandlerValueTuple.cs
 0.1 kb	 0.0% Packages/com.unity.render-pipelines.core/Runtime/Debugging/Prefabs/Scripts/DebugUIHandlerUIntField.cs
 0.1 kb	 0.0% Packages/com.unity.render-pipelines.core/Runtime/Debugging/Prefabs/Scripts/DebugUIHandlerObjectList.cs
 0.1 kb	 0.0% Packages/com.unity.render-pipelines.core/Runtime/Debugging/Prefabs/Scripts/DebugUIHandlerMessageBox.cs
 0.1 kb	 0.0% Packages/com.unity.render-pipelines.core/Runtime/Debugging/Prefabs/Scripts/DebugUIHandlerIntField.cs
 0.1 kb	 0.0% Packages/com.unity.render-pipelines.core/Runtime/Debugging/Prefabs/Scripts/DebugUIHandlerFoldout.cs
 0.1 kb	 0.0% Packages/com.unity.render-pipelines.core/Runtime/Debugging/Prefabs/Scripts/DebugUIHandlerFloatField.cs
 0.1 kb	 0.0% Packages/com.unity.render-pipelines.core/Runtime/Debugging/Prefabs/Scripts/DebugUIHandlerEnumField.cs
 0.1 kb	 0.0% Packages/com.unity.render-pipelines.core/Runtime/Debugging/Prefabs/Scripts/DebugUIHandlerContainer.cs
 0.1 kb	 0.0% Packages/com.unity.render-pipelines.core/Runtime/Debugging/Prefabs/Scripts/DebugUIHandlerBitField.cs
 0.1 kb	 0.0% Packages/com.unity.render-pipelines.core/Runtime/Debugging/IDebugDisplaySettings.cs
 0.1 kb	 0.0% Packages/com.unity.render-pipelines.core/Runtime/Debugging/DebugDisplaySettingsUI.cs
 0.1 kb	 0.0% Packages/com.unity.render-pipelines.core/Runtime/Common/RemoveRange.Extensions.cs
 0.1 kb	 0.0% Packages/com.unity.render-pipelines.core/Runtime/Common/DynamicResolutionHandler.cs
 0.1 kb	 0.0% Packages/com.unity.render-pipelines.core/Runtime/CommandBuffers/IComputeCommandBuffer.cs
 0.1 kb	 0.0% Packages/com.unity.render-pipelines.core/Runtime/Camera/CameraHistory.cs
 0.1 kb	 0.0% Packages/com.unity.inputsystem/InputSystem/State/IInputStateCallbackReceiver.cs
 0.1 kb	 0.0% Packages/com.unity.inputsystem/InputSystem/Plugins/InputForUI/InputSystemProvider.cs
 0.1 kb	 0.0% Packages/com.unity.inputsystem/InputSystem/Plugins/DualShock/DualShockGamepadHID.cs
 0.1 kb	 0.0% Packages/com.unity.inputsystem/InputSystem/Editor/UITKAssetEditor/Views/NameAndParametersListView.cs
 0.1 kb	 0.0% Packages/com.unity.inputsystem/InputSystem/Editor/UITKAssetEditor/Views/InputActionMapsTreeViewItem.cs
 0.1 kb	 0.0% Packages/com.unity.inputsystem/InputSystem/Editor/UITKAssetEditor/InputActionsEditorConstants.cs
 0.1 kb	 0.0% Packages/com.unity.inputsystem/InputSystem/Editor/Settings/InputSettingsBuildProvider.cs
 0.1 kb	 0.0% Packages/com.unity.inputsystem/InputSystem/Editor/Settings/EditorPlayerSettingHelpers.cs
 0.1 kb	 0.0% Packages/com.unity.inputsystem/InputSystem/Editor/PropertyDrawers/InputActionPropertyDrawer.cs
 0.1 kb	 0.0% Packages/com.unity.inputsystem/InputSystem/Editor/PropertyDrawers/GamepadButtonPropertyDrawer.cs
 0.1 kb	 0.0% Packages/com.unity.inputsystem/InputSystem/Editor/Internal/SerializedPropertyHelpers.cs
 0.1 kb	 0.0% Packages/com.unity.inputsystem/InputSystem/Editor/Internal/AdvancedDropdown/AdvancedDropdownDataSource.cs
 0.1 kb	 0.0% Packages/com.unity.inputsystem/InputSystem/Editor/Debugger/InputDeviceDebuggerWindow.cs
 0.1 kb	 0.0% Packages/com.unity.inputsystem/InputSystem/Editor/Debugger/InputActionDebuggerWindow.cs
 0.1 kb	 0.0% Packages/com.unity.inputsystem/InputSystem/Editor/ControlPicker/InputControlPickerDropdown.cs
 0.1 kb	 0.0% Packages/com.unity.inputsystem/InputSystem/Editor/ControlPicker/IInputControlPickerLayout.cs
 0.1 kb	 0.0% Packages/com.unity.inputsystem/InputSystem/Editor/AssetImporter/InputActionImporterEditor.cs
 0.1 kb	 0.0% Packages/com.unity.inputsystem/InputSystem/Editor/AssetImporter/InputActionAssetIconLoader.cs
 0.1 kb	 0.0% Packages/com.unity.inputsystem/InputSystem/Editor/AssetEditor/InputBindingPropertiesView.cs
 0.1 kb	 0.0% Packages/com.unity.inputsystem/InputSystem/Editor/AssetEditor/InputActionPropertiesView.cs
 0.1 kb	 0.0% Packages/com.unity.inputsystem/InputSystem/Editor/Analytics/PlayerInputEditorAnalytic.cs
 0.1 kb	 0.0% Packages/com.unity.inputsystem/InputSystem/Editor/Analytics/OnScreenStickEditorAnalytic.cs
 0.1 kb	 0.0% Packages/com.unity.inputsystem/InputSystem/Editor/Analytics/InputExitPlayModeAnalytic.cs
 0.1 kb	 0.0% Packages/com.unity.inputsystem/InputSystem/Editor/Analytics/InputComponentEditorAnalytic.cs
 0.1 kb	 0.0% Packages/com.unity.inputsystem/InputSystem/Devices/IInputUpdateCallbackReceiver.cs
 0.1 kb	 0.0% Packages/com.unity.inputsystem/InputSystem/Devices/Commands/SetSamplingFrequencyCommand.cs
 0.1 kb	 0.0% Packages/com.unity.inputsystem/InputSystem/Devices/Commands/SetIMECursorPositionCommand.cs
 0.1 kb	 0.0% Packages/com.unity.inputsystem/InputSystem/Devices/Commands/QueryKeyboardLayoutCommand.cs
 0.1 kb	 0.0% Packages/com.unity.inputsystem/InputSystem/Devices/Commands/EnableIMECompositionCommand.cs
 0.1 kb	 0.0% Packages/com.unity.inputsystem/InputSystem/Controls/InputControlLayoutAttribute.cs
 0.1 kb	 0.0% Packages/com.unity.inputsystem/InputSystem/Actions/InputActionRebindingExtensions.cs
 0.1 kb	 0.0% Packages/com.unity.collections/Unity.Collections/UnsafeNotBurstCompatible.cs
 0.1 kb	 0.0% Packages/com.unity.addressables/Runtime/Utility/SerializationUtilities.cs
 0.1 kb	 0.0% Packages/com.unity.addressables/Runtime/Utility/ResourceManagerEventCollector.cs
 0.1 kb	 0.0% Packages/com.unity.addressables/Runtime/ResourceManager/Util/UnityWebRequestUtilities.cs
 0.1 kb	 0.0% Packages/com.unity.addressables/Runtime/ResourceManager/Util/ResourceManagerConfig.cs
 0.1 kb	 0.0% Packages/com.unity.addressables/Runtime/ResourceLocators/ResourceLocationMap.cs
 0.1 kb	 0.0% Packages/com.unity.addressables/Runtime/ResourceLocators/ResourceLocationData.cs
 0.1 kb	 0.0% Packages/com.unity.addressables/Runtime/ResourceLocators/ContentCatalogData.cs
 0.1 kb	 0.0% Packages/com.unity.addressables/Runtime/Initialization/CleanBundleCacheOperation.cs
 0.1 kb	 0.0% Packages/com.nianticspatial.nsdk/Runtime/Utilities/Textures/NativeDataRepository.cs
 0.1 kb	 0.0% Packages/com.nianticspatial.nsdk/Runtime/Utilities/Textures/ExternalTextureUtils.cs
 0.1 kb	 0.0% Packages/com.nianticspatial.nsdk/Runtime/Utilities/Textures/BufferedTextureCache.cs
 0.1 kb	 0.0% Packages/com.nianticspatial.nsdk/Runtime/Utilities/Preloading/NativeModelPreloader.cs
 0.1 kb	 0.0% Packages/com.nianticspatial.nsdk/Runtime/Utilities/Attributes/ReadOnlyAttribute.cs
 0.1 kb	 0.0% Packages/com.nianticspatial.nsdk/Runtime/Subsystems/XR/XRScanning/XRScanningConfiguration.cs
 0.1 kb	 0.0% Packages/com.nianticspatial.nsdk/Runtime/Subsystems/XR/XRDeviceMappingSubsystem/XRDeviceMappingSubsystem.cs
 0.1 kb	 0.0% Packages/com.nianticspatial.nsdk/Runtime/Subsystems/Playback/IPlaybackDatasetUser.cs
 0.1 kb	 0.0% Packages/com.nianticspatial.nsdk/Runtime/Subsystems/Meshing/NsdkMeshingProvider.cs
 0.1 kb	 0.0% Packages/com.nianticspatial.nsdk/Runtime/Subsystems/Lightship/Input/NsdkInputProvider.cs
 0.1 kb	 0.0% Packages/com.nianticspatial.nsdk/Runtime/Auth/AuthRuntimeSettingsUpdater.cs
 0.1 kb	 0.0% Packages/com.nianticspatial.nsdk/Runtime/Auth/AuthRuntimeRefreshManager.cs
 0.1 kb	 0.0% Packages/com.nianticspatial.nsdk/Runtime/ARFoundation/Overrides/Occlusion/Extension/Features/OcclusionComponent.cs
 0.1 kb	 0.0% Assets/XR/XRGeneralSettingsPerBuildTarget.asset
 0.1 kb	 0.0% Packages/com.unity.xr.legacyinputhelpers/Runtime/ArmModels/SwingArmModel.cs
 0.1 kb	 0.0% Packages/com.unity.xr.core-utils/Runtime/Datums/AnimationCurveDatumProperty.cs
 0.1 kb	 0.0% Packages/com.unity.xr.core-utils/Runtime/Attributes/ScriptableSettingsPathAttribute.cs
 0.1 kb	 0.0% Packages/com.unity.xr.arfoundation/Runtime/InternalUtils/PoseUtils.cs
 0.1 kb	 0.0% Packages/com.unity.xr.arfoundation/Runtime/ARSubsystems/SessionSubsystem/SessionAvailability.cs
 0.1 kb	 0.0% Packages/com.unity.xr.arfoundation/Runtime/ARSubsystems/OcclusionSubsystem/EnvironmentDepthMode.cs
 0.1 kb	 0.0% Packages/com.unity.xr.arcore/Runtime/ARCoreImageStabilizationUtils.cs
 0.1 kb	 0.0% Packages/com.unity.xr.arcore/Runtime/ARCoreEnvironmentProbeSubsystem.cs
 0.1 kb	 0.0% Packages/com.unity.rendering.light-transport/Runtime/UnifiedRayTracing/Compute/RadeonRays/RestructureBvh.cs
 0.1 kb	 0.0% Packages/com.unity.rendering.light-transport/Runtime/UnifiedRayTracing/Compute/RadeonRays/RadeonRaysAPI.cs
 0.1 kb	 0.0% Packages/com.unity.rendering.light-transport/Runtime/UnifiedRayTracing/Common/GeometryPool/GeometryPool.cs
 0.1 kb	 0.0% Packages/com.unity.render-pipelines.universal/Textures/BayerMatrix.png
 0.1 kb	 0.0% Packages/com.unity.render-pipelines.universal/Runtime/XR/XRPassUniversal.cs
 0.1 kb	 0.0% Packages/com.unity.render-pipelines.universal/Runtime/Tiling/LightMinMaxZJob.cs
 0.1 kb	 0.0% Packages/com.unity.render-pipelines.universal/Runtime/Tiling/InclusiveRange.cs
 0.1 kb	 0.0% Packages/com.unity.render-pipelines.universal/Runtime/ShadowCulling.cs
 0.1 kb	 0.0% Packages/com.unity.render-pipelines.universal/Runtime/ShaderBitArray.cs
 0.1 kb	 0.0% Packages/com.unity.render-pipelines.universal/Runtime/RenderingUtils.cs
 0.1 kb	 0.0% Packages/com.unity.render-pipelines.universal/Runtime/RendererFeatures/RenderObjects.cs
 0.1 kb	 0.0% Packages/com.unity.render-pipelines.universal/Runtime/PostProcessUtils.cs
 0.1 kb	 0.0% Packages/com.unity.render-pipelines.universal/Runtime/Passes/PostProcessPass.cs
 0.1 kb	 0.0% Packages/com.unity.render-pipelines.universal/Runtime/Passes/HDRDebugViewPass.cs
 0.1 kb	 0.0% Packages/com.unity.render-pipelines.universal/Runtime/Passes/GBufferPass.cs
 0.1 kb	 0.0% Packages/com.unity.render-pipelines.universal/Runtime/Passes/DrawSkyboxPass.cs
 0.1 kb	 0.0% Packages/com.unity.render-pipelines.universal/Runtime/Passes/DeferredPass.cs
 0.1 kb	 0.0% Packages/com.unity.render-pipelines.universal/Runtime/Overrides/PaniniProjection.cs
 0.1 kb	 0.0% Packages/com.unity.render-pipelines.universal/Runtime/Overrides/LiftGammaGain.cs
 0.1 kb	 0.0% Packages/com.unity.render-pipelines.universal/Runtime/Overrides/LensDistortion.cs
 0.1 kb	 0.0% Packages/com.unity.render-pipelines.universal/Runtime/Overrides/ColorAdjustments.cs
 0.1 kb	 0.0% Packages/com.unity.render-pipelines.universal/Runtime/Memory/BuddyAllocator.cs
 0.1 kb	 0.0% Packages/com.unity.render-pipelines.universal/Runtime/History/RawDepthHistory.cs
 0.1 kb	 0.0% Packages/com.unity.render-pipelines.universal/Runtime/History/RawColorHistory.cs
 0.1 kb	 0.0% Packages/com.unity.render-pipelines.universal/Runtime/Documentation.cs
 0.1 kb	 0.0% Packages/com.unity.render-pipelines.universal/Runtime/Deprecated.cs
 0.1 kb	 0.0% Packages/com.unity.render-pipelines.universal/Runtime/Decal/Entities/DecalDrawSystem.cs
 0.1 kb	 0.0% Packages/com.unity.render-pipelines.universal/Runtime/Decal/DecalProjector.cs
 0.1 kb	 0.0% Packages/com.unity.render-pipelines.universal/Runtime/Decal/DecalPreviewPass.cs
 0.1 kb	 0.0% Packages/com.unity.render-pipelines.universal/Runtime/Debug/DebugRenderSetup.cs
 0.1 kb	 0.0% Packages/com.unity.render-pipelines.universal/Runtime/Data/RenderStateData.cs
 0.1 kb	 0.0% Packages/com.unity.render-pipelines.universal/Runtime/Data/PostProcessData.cs
 0.1 kb	 0.0% Packages/com.unity.render-pipelines.universal/Runtime/ComponentUtility.cs
 0.1 kb	 0.0% Packages/com.unity.render-pipelines.universal/Runtime/2D/Shadows/ShadowProvider/Providers/ShadowShapeProvider2D_Utility.cs
 0.1 kb	 0.0% Packages/com.unity.render-pipelines.core/Runtime/XR/XROcclusionMesh.cs
 0.1 kb	 0.0% Packages/com.unity.render-pipelines.core/Runtime/XR/XRLayoutStack.cs
 0.1 kb	 0.0% Packages/com.unity.render-pipelines.core/Runtime/Lighting/ProbeVolume/ProbeIndexOfIndices.cs
 0.1 kb	 0.0% Packages/com.unity.render-pipelines.core/Runtime/GPUDriven/RenderersParameters.cs
 0.1 kb	 0.0% Packages/com.unity.render-pipelines.core/Runtime/GPUDriven/InstanceData/InstanceDataSystem.cs
 0.1 kb	 0.0% Packages/com.unity.render-pipelines.core/Runtime/GPUDriven/InstanceData/InstanceAllocator.cs
 0.1 kb	 0.0% Packages/com.unity.render-pipelines.core/Runtime/GPUDriven/InstanceCullerBurst.cs
 0.1 kb	 0.0% Packages/com.unity.render-pipelines.core/Runtime/GPUDriven/GPUResidentDrawer.cs
 0.1 kb	 0.0% Packages/com.unity.render-pipelines.core/Runtime/GPUDriven/GPUResidentBatcher.cs
 0.1 kb	 0.0% Packages/com.unity.inputsystem/InputSystem/Utilities/Observables/ForDeviceEventObservable.cs
 0.1 kb	 0.0% Packages/com.unity.inputsystem/InputSystem/Plugins/XR/Haptics/SendHapticImpulseCommand.cs
 0.1 kb	 0.0% Packages/com.unity.inputsystem/InputSystem/Plugins/Android/AndroidSensors.cs
 0.1 kb	 0.0% Packages/com.unity.inputsystem/InputSystem/Editor/AssetEditor/NameAndParameterListView.cs
 0.1 kb	 0.0% Packages/com.unity.inputsystem/InputSystem/Controls/Processors/StickDeadzoneProcessor.cs
 0.1 kb	 0.0% Packages/com.unity.inputsystem/InputSystem/Controls/Processors/ScaleVector3Processor.cs
 0.1 kb	 0.0% Packages/com.unity.inputsystem/InputSystem/Controls/Processors/ScaleVector2Processor.cs
 0.1 kb	 0.0% Packages/com.unity.inputsystem/InputSystem/Controls/Processors/InvertVector3Processor.cs
 0.1 kb	 0.0% Packages/com.unity.inputsystem/InputSystem/Controls/Processors/InvertVector2Processor.cs
 0.1 kb	 0.0% Packages/com.unity.inputsystem/InputSystem/Controls/Processors/AxisDeadzoneProcessor.cs
 0.1 kb	 0.0% Packages/com.unity.inputsystem/InputSystem/Actions/Composites/TwoModifiersComposite.cs
 0.1 kb	 0.0% Packages/com.unity.inputsystem/InputSystem/Actions/Composites/ButtonWithTwoModifiers.cs
 0.1 kb	 0.0% Packages/com.unity.inputsystem/InputSystem/Actions/Composites/ButtonWithOneModifier.cs
 0.1 kb	 0.0% Packages/com.unity.collections/Unity.Collections/UnsafeScratchAllocator.cs
 0.1 kb	 0.0% Packages/com.unity.collections/Unity.Collections/NativeParallelHashMapExtensions.cs
 0.1 kb	 0.0% Packages/com.unity.cloud.gltfast/Runtime/Scripts/Export/GltfBuiltInShaderMaterialExporter.cs
 0.1 kb	 0.0% Packages/com.unity.cloud.gltfast/DocExamples/MultipleInstances.cs
 0.1 kb	 0.0% Packages/com.unity.cloud.gltfast/DocExamples/LoadGltfFromMemory.cs
 0.1 kb	 0.0% Packages/com.unity.animation.rigging/Runtime/Utils/AnimationRuntimeUtils.cs
 0.1 kb	 0.0% Packages/com.unity.animation.rigging/Runtime/Attributes/ExpandChildrenAttribute.cs
 0.1 kb	 0.0% Packages/com.unity.animation.rigging/Runtime/AnimationRig/WeightedTransformArray.cs
 0.1 kb	 0.0% Packages/com.unity.animation.rigging/Runtime/AnimationRig/SyncSceneToStreamLayer.cs
 0.1 kb	 0.0% Packages/com.unity.animation.rigging/Runtime/AnimationRig/Constraints/MultiRotationConstraint.cs
 0.1 kb	 0.0% Packages/com.unity.animation.rigging/Runtime/AnimationRig/Constraints/MultiPositionConstraint.cs
 0.1 kb	 0.0% Packages/com.unity.animation.rigging/Runtime/AnimationRig/Constraints/MultiParentConstraint.cs
 0.1 kb	 0.0% Packages/com.unity.animation.rigging/Runtime/AnimationJobs/TwoBoneIKConstraintJob.cs
 0.1 kb	 0.0% Packages/com.unity.animation.rigging/Runtime/AnimationJobs/TwistChainConstraintJob.cs
 0.1 kb	 0.0% Packages/com.unity.animation.rigging/Runtime/AnimationJobs/RigSyncSceneToStreamJob.cs
 0.1 kb	 0.0% Packages/com.unity.animation.rigging/Runtime/AnimationJobs/MultiParentConstraintJob.cs
 0.1 kb	 0.0% Packages/com.unity.animation.rigging/Runtime/AnimationJobs/MultiAimConstraintJob.cs
 0.1 kb	 0.0% Packages/com.unity.animation.rigging/Runtime/AnimationJobs/IWeightedAnimationJob.cs
 0.1 kb	 0.0% Packages/com.unity.addressables/Runtime/ResourceManager/Util/Exceptions.cs
 0.1 kb	 0.0% Packages/com.unity.addressables/Runtime/ResourceManager/ResourceProviders/TextDataProvider.cs
 0.1 kb	 0.0% Packages/com.unity.addressables/Runtime/ResourceManager/ResourceProviders/SceneProvider.cs
 0.1 kb	 0.0% Packages/com.unity.addressables/Runtime/ResourceManager/ResourceProviders/InstanceProvider.cs
 0.1 kb	 0.0% Packages/com.unity.addressables/Runtime/ResourceManager/ResourceProviders/ISceneProvider.cs
 0.1 kb	 0.0% Packages/com.unity.addressables/Runtime/ResourceManager/AsyncOperations/GroupOperation.cs
 0.1 kb	 0.0% Packages/com.unity.addressables/Runtime/ResourceManager/AsyncOperations/DownloadStatus.cs
 0.1 kb	 0.0% Packages/com.unity.addressables/Runtime/ResourceManager/AsyncOperations/AsyncOperationBase.cs
 0.1 kb	 0.0% Packages/com.unity.addressables/Runtime/Initialization/CacheInitialization.cs
 0.1 kb	 0.0% Packages/com.nianticspatial.nsdk/Runtime/Utilities/TextureFormatExtensions.cs
 0.1 kb	 0.0% Packages/com.nianticspatial.nsdk/Runtime/Utilities/Metrics/FPSMetricsUtility.cs
 0.1 kb	 0.0% Packages/com.nianticspatial.nsdk/Runtime/Utilities/Http/HttpListenerWrapper.cs
 0.1 kb	 0.0% Packages/com.nianticspatial.nsdk/Runtime/Utilities/CoordinateConversions.cs
 0.1 kb	 0.0% Packages/com.nianticspatial.nsdk/Runtime/Utilities/Attributes/ExperimentalAttribute.cs
 0.1 kb	 0.0% Packages/com.nianticspatial.nsdk/Runtime/Subsystems/Vps2/NsdkVps2Subsystem.cs
 0.1 kb	 0.0% Packages/com.nianticspatial.nsdk/Runtime/Subsystems/Common/ExternalTexture/NsdkExternalRenderTexture.cs
 0.1 kb	 0.0% Packages/com.nianticspatial.nsdk/Runtime/ScanManagement/IARScanQualityClassifier.cs
 0.1 kb	 0.0% Packages/com.nianticspatial.nsdk/Runtime/ScanManagement/ARScanQualityClassifier.cs
 0.1 kb	 0.0% Packages/com.nianticspatial.nsdk/Runtime/ScanManagement/API/IScanArchiveBuilderApi.cs
 0.1 kb	 0.0% Packages/com.nianticspatial.nsdk/Runtime/NavigationMesh/NsdkNavMeshRenderer.cs
 0.1 kb	 0.0% Packages/com.nianticspatial.nsdk/Runtime/NavigationMesh/NsdkNavMeshManager.cs
 0.1 kb	 0.0% Packages/com.nianticspatial.nsdk/Runtime/NavigationMesh/Internal/PathFindingNode.cs
 0.1 kb	 0.0% Packages/com.nianticspatial.nsdk/Runtime/NavigationMesh/Internal/AgentConfiguration.cs
 0.1 kb	 0.0% Packages/com.nianticspatial.nsdk/Runtime/Loader/Settings/OverloadPlaybackSettings.cs
 0.1 kb	 0.0% Packages/com.nianticspatial.nsdk/Runtime/Loader/Settings/INsdkPlaybackSettings.cs
 0.1 kb	 0.0% Packages/com.nianticspatial.nsdk/Runtime/Loader/Settings/EditorPlaybackSettings.cs
 0.1 kb	 0.0% Packages/com.nianticspatial.nsdk/Runtime/Loader/Settings/DevicePlaybackSettings.cs
 0.1 kb	 0.0% Packages/com.nianticspatial.nsdk/Runtime/ARFoundation/Overrides/Occlusion/NsdkPointCloudGenerator.cs
 0.1 kb	 0.0% Packages/com.nianticspatial.nsdk/Runtime/ARFoundation/Overrides/Occlusion/Extension/OcclusionExtensionUtils.cs
 0.1 kb	 0.0% Packages/com.nianticspatial.nsdk/Runtime/ARFoundation/Overrides/Occlusion/Extension/NsdkOcclusionExtension.cs
 0.1 kb	 0.0% Packages/com.nianticspatial.nsdk/Runtime/ARFoundation/Overrides/Mapping/ARDeviceMappingManager.cs
 0.1 kb	 0.0% Packages/com.unity.xr.openxr/Runtime/NativeTypes/XR_EXT_spatial_marker_tracking/Structs/XrSpatialMarkerSizeEXT.cs
 0.1 kb	 0.0% Packages/com.unity.xr.openxr/Runtime/NativeTypes/XR_EXT_spatial_marker_tracking/Structs/XrSpatialMarkerDataEXT.cs
 0.1 kb	 0.0% Packages/com.unity.xr.openxr/Runtime/NativeTypes/XR_EXT_future/Structs/XrFuturePollResultEXT.cs
 0.1 kb	 0.0% Packages/com.unity.xr.openxr/Runtime/NativeTypes/XR_EXT_future/Structs/XrFutureCompletionEXT.cs
 0.1 kb	 0.0% Packages/com.unity.xr.openxr/Runtime/NativeTypes/XR_EXT_future/Structs/XrFutureCancelInfoEXT.cs
 0.1 kb	 0.0% Packages/com.unity.xr.openxr/Runtime/NativeTypes/Core/XrSwapchainCreateInfo.cs
 0.1 kb	 0.0% Packages/com.unity.xr.openxr/Runtime/NativeTypes/Core/XrEventDataBaseHeader.cs
 0.1 kb	 0.0% Packages/com.unity.xr.openxr/Runtime/Features/Interactions/PalmPoseInteraction.cs
 0.1 kb	 0.0% Packages/com.unity.xr.openxr/Runtime/Features/Interactions/EyeGazeInteraction.cs
 0.1 kb	 0.0% Packages/com.unity.xr.legacyinputhelpers/Runtime/TrackedPoseDriver/BasePoseProvider.cs
 0.1 kb	 0.0% Packages/com.unity.xr.core-utils/Runtime/CapabilityProfile/Dictionary/StandardCapabilityKeys.cs
 0.1 kb	 0.0% Packages/com.unity.xr.arfoundation/Runtime/ARSubsystems/SessionSubsystem/XRSessionUpdateParams.cs
 0.1 kb	 0.0% Packages/com.unity.xr.arfoundation/Runtime/ARSubsystems/PointCloudSubsystem/XRPointCloudSubsystem.cs
 0.1 kb	 0.0% Packages/com.unity.xr.arfoundation/Runtime/ARSubsystems/ParticipantSubsystem/XRParticipantSubsystem.cs
 0.1 kb	 0.0% Packages/com.unity.xr.arfoundation/Runtime/ARSubsystems/ObjectTrackingSubsystem/XRReferenceObjectLibrary.cs
 0.1 kb	 0.0% Packages/com.unity.xr.arfoundation/Runtime/ARSubsystems/ObjectTrackingSubsystem/XRReferenceObjectEntry.cs
 0.1 kb	 0.0% Packages/com.unity.xr.arfoundation/Runtime/ARSubsystems/InputSubsystem/HandheldARInputDevice.cs
 0.1 kb	 0.0% Packages/com.unity.xr.arfoundation/Runtime/ARSubsystems/ImageTrackingSubsystem/XRReferenceImageLibrary.cs
 0.1 kb	 0.0% Packages/com.unity.xr.arfoundation/Runtime/ARSubsystems/ImageTrackingSubsystem/XRImageTrackingSubsystem.cs
 0.1 kb	 0.0% Packages/com.unity.xr.arfoundation/Runtime/ARSubsystems/ImageTrackingSubsystem/IReferenceImageLibrary.cs
 0.1 kb	 0.0% Packages/com.unity.xr.arfoundation/Runtime/ARSubsystems/HumanBodySubsystem/XRHumanBodyPose2DJoint.cs
 0.1 kb	 0.0% Packages/com.unity.xr.arfoundation/Runtime/ARSubsystems/Configuration/ConfigurationDescriptor.cs
 0.1 kb	 0.0% Packages/com.unity.xr.arfoundation/Runtime/ARSubsystems/CameraSubsystem/XRCameraFrameExifData.cs
 0.1 kb	 0.0% Packages/com.unity.xr.arfoundation/Runtime/ARSubsystems/CameraSubsystem/XRCameraConfiguration.cs
 0.1 kb	 0.0% Packages/com.unity.xr.arfoundation/Runtime/ARSubsystems/BoundingBoxSubsystem/XRBoundingBoxSubsystem.cs
 0.1 kb	 0.0% Packages/com.unity.xr.arfoundation/Runtime/ARFoundation/Textures/UpdatableTextureFactory.cs
 0.1 kb	 0.0% Packages/com.unity.xr.arfoundation/Runtime/ARFoundation/Textures/UpdatableRenderTexture.cs
 0.1 kb	 0.0% Packages/com.unity.xr.arfoundation/Runtime/ARFoundation/FallbackRaycastRegistry.cs
 0.1 kb	 0.0% Packages/com.unity.xr.arfoundation/Runtime/ARFoundation/ARTrackedObjectManager.cs
 0.1 kb	 0.0% Packages/com.unity.xr.arfoundation/Runtime/ARFoundation/ARTrackedImageManager.cs
 0.1 kb	 0.0% Packages/com.unity.xr.arfoundation/Runtime/ARFoundation/ARSaveOrLoadAnchorResult.cs
 0.1 kb	 0.0% Packages/com.unity.xr.arfoundation/Runtime/ARFoundation/ARPlaneMeshVisualizer.cs
 0.1 kb	 0.0% Packages/com.unity.xr.arfoundation/Runtime/ARFoundation/ARMeshesChangedEventArgs.cs
 0.1 kb	 0.0% Packages/com.unity.xr.arfoundation/Runtime/ARFoundation/ARLightEstimationData.cs
 0.1 kb	 0.0% Packages/com.unity.xr.arfoundation/Runtime/ARFoundation/ARFaceUpdatedEventArgs.cs
 0.1 kb	 0.0% Packages/com.unity.xr.arfoundation/Runtime/ARFoundation/ARCameraFrameEventArgs.cs
 0.1 kb	 0.0% Packages/com.unity.xr.arcore/Runtime/PointCloud/ARCoreXRDepthSubsystem.deprecated.cs
 0.1 kb	 0.0% Packages/com.unity.ugui/Runtime/TMP/TMP_SpriteAssetImportFormats.cs
 0.1 kb	 0.0% Packages/com.unity.timeline/Runtime/Animation/AnimationPreviewUpdateCallback.cs
 0.1 kb	 0.0% Packages/com.unity.timeline/Runtime/Animation/AnimationOutputWeightProcessor.cs
 0.1 kb	 0.0% Packages/com.unity.shadergraph/ShaderGraphLibrary/DummyShaderGraphLibrary.cs
 0.1 kb	 0.0% Packages/com.unity.scriptablebuildpipeline/Runtime/Shared/AssemblyUtility.cs
 0.1 kb	 0.0% Packages/com.unity.render-pipelines.universal/ShaderLibrary/ShaderTypes.cs
 0.1 kb	 0.0% Packages/com.unity.render-pipelines.universal/ShaderLibrary/Deprecated.cs
 0.1 kb	 0.0% Packages/com.unity.render-pipelines.universal/Runtime/Tiling/TileSize.cs
 0.1 kb	 0.0% Packages/com.unity.render-pipelines.universal/Runtime/2D/UTess2D/UTess.cs
 0.1 kb	 0.0% Packages/com.unity.render-pipelines.universal/Runtime/2D/Shadows/ShadowProvider/ShadowMesh2D.cs
 0.1 kb	 0.0% Packages/com.unity.render-pipelines.universal/Runtime/2D/Shadows/ShadowProvider/ShadowEdge.cs
 0.1 kb	 0.0% Packages/com.unity.render-pipelines.universal/Runtime/2D/Shadows/ShadowProvider/IEdgeStore.cs
 0.1 kb	 0.0% Packages/com.unity.render-pipelines.universal/Runtime/2D/Rendergraph/UpscalePass.cs
 0.1 kb	 0.0% Packages/com.unity.render-pipelines.universal/Runtime/2D/Renderer2D.cs
 0.1 kb	 0.0% Packages/com.unity.render-pipelines.universal/Runtime/2D/Passes/Utility/LightBatch.cs
 0.1 kb	 0.0% Packages/com.unity.render-pipelines.universal/Runtime/2D/Passes/Utility/LayerUtility.cs
 0.1 kb	 0.0% Packages/com.unity.render-pipelines.universal/Runtime/2D/LightUtility.cs
 0.1 kb	 0.0% Packages/com.unity.render-pipelines.core/Runtime/Utilities/SceneRenderPipeline.cs
 0.1 kb	 0.0% Packages/com.unity.render-pipelines.core/Runtime/Utilities/MaterialQuality.cs
 0.1 kb	 0.0% Packages/com.unity.render-pipelines.core/Runtime/Utilities/CameraCaptureBridge.cs
 0.1 kb	 0.0% Packages/com.unity.render-pipelines.core/Runtime/ShaderGenerator/ShaderGeneratorAttributes.cs
 0.1 kb	 0.0% Packages/com.unity.render-pipelines.core/Runtime/RenderGraph/RenderGraph.cs
 0.1 kb	 0.0% Packages/com.unity.render-pipelines.core/Runtime/PostProcessing/LensFlareCommonSRP.cs
 0.1 kb	 0.0% Packages/com.unity.render-pipelines.core/Runtime/LookDev/IDataProvider.cs
 0.1 kb	 0.0% Packages/com.unity.render-pipelines.core/Runtime/Lighting/SphericalHarmonics.cs
 0.1 kb	 0.0% Packages/com.unity.render-pipelines.core/Runtime/Lighting/ProbeVolume/ProbeVolumesOptions.cs
 0.1 kb	 0.0% Packages/com.unity.render-pipelines.core/Runtime/Lighting/ProbeVolume/ProbeVolumeSceneData.cs
 0.1 kb	 0.0% Packages/com.unity.render-pipelines.core/Runtime/Lighting/ProbeVolume/ProbeVolumeGIContributor.cs
 0.1 kb	 0.0% Packages/com.unity.render-pipelines.core/Runtime/Lighting/ProbeVolume/ProbeVolumeBakingSet.cs
 0.1 kb	 0.0% Packages/com.unity.render-pipelines.core/Runtime/Lighting/ProbeVolume/ProbeVolumeAsset.cs
 0.1 kb	 0.0% Packages/com.unity.render-pipelines.core/Runtime/Lighting/ProbeVolume/ProbeReferenceVolume.cs
 0.1 kb	 0.0% Packages/com.unity.render-pipelines.core/Runtime/Documentation.cs
 0.1 kb	 0.0% Packages/com.unity.render-pipelines.core/Runtime/Debugging/Prefabs/Scripts/DebugUIHandlerWidget.cs
 0.1 kb	 0.0% Packages/com.unity.render-pipelines.core/Runtime/Debugging/Prefabs/Scripts/DebugUIHandlerValue.cs
 0.1 kb	 0.0% Packages/com.unity.render-pipelines.core/Runtime/Debugging/Prefabs/Scripts/DebugUIHandlerVBox.cs
 0.1 kb	 0.0% Packages/com.unity.render-pipelines.core/Runtime/Debugging/Prefabs/Scripts/DebugUIHandlerToggle.cs
 0.1 kb	 0.0% Packages/com.unity.render-pipelines.core/Runtime/Debugging/Prefabs/Scripts/DebugUIHandlerRow.cs
 0.1 kb	 0.0% Packages/com.unity.render-pipelines.core/Runtime/Debugging/Prefabs/Scripts/DebugUIHandlerPanel.cs
 0.1 kb	 0.0% Packages/com.unity.render-pipelines.core/Runtime/Debugging/Prefabs/Scripts/DebugUIHandlerObject.cs
 0.1 kb	 0.0% Packages/com.unity.render-pipelines.core/Runtime/Debugging/Prefabs/Scripts/DebugUIHandlerHBox.cs
 0.1 kb	 0.0% Packages/com.unity.render-pipelines.core/Runtime/Debugging/Prefabs/Scripts/DebugUIHandlerGroup.cs
 0.1 kb	 0.0% Packages/com.unity.render-pipelines.core/Runtime/Debugging/Prefabs/Scripts/DebugUIHandlerColor.cs
 0.1 kb	 0.0% Packages/com.unity.render-pipelines.core/Runtime/Debugging/Prefabs/Scripts/DebugUIHandlerCanvas.cs
 0.1 kb	 0.0% Packages/com.unity.render-pipelines.core/Runtime/Debugging/Prefabs/Scripts/DebugUIHandlerButton.cs
 0.1 kb	 0.0% Packages/com.unity.render-pipelines.core/Runtime/Debugging/MousePositionDebug.cs
 0.1 kb	 0.0% Packages/com.unity.render-pipelines.core/Runtime/Debugging/IVolumeDebugSettings.cs
 0.1 kb	 0.0% Packages/com.unity.render-pipelines.core/Runtime/Debugging/FrameTiming/FrameTimeBottleneck.cs
 0.1 kb	 0.0% Packages/com.unity.render-pipelines.core/Runtime/Common/Swap.Extensions.cs
 0.1 kb	 0.0% Packages/com.unity.render-pipelines.core/Runtime/Common/ReloadGroupAttribute.cs
 0.1 kb	 0.0% Packages/com.unity.render-pipelines.core/Runtime/Common/CommandBufferPool.cs
 0.1 kb	 0.0% Packages/com.unity.render-pipelines.core/Runtime/CommandBuffers/UnsafeCommandBuffer.cs
 0.1 kb	 0.0% Packages/com.unity.render-pipelines.core/Runtime/CommandBuffers/RasterCommandBuffer.cs
 0.1 kb	 0.0% Packages/com.unity.render-pipelines.core/Runtime/CommandBuffers/IUnsafeCommandBuffer.cs
 0.1 kb	 0.0% Packages/com.unity.render-pipelines.core/Runtime/CommandBuffers/IRasterCommandBuffer.cs
 0.1 kb	 0.0% Packages/com.unity.render-pipelines.core/Runtime/CommandBuffers/IBaseCommandBuffer.cs
 0.1 kb	 0.0% Packages/com.unity.render-pipelines.core/Runtime/CommandBuffers/ComputeCommandBuffer.cs
 0.1 kb	 0.0% Packages/com.unity.render-pipelines.core/Runtime/CommandBuffers/CommandBufferHelpers.cs
 0.1 kb	 0.0% Packages/com.unity.inputsystem/InputSystem/State/IInputStateChangeMonitor.cs
 0.1 kb	 0.0% Packages/com.unity.inputsystem/InputSystem/Plugins/iOS/IOSGameController.cs
 0.1 kb	 0.0% Packages/com.unity.inputsystem/InputSystem/Plugins/Users/InputUserAccountHandle.cs
 0.1 kb	 0.0% Packages/com.unity.inputsystem/InputSystem/Plugins/Switch/SwitchProControllerHID.cs
 0.1 kb	 0.0% Packages/com.unity.inputsystem/InputSystem/Plugins/PlayerInput/PlayerInputManagerEditor.cs
 0.1 kb	 0.0% Packages/com.unity.inputsystem/InputSystem/Plugins/OSX/OSXGameController.cs
 0.1 kb	 0.0% Packages/com.unity.inputsystem/InputSystem/Plugins/EnhancedTouch/EnhancedTouchSupport.cs
 0.1 kb	 0.0% Packages/com.unity.inputsystem/InputSystem/Events/DeviceConfigurationEvent.cs
 0.1 kb	 0.0% Packages/com.unity.inputsystem/InputSystem/Editor/UITKAssetEditor/Views/VisualElementExtensions.cs
 0.1 kb	 0.0% Packages/com.unity.inputsystem/InputSystem/Editor/UITKAssetEditor/Views/InputActionsTreeViewItem.cs
 0.1 kb	 0.0% Packages/com.unity.inputsystem/InputSystem/Editor/UITKAssetEditor/Views/InputActionsEditorView.cs
 0.1 kb	 0.0% Packages/com.unity.inputsystem/InputSystem/Editor/UITKAssetEditor/Views/BindingPropertiesView.cs
 0.1 kb	 0.0% Packages/com.unity.inputsystem/InputSystem/Editor/UITKAssetEditor/SerializedInputBinding.cs
 0.1 kb	 0.0% Packages/com.unity.inputsystem/InputSystem/Editor/UITKAssetEditor/SerializedInputActionMap.cs
 0.1 kb	 0.0% Packages/com.unity.inputsystem/InputSystem/Editor/UITKAssetEditor/SerializedInputAction.cs
 0.1 kb	 0.0% Packages/com.unity.inputsystem/InputSystem/Editor/UITKAssetEditor/InputActionsEditorWindow.cs
 0.1 kb	 0.0% Packages/com.unity.inputsystem/InputSystem/Editor/UITKAssetEditor/InputActionsEditorState.cs
 0.1 kb	 0.0% Packages/com.unity.inputsystem/InputSystem/Editor/UITKAssetEditor/Commands/ControlSchemeCommands.cs
 0.1 kb	 0.0% Packages/com.unity.inputsystem/InputSystem/Editor/Settings/InputSettingsProvider.cs
 0.1 kb	 0.0% Packages/com.unity.inputsystem/InputSystem/Editor/Settings/InputEditorUserSettings.cs
 0.1 kb	 0.0% Packages/com.unity.inputsystem/InputSystem/Editor/PropertyDrawers/InputControlPathDrawer.cs
 0.1 kb	 0.0% Packages/com.unity.inputsystem/InputSystem/Editor/PropertyDrawers/InputActionDrawerBase.cs
 0.1 kb	 0.0% Packages/com.unity.inputsystem/InputSystem/Editor/PropertyDrawers/InputActionAssetDrawer.cs
 0.1 kb	 0.0% Packages/com.unity.inputsystem/InputSystem/Editor/ProjectWideActions/ProjectWideActionsAsset.cs
 0.1 kb	 0.0% Packages/com.unity.inputsystem/InputSystem/Editor/Internal/AdvancedDropdown/AdvancedDropdownWindow.cs
 0.1 kb	 0.0% Packages/com.unity.inputsystem/InputSystem/Editor/Internal/AdvancedDropdown/AdvancedDropdownState.cs
 0.1 kb	 0.0% Packages/com.unity.inputsystem/InputSystem/Editor/InputLayoutCodeGenerator.cs
 0.1 kb	 0.0% Packages/com.unity.inputsystem/InputSystem/Editor/InputAssetEditorUtils.cs
 0.1 kb	 0.0% Packages/com.unity.inputsystem/InputSystem/Editor/ControlPicker/InputControlPickerState.cs
 0.1 kb	 0.0% Packages/com.unity.inputsystem/InputSystem/Editor/ControlPicker/InputControlPathEditor.cs
 0.1 kb	 0.0% Packages/com.unity.inputsystem/InputSystem/Editor/ControlPicker/InputControlDropdownItem.cs
 0.1 kb	 0.0% Packages/com.unity.inputsystem/InputSystem/Editor/AssetImporter/InputActionCodeGenerator.cs
 0.1 kb	 0.0% Packages/com.unity.inputsystem/InputSystem/Editor/AssetImporter/InputActionAssetEditor.cs
 0.1 kb	 0.0% Packages/com.unity.inputsystem/InputSystem/Editor/AssetImporter/IInputActionAssetEditor.cs
 0.1 kb	 0.0% Packages/com.unity.inputsystem/InputSystem/Editor/AssetEditor/InputActionEditorWindow.cs
 0.1 kb	 0.0% Packages/com.unity.inputsystem/InputSystem/Editor/AssetEditor/InputActionEditorToolbar.cs
 0.1 kb	 0.0% Packages/com.unity.inputsystem/InputSystem/Editor/AssetEditor/InputActionAssetManager.cs
 0.1 kb	 0.0% Packages/com.unity.inputsystem/InputSystem/Devices/Remote/RemoteInputPlayerConnection.cs
 0.1 kb	 0.0% Packages/com.unity.inputsystem/InputSystem/Devices/InputDeviceDescription.cs
 0.1 kb	 0.0% Packages/com.unity.inputsystem/InputSystem/Devices/Haptics/DualMotorRumbleCommand.cs
 0.1 kb	 0.0% Packages/com.unity.inputsystem/InputSystem/Devices/Commands/WarpMousePositionCommand.cs
 0.1 kb	 0.0% Packages/com.unity.inputsystem/InputSystem/Devices/Commands/QueryEnabledStateCommand.cs
 0.1 kb	 0.0% Packages/com.unity.inputsystem/InputSystem/Devices/Commands/QueryDimensionsCommand.cs
 0.1 kb	 0.0% Packages/com.unity.inputsystem/InputSystem/Devices/Commands/QueryCanRunInBackground.cs
 0.1 kb	 0.0% Packages/com.unity.inputsystem/InputSystem/Devices/Commands/IInputDeviceCommandInfo.cs
 0.1 kb	 0.0% Packages/com.unity.inputsystem/InputSystem/Controls/InputControlAttribute.cs
 0.1 kb	 0.0% Packages/com.unity.inputsystem/InputSystem/Controls/DiscreteButtonControl.cs
 0.1 kb	 0.0% Packages/com.unity.inputsystem/InputSystem/Actions/InputBindingCompositeContext.cs
 0.1 kb	 0.0% Packages/com.unity.inputsystem/InputSystem/Actions/InputActionSetupExtensions.cs
 0.1 kb	 0.0% Packages/com.unity.inputsystem/InputSystem/Actions/InputActionParameters.cs
 0.1 kb	 0.0% Packages/com.unity.collections/Unity.Collections/UnsafeAtomicCounter.cs
 0.1 kb	 0.0% Packages/com.unity.addressables/Runtime/Services/PlatformMappingService.cs
 0.1 kb	 0.0% Packages/com.unity.addressables/Runtime/ResourceManager/Util/PlatformUtilities.cs
 0.1 kb	 0.0% Packages/com.unity.addressables/Runtime/ResourceManager/Util/OperationCacheKeys.cs
 0.1 kb	 0.0% Packages/com.unity.addressables/Runtime/ResourceManager/Util/DelayedActionManager.cs
 0.1 kb	 0.0% Packages/com.unity.addressables/Runtime/ResourceManager/Util/BinaryStorageBuffer.cs
 0.1 kb	 0.0% Packages/com.unity.addressables/Runtime/ResourceManager/Diagnostics/DiagnosticEvent.cs
 0.1 kb	 0.0% Packages/com.unity.addressables/Runtime/ResourceLocators/IResourceLocator.cs
 0.1 kb	 0.0% Packages/com.unity.addressables/Runtime/ResourceLocators/DynamicResourceLocators.cs
 0.1 kb	 0.0% Packages/com.unity.addressables/Runtime/Initialization/UpdateCatalogsOperation.cs
 0.1 kb	 0.0% Packages/com.unity.addressables/Runtime/Initialization/CheckCatalogsOperation.cs
 0.1 kb	 0.0% Packages/com.nianticspatial.nsdk/Runtime/Utilities/UnityAssets/FileUtilities.cs
 0.1 kb	 0.0% Packages/com.nianticspatial.nsdk/Runtime/Utilities/SpacesCameraImageHack.cs
 0.1 kb	 0.0% Packages/com.nianticspatial.nsdk/Runtime/Utilities/Profiling/UnityProfiler.cs
 0.1 kb	 0.0% Packages/com.nianticspatial.nsdk/Runtime/Utilities/Profiling/ProfilerUtility.cs
 0.1 kb	 0.0% Packages/com.nianticspatial.nsdk/Runtime/Utilities/Profiling/CTraceProfiler.cs
 0.1 kb	 0.0% Packages/com.nianticspatial.nsdk/Runtime/Utilities/Preloading/IModelPreloader.cs
 0.1 kb	 0.0% Packages/com.nianticspatial.nsdk/Runtime/Utilities/Attributes/ReadOnlyDrawer.cs
 0.1 kb	 0.0% Packages/com.nianticspatial.nsdk/Runtime/Subsystems/XR/XRVps2Subsystem/XRVps2Localization.cs
 0.1 kb	 0.0% Packages/com.nianticspatial.nsdk/Runtime/Subsystems/XR/XRVps2Subsystem/XRVps2Geolocation.cs
 0.1 kb	 0.0% Packages/com.nianticspatial.nsdk/Runtime/Subsystems/XR/XRScanning/XRScanningVoxelData.cs
 0.1 kb	 0.0% Packages/com.nianticspatial.nsdk/Runtime/Subsystems/XR/XRScanning/XRScanningSubsystem.cs
 0.1 kb	 0.0% Packages/com.nianticspatial.nsdk/Runtime/Subsystems/XR/XRPersistentAnchor/XRVps2AnchorPayload.cs
 0.1 kb	 0.0% Packages/com.nianticspatial.nsdk/Runtime/Subsystems/SceneSegmentation/Api/NativeApi.cs
 0.1 kb	 0.0% Packages/com.nianticspatial.nsdk/Runtime/Subsystems/Playback/PlaybackDataset.cs
 0.1 kb	 0.0% Packages/com.nianticspatial.nsdk/Runtime/Subsystems/DeviceMapping/Api/NativeApi.cs
 0.1 kb	 0.0% Packages/com.nianticspatial.nsdk/Runtime/Plugins/ScanKitPublicProtos.cs
 0.1 kb	 0.0% Packages/com.nianticspatial.nsdk/Runtime/Plugins/ArdkVpsDebugger.cs
 0.1 kb	 0.0% Packages/com.nianticspatial.nsdk/Runtime/PlatformAdapterManager/PlatformAdapterManager.cs
 0.1 kb	 0.0% Packages/com.nianticspatial.nsdk/Runtime/PlatformAdapterManager/DataSources/SubsystemsDataAcquirer.cs
 0.1 kb	 0.0% Packages/com.nianticspatial.nsdk/Runtime/Mapping/Api/IMapStorageAccessApi.cs
 0.1 kb	 0.0% Packages/com.nianticspatial.nsdk/Runtime/Auth/AuthRuntimeSettingsStore.cs
 0.1 kb	 0.0% Packages/com.nianticspatial.nsdk/Runtime/ARFoundation/Overrides/PersistentAnchors/MeshDownload/LocationMeshManager.cs
 0.1 kb	 0.0% Packages/com.nianticspatial.nsdk/Runtime/ARFoundation/Overrides/PersistentAnchors/MeshDownload/Api/MeshDownloadHelper.cs
 0.1 kb	 0.0% Packages/com.nianticspatial.nsdk/Runtime/ARFoundation/Overrides/PersistentAnchors/MeshDownload/Api/MeshDownloadClient.cs
 0.1 kb	 0.0% Packages/com.nianticspatial.nsdk/Runtime/ARFoundation/Overrides/PersistentAnchors/MeshDownload/Api/IMeshDownloaderApi.cs
 0.1 kb	 0.0% Packages/com.nianticspatial.nsdk/Runtime/ARFoundation/Overrides/Occlusion/Extension/Features/ZBufferOcclusion.cs
 0.1 kb	 0.0% Packages/com.nianticspatial.nsdk/Runtime/ARFoundation/Overrides/Occlusion/Extension/Features/Stabilization.cs
 0.1 kb	 0.0% Packages/com.nianticspatial.nsdk/Runtime/ARFoundation/Overrides/Occlusion/Extension/Features/ShaderProperties.cs
 0.1 kb	 0.0% Packages/com.nianticspatial.nsdk/Runtime/ARFoundation/Overrides/Occlusion/Extension/Features/OcclusionMesh.cs
 0.1 kb	 0.0% Packages/com.nianticspatial.nsdk/Runtime/ARFoundation/Overrides/Occlusion/Extension/Features/EdgeSmoothing.cs
 0.1 kb	 0.0% Packages/com.nianticspatial.nsdk/Runtime/ARFoundation/Overrides/LocationAR/ARLocationManifest.cs
 0.1 kb	 0.0% Packages/com.nianticspatial.nsdk/Runtime/ARFoundation/Overrides/LocationAR/ARLocationManager.cs
 0.1 kb	 0.0% Packages/com.unity.xr.openxr/Runtime/MockRuntime/MockRuntime.cs
 0.1 kb	 0.0% Packages/com.unity.xr.openxr/Runtime/Features/OpenXRInteractionFeature.cs
 0.1 kb	 0.0% Packages/com.unity.xr.openxr/Runtime/Features/OpenXRFeatureAttribute.cs
 0.1 kb	 0.0% Packages/com.unity.xr.openxr/Runtime/Features/FoveatedRenderingFeature.cs
 0.1 kb	 0.0% Packages/com.unity.xr.management/Runtime/XRManagementAnalytics.cs
 0.1 kb	 0.0% Packages/com.unity.xr.management/Runtime/XRConfigurationData.cs
 0.1 kb	 0.0% Packages/com.unity.xr.legacyinputhelpers/Runtime/TrackedPoseDriver/TrackedPoseDriver.cs
 0.1 kb	 0.0% Packages/com.unity.xr.legacyinputhelpers/Runtime/CameraOffset.cs
 0.1 kb	 0.0% Packages/com.unity.xr.arfoundation/Runtime/ARSubsystems/PointCloudSubsystem/XRDepthSubsystem.deprecated.cs
 0.1 kb	 0.0% Packages/com.unity.xr.arfoundation/Runtime/ARFoundation/LightEstimation.cs
 0.1 kb	 0.0% Packages/com.unity.xr.arfoundation/Runtime/ARFoundation/CameraFacingDirection.cs
 0.1 kb	 0.0% Packages/com.unity.xr.arcore/Runtime/PointCloud/ARCorePointCloudSubsystem.cs
 0.1 kb	 0.0% Packages/com.unity.xr.arcore/Runtime/ARCoreImageTrackingSubsystem.cs
 0.1 kb	 0.0% Packages/com.unity.ugui/Runtime/UGUI/UI/Core/Layout/HorizontalOrVerticalLayoutGroup.cs
 0.1 kb	 0.0% Packages/com.unity.rendering.light-transport/Runtime/UnifiedRayTracing/Compute/RadeonRays/RadixSort.cs
 0.1 kb	 0.0% Packages/com.unity.rendering.light-transport/Runtime/UnifiedRayTracing/Compute/RadeonRays/HlbvhBuilder.cs
 0.1 kb	 0.0% Packages/com.unity.rendering.light-transport/Runtime/UnifiedRayTracing/Common/Utilities/Utils.cs
 0.1 kb	 0.0% Packages/com.unity.rendering.light-transport/Runtime/Sampling/SobolData.cs
 0.1 kb	 0.0% Packages/com.unity.render-pipelines.universal/Runtime/Tiling/ZBinningJob.cs
 0.1 kb	 0.0% Packages/com.unity.render-pipelines.universal/Runtime/Tiling/TilingJob.cs
 0.1 kb	 0.0% Packages/com.unity.render-pipelines.universal/Runtime/TemporalAA.cs
 0.1 kb	 0.0% Packages/com.unity.render-pipelines.universal/Runtime/ShadowUtils.cs
 0.1 kb	 0.0% Packages/com.unity.render-pipelines.universal/Runtime/ShaderUtils.cs
 0.1 kb	 0.0% Packages/com.unity.render-pipelines.universal/Runtime/ShaderData.cs
 0.1 kb	 0.0% Packages/com.unity.render-pipelines.universal/Runtime/Passes/CapturePass.cs
 0.1 kb	 0.0% Packages/com.unity.render-pipelines.universal/Runtime/Overrides/WhiteBalance.cs
 0.1 kb	 0.0% Packages/com.unity.render-pipelines.universal/Runtime/Overrides/Tonemapping.cs
 0.1 kb	 0.0% Packages/com.unity.render-pipelines.universal/Runtime/Overrides/SplitToning.cs
 0.1 kb	 0.0% Packages/com.unity.render-pipelines.universal/Runtime/Overrides/MotionBlur.cs
 0.1 kb	 0.0% Packages/com.unity.render-pipelines.universal/Runtime/Overrides/FilmGrain.cs
 0.1 kb	 0.0% Packages/com.unity.render-pipelines.universal/Runtime/Overrides/DepthOfField.cs
 0.1 kb	 0.0% Packages/com.unity.render-pipelines.universal/Runtime/Overrides/ColorLookup.cs
 0.1 kb	 0.0% Packages/com.unity.render-pipelines.universal/Runtime/Overrides/ColorCurves.cs
 0.1 kb	 0.0% Packages/com.unity.render-pipelines.universal/Runtime/Overrides/ChannelMixer.cs
 0.1 kb	 0.0% Packages/com.unity.render-pipelines.universal/Runtime/History/TaaHistory.cs
 0.1 kb	 0.0% Packages/com.unity.render-pipelines.universal/Runtime/History/StpHistory.cs
 0.1 kb	 0.0% Packages/com.unity.render-pipelines.universal/Runtime/Decal/Entities/DecalChunk.cs
 0.1 kb	 0.0% Packages/com.unity.render-pipelines.universal/Runtime/Debug/DebugHandler.cs
 0.1 kb	 0.0% Packages/com.unity.render-pipelines.core/Runtime/XR/XRMirrorView.cs
 0.1 kb	 0.0% Packages/com.unity.render-pipelines.core/Runtime/Utilities/GPUPrefixSum/GPUPrefixSum.ShaderIDs.cs
 0.1 kb	 0.0% Packages/com.unity.render-pipelines.core/Runtime/GPUDriven/Utilities/ParallelBitArray.cs
 0.1 kb	 0.0% Packages/com.unity.render-pipelines.core/Runtime/GPUDriven/Utilities/MemoryUtilities.cs
 0.1 kb	 0.0% Packages/com.unity.render-pipelines.core/Runtime/GPUDriven/LODGroupDataPool.cs
 0.1 kb	 0.0% Packages/com.unity.render-pipelines.core/Runtime/GPUDriven/InstanceCuller.cs
 0.1 kb	 0.0% Packages/com.unity.render-pipelines.core/Runtime/Deprecated.cs
 0.1 kb	 0.0% Packages/com.unity.render-pipelines.core/Runtime/Common/CoreAttributes.cs
 0.1 kb	 0.0% Packages/com.unity.render-pipelines.core/Runtime/CommandBuffers/BaseCommandBufer.cs
 0.1 kb	 0.0% Packages/com.unity.inputsystem/InputSystem/Utilities/NameAndParameters.cs
 0.1 kb	 0.0% Packages/com.unity.inputsystem/InputSystem/Utilities/CSharpCodeHelpers.cs
 0.1 kb	 0.0% Packages/com.unity.inputsystem/InputSystem/Plugins/UI/TrackedDeviceRaycaster.cs
 0.1 kb	 0.0% Packages/com.unity.inputsystem/InputSystem/Plugins/UI/MultiplayerEventSystem.cs
 0.1 kb	 0.0% Packages/com.unity.inputsystem/InputSystem/Plugins/UI/InputSystemUIInputModule.cs
 0.1 kb	 0.0% Packages/com.unity.inputsystem/InputSystem/Plugins/UI/ExtendedPointerEventData.cs
 0.1 kb	 0.0% Packages/com.unity.inputsystem/InputSystem/Plugins/UI/ExtendedAxisEventData.cs
 0.1 kb	 0.0% Packages/com.unity.inputsystem/InputSystem/Plugins/HID/HIDDescriptorWindow.cs
 0.1 kb	 0.0% Packages/com.unity.inputsystem/InputSystem/Plugins/DualShock/IDualShockHaptics.cs
 0.1 kb	 0.0% Packages/com.unity.inputsystem/InputSystem/Editor/AssetEditor/ParameterListView.cs
 0.1 kb	 0.0% Packages/com.unity.inputsystem/InputSystem/Editor/AssetEditor/InputActionTreeViewItems.cs
 0.1 kb	 0.0% Packages/com.unity.inputsystem/InputSystem/Controls/Processors/NormalizeProcessor.cs
 0.1 kb	 0.0% Packages/com.unity.inputsystem/InputSystem/Actions/Interactions/SlowTapInteraction.cs
 0.1 kb	 0.0% Packages/com.unity.inputsystem/InputSystem/Actions/Interactions/MultiTapInteraction.cs
 0.1 kb	 0.0% Packages/com.unity.inputsystem/InputSystem/Actions/Composites/OneModifierComposite.cs
 0.1 kb	 0.0% Packages/com.unity.collections/Unity.Collections/UnsafeUtilityEx.cs
 0.1 kb	 0.0% Packages/com.unity.collections/Unity.Collections/UnsafeAppendBuffer.cs
 0.1 kb	 0.0% Packages/com.unity.collections/Unity.Collections/NativeParallelHashSetExtensions.gen.cs
 0.1 kb	 0.0% Packages/com.unity.collections/Unity.Collections/Jobs/RegisterGenericJobTypeAttribute.cs
 0.1 kb	 0.0% Packages/com.unity.collections/Unity.Collections/DoubleRewindableAllocators.cs
 0.1 kb	 0.0% Packages/com.unity.collections/Unity.Collections/DataStreamExtensions.cs
 0.1 kb	 0.0% Packages/com.unity.cloud.gltfast/Runtime/Scripts/Newtonsoft/Schema/TextureInfoExtensions.cs
 0.1 kb	 0.0% Packages/com.unity.cloud.gltfast/Runtime/Scripts/Newtonsoft/Schema/MeshPrimitiveExtensions.cs
 0.1 kb	 0.0% Packages/com.unity.cloud.gltfast/Runtime/Scripts/Newtonsoft/Schema/AnimationChannelTarget.cs
 0.1 kb	 0.0% Packages/com.unity.cloud.gltfast/Runtime/Scripts/Newtonsoft/Schema/AccessorSparseIndices.cs
 0.1 kb	 0.0% Packages/com.unity.cloud.gltfast/Runtime/Scripts/Export/GltfShaderGraphMaterialExporter.cs
 0.1 kb	 0.0% Packages/com.unity.cloud.gltfast/Runtime/Scripts/Export/BuiltInStandardMaterialExport.cs
 0.1 kb	 0.0% Packages/com.unity.cloud.gltfast/DocExamples/ExportSamples.cs
 0.1 kb	 0.0% Packages/com.unity.cloud.gltfast/DocExamples/CustomGltfImport.cs
 0.1 kb	 0.0% Packages/com.unity.animation.rigging/Runtime/Effectors/IRigEffectorHolder.cs
 0.1 kb	 0.0% Packages/com.unity.animation.rigging/Runtime/Attributes/WeightRangeAttribute.cs
 0.1 kb	 0.0% Packages/com.unity.animation.rigging/Runtime/AnimationRig/WeightedTransform.cs
 0.1 kb	 0.0% Packages/com.unity.animation.rigging/Runtime/AnimationRig/Constraints/TwoBoneIKConstraint.cs
 0.1 kb	 0.0% Packages/com.unity.animation.rigging/Runtime/AnimationRig/Constraints/TwistChainConstraint.cs
 0.1 kb	 0.0% Packages/com.unity.animation.rigging/Runtime/AnimationRig/Constraints/OverrideTransform.cs
 0.1 kb	 0.0% Packages/com.unity.animation.rigging/Runtime/AnimationRig/Constraints/MultiAimConstraint.cs
 0.1 kb	 0.0% Packages/com.unity.animation.rigging/Runtime/AnimationRig/Constraints/ChainIKConstraint.cs
 0.1 kb	 0.0% Packages/com.unity.animation.rigging/Runtime/AnimationJobs/TwistCorrectionJob.cs
 0.1 kb	 0.0% Packages/com.unity.animation.rigging/Runtime/AnimationJobs/TransformHandle.cs
 0.1 kb	 0.0% Packages/com.unity.animation.rigging/Runtime/AnimationJobs/OverrideTransformJob.cs
 0.1 kb	 0.0% Packages/com.unity.animation.rigging/Runtime/AnimationJobs/IAnimationJobData.cs
 0.1 kb	 0.0% Packages/com.unity.animation.rigging/Runtime/AnimationJobs/IAnimationJobBinder.cs
 0.1 kb	 0.0% Packages/com.unity.animation.rigging/Runtime/AnimationJobs/DampedTransformJob.cs
 0.1 kb	 0.0% Packages/com.unity.animation.rigging/Runtime/AnimationJobs/ChainIKConstraintJob.cs
 0.1 kb	 0.0% Packages/com.unity.animation.rigging/Runtime/AnimationJobs/BlendConstraintJob.cs
 0.1 kb	 0.0% Packages/com.unity.animation.rigging/Runtime/AnimationJobs/AnimationJobCache.cs
 0.1 kb	 0.0% Packages/com.nianticspatial.nsdk/Runtime/Utilities/XREnumConversions.cs
 0.1 kb	 0.0% Packages/com.nianticspatial.nsdk/Runtime/Utilities/URPMaterialSetter.cs
 0.1 kb	 0.0% Packages/com.nianticspatial.nsdk/Runtime/Utilities/Trackables/TrackableIdExtension.cs
 0.1 kb	 0.0% Packages/com.nianticspatial.nsdk/Runtime/Utilities/ReciprocalExtension.cs
 0.1 kb	 0.0% Packages/com.nianticspatial.nsdk/Runtime/Utilities/Metrics/MetricsUtility.cs
 0.1 kb	 0.0% Packages/com.nianticspatial.nsdk/Runtime/Utilities/MatrixConversionHelper.cs
 0.1 kb	 0.0% Packages/com.nianticspatial.nsdk/Runtime/Utilities/Matrix4x4Extensions.cs
 0.1 kb	 0.0% Packages/com.nianticspatial.nsdk/Runtime/Utilities/ImageSamplingUtils.cs
 0.1 kb	 0.0% Packages/com.nianticspatial.nsdk/Runtime/Utilities/ImageConversionUtils.cs
 0.1 kb	 0.0% Packages/com.nianticspatial.nsdk/Runtime/Utilities/Http/OpenUrlCommand.cs
 0.1 kb	 0.0% Packages/com.nianticspatial.nsdk/Runtime/Utilities/FloatEqualityHelper.cs
 0.1 kb	 0.0% Packages/com.nianticspatial.nsdk/Runtime/Utilities/Auth/AuthPublicUtils.cs
 0.1 kb	 0.0% Packages/com.nianticspatial.nsdk/Runtime/Utilities/Auth/AuthGatewayUtils.cs
 0.1 kb	 0.0% Packages/com.nianticspatial.nsdk/Runtime/Utilities/Attributes/PublicAPIAttribute.cs
 0.1 kb	 0.0% Packages/com.nianticspatial.nsdk/Runtime/Telemetry/TelemetrySinkNative.cs
 0.1 kb	 0.0% Packages/com.nianticspatial.nsdk/Runtime/Subsystems/Lightship/NativeHandleValidation.cs
 0.1 kb	 0.0% Packages/com.nianticspatial.nsdk/Runtime/Subsystems/Lightship/LegacyInputReaderImpl.cs
 0.1 kb	 0.0% Packages/com.nianticspatial.nsdk/Runtime/Subsystems/Common/ExternalTexture/NsdkExternalTexture2D.cs
 0.1 kb	 0.0% Packages/com.nianticspatial.nsdk/Runtime/Subsystems/Common/CpuImage/NsdkCpuImageApi.cs
 0.1 kb	 0.0% Packages/com.nianticspatial.nsdk/Runtime/ScanManagement/ScanArchiveBuilder.cs
 0.1 kb	 0.0% Packages/com.nianticspatial.nsdk/Runtime/Plugins/ArdkDeviceMap.cs
 0.1 kb	 0.0% Packages/com.nianticspatial.nsdk/Runtime/NavigationMesh/NsdkNavMeshAgent.cs
 0.1 kb	 0.0% Packages/com.nianticspatial.nsdk/Runtime/NavigationMesh/Internal/PathFinding.cs
 0.1 kb	 0.0% Packages/com.nianticspatial.nsdk/Runtime/NavigationMesh/Internal/ModelSettings.cs
 0.1 kb	 0.0% Packages/com.nianticspatial.nsdk/Runtime/Loader/Simulation/NsdkSimulationParams.cs
 0.1 kb	 0.0% Packages/com.nianticspatial.nsdk/Runtime/Loader/Simulation/NsdkSimulationLoader.cs
 0.1 kb	 0.0% Packages/com.nianticspatial.nsdk/Runtime/Loader/Settings/RuntimeNsdkSettings.cs
 0.1 kb	 0.0% Packages/com.nianticspatial.nsdk/Runtime/Loader/Settings/NsdkSettingsHelper.cs
 0.1 kb	 0.0% Packages/com.nianticspatial.nsdk/Runtime/Loader/NsdkStandaloneLoader.cs
 0.1 kb	 0.0% Packages/com.nianticspatial.nsdk/Runtime/Loader/NativeLoaderHelper.cs
 0.1 kb	 0.0% Packages/com.nianticspatial.nsdk/Runtime/Loader/INsdkExternalLoader.cs
 0.1 kb	 0.0% Packages/com.nianticspatial.nsdk/Runtime/ARFoundation/Overrides/Scanning/ARScanningManager.cs
 0.1 kb	 0.0% Packages/com.nianticspatial.nsdk/Runtime/ARFoundation/Overrides/Occlusion/URP/OffScreenBlitPass.cs
 0.1 kb	 0.0% Packages/com.nianticspatial.nsdk/Runtime/ARFoundation/Overrides/Occlusion/URP/MeshRenderingPass.cs
 0.1 kb	 0.0% Packages/com.nianticspatial.nsdk/Runtime/ARFoundation/Overrides/Occlusion/URP/FullScreenBlitPass.cs
 0.1 kb	 0.0% Packages/com.nianticspatial.nsdk/Runtime/ARFoundation/Overrides/Occlusion/URP/ExternalMaterialPass.cs
 0.1 kb	 0.0% Packages/com.nianticspatial.nsdk/Runtime/ARFoundation/Overrides/Meshing/NsdkMeshingExtension.cs
 0.1 kb	 0.0% Packages/com.nianticspatial.nsdk/Runtime/ARFoundation/Overrides/Common/NsdkARUpdateOrder.cs
 0.1 kb	 0.0% Packages/com.nianticspatial.nsdk/Runtime/ARFoundation/Overrides/Common/ConditionalRenderer.cs
 0.1 kb	 0.0% Packages/com.nianticspatial.nsdk/Runtime/ARFoundation/Overrides/Common/CompositeRenderer.cs
 0.1 kb	 0.0% Packages/com.unity.xr.openxr/Runtime/OpenXRColorSubmissonModeList.cs
 0.1 kb	 0.0% Packages/com.unity.xr.openxr/Runtime/NativeTypes/XR_EXT_spatial_entity/Structs/XrSpatialBufferEXT.cs
 0.1 kb	 0.0% Packages/com.unity.xr.openxr/Runtime/NativeTypes/XR_EXT_spatial_entity/Structs/Components/XrSpatialMeshDataEXT.cs
 0.1 kb	 0.0% Packages/com.unity.xr.openxr/Runtime/NativeTypes/XR_EXT_future/Structs/XrFuturePollInfoEXT.cs
 0.1 kb	 0.0% Packages/com.unity.xr.openxr/Runtime/NativeTypes/OpenXRResultStatus.cs
 0.1 kb	 0.0% Packages/com.unity.xr.openxr/Runtime/NativeTypes/Core/XrBaseInStructure.cs
 0.1 kb	 0.0% Packages/com.unity.xr.openxr/Runtime/Features/Interactions/DPadInteraction.cs
 0.1 kb	 0.0% Packages/com.unity.xr.core-utils/Runtime/CapabilityProfile/Dictionary/ICapabilityModifier.cs
 0.1 kb	 0.0% Packages/com.unity.xr.core-utils/Runtime/CapabilityProfile/Dictionary/CapabilityDictionary.cs
 0.1 kb	 0.0% Packages/com.unity.xr.core-utils/Runtime/CapabilityProfile/CapabilityProfile.cs
 0.1 kb	 0.0% Packages/com.unity.xr.core-utils/Runtime/Attributes/FlagsPropertyAttribute.cs
 0.1 kb	 0.0% Packages/com.unity.xr.arfoundation/Runtime/ARSubsystems/Util/ObjectPoolCreateUtil.cs
 0.1 kb	 0.0% Packages/com.unity.xr.arfoundation/Runtime/ARSubsystems/Textures/XRTextureType.cs
 0.1 kb	 0.0% Packages/com.unity.xr.arfoundation/Runtime/ARSubsystems/Textures/XRTextureDescriptor.cs
 0.1 kb	 0.0% Packages/com.unity.xr.arfoundation/Runtime/ARSubsystems/SharedStringBuilder.cs
 0.1 kb	 0.0% Packages/com.unity.xr.arfoundation/Runtime/ARSubsystems/SessionSubsystem/XRSessionSubsystem.cs
 0.1 kb	 0.0% Packages/com.unity.xr.arfoundation/Runtime/ARSubsystems/RaycastSubsystem/XRRaycastSubsystem.cs
 0.1 kb	 0.0% Packages/com.unity.xr.arfoundation/Runtime/ARSubsystems/PlaneTracking/PlaneAlignment.cs
 0.1 kb	 0.0% Packages/com.unity.xr.arfoundation/Runtime/ARSubsystems/PlaneTracking/BoundedPlaneBuilder.cs
 0.1 kb	 0.0% Packages/com.unity.xr.arfoundation/Runtime/ARSubsystems/OcclusionSubsystem/XROcclusionSubsystem.cs
 0.1 kb	 0.0% Packages/com.unity.xr.arfoundation/Runtime/ARSubsystems/ObjectTrackingSubsystem/XRReferenceObject.cs
 0.1 kb	 0.0% Packages/com.unity.xr.arfoundation/Runtime/ARSubsystems/NativeCopyUtility.cs
 0.1 kb	 0.0% Packages/com.unity.xr.arfoundation/Runtime/ARSubsystems/MarkerSubsystem/XRMarkerSubsystem.cs
 0.1 kb	 0.0% Packages/com.unity.xr.arfoundation/Runtime/ARSubsystems/HumanBodySubsystem/XRHumanBodySubsystem.cs
 0.1 kb	 0.0% Packages/com.unity.xr.arfoundation/Runtime/ARSubsystems/EnvironmentProbeSubsystem/XREnvironmentProbe.cs
 0.1 kb	 0.0% Packages/com.unity.xr.arfoundation/Runtime/ARSubsystems/Configuration/ConfigurationChooser.cs
 0.1 kb	 0.0% Packages/com.unity.xr.arfoundation/Runtime/ARSubsystems/CameraSubsystem/XRCameraSubsystem.cs
 0.1 kb	 0.0% Packages/com.unity.xr.arfoundation/Runtime/ARSubsystems/CameraSubsystem/XRCameraIntrinsics.cs
 0.1 kb	 0.0% Packages/com.unity.xr.arfoundation/Runtime/ARSubsystems/BoundingBoxSubsystem/XRBoundingBoxBuilder.cs
 0.1 kb	 0.0% Packages/com.unity.xr.arfoundation/Runtime/ARSubsystems/AnchorSubsystem/XRSaveAnchorResult.cs
 0.1 kb	 0.0% Packages/com.unity.xr.arfoundation/Runtime/ARSubsystems/AnchorSubsystem/XRLoadAnchorResult.cs
 0.1 kb	 0.0% Packages/com.unity.xr.arfoundation/Runtime/ARSubsystems/AnchorSubsystem/XREraseAnchorResult.cs
 0.1 kb	 0.0% Packages/com.unity.xr.arfoundation/Runtime/ARSubsystems/AnchorSubsystem/XRAnchorSubsystem.cs
 0.1 kb	 0.0% Packages/com.unity.xr.arfoundation/Runtime/ARFoundation/TransformExtensions.cs
 0.1 kb	 0.0% Packages/com.unity.xr.arfoundation/Runtime/ARFoundation/Textures/UpdatableTexture3D.cs
 0.1 kb	 0.0% Packages/com.unity.xr.arfoundation/Runtime/ARFoundation/Textures/UpdatableTexture2D.cs
 0.1 kb	 0.0% Packages/com.unity.xr.arfoundation/Runtime/ARFoundation/Textures/NoSwapchainStrategy.cs
 0.1 kb	 0.0% Packages/com.unity.xr.arfoundation/Runtime/ARFoundation/Textures/IUpdatableTexture.cs
 0.1 kb	 0.0% Packages/com.unity.xr.arfoundation/Runtime/ARFoundation/Textures/ISwapchainStrategy.cs
 0.1 kb	 0.0% Packages/com.unity.xr.arfoundation/Runtime/ARFoundation/Textures/ARExternalTexture.cs
 0.1 kb	 0.0% Packages/com.unity.xr.arfoundation/Runtime/ARFoundation/Occlusion/ARShaderOcclusion.cs
 0.1 kb	 0.0% Packages/com.unity.xr.arfoundation/Runtime/ARFoundation/Occlusion/AROcclusionManager.cs
 0.1 kb	 0.0% Packages/com.unity.xr.arfoundation/Runtime/ARFoundation/BoundingBoxRaycaster.cs
 0.1 kb	 0.0% Packages/com.unity.xr.arfoundation/Runtime/ARFoundation/ARPointCloudManager.cs
 0.1 kb	 0.0% Packages/com.unity.xr.arfoundation/Runtime/ARFoundation/ARPlaneMeshGenerator.cs
 0.1 kb	 0.0% Packages/com.unity.xr.arfoundation/Runtime/ARFoundation/ARParticipantManager.cs
 0.1 kb	 0.0% Packages/com.unity.xr.arfoundation/Runtime/ARFoundation/ARHumanBodyManager.cs
 0.1 kb	 0.0% Packages/com.unity.xr.arfoundation/Runtime/ARFoundation/ARFaceMeshVisualizer.cs
 0.1 kb	 0.0% Packages/com.unity.xr.arfoundation/Runtime/ARFoundation/AREnvironmentProbe.cs
 0.1 kb	 0.0% Packages/com.unity.xr.arfoundation/Runtime/ARFoundation/ARCameraBackground.cs
 0.1 kb	 0.0% Packages/com.unity.xr.arfoundation/Runtime/ARFoundation/ARBoundingBoxManager.cs
 0.1 kb	 0.0% Packages/com.unity.ugui/Runtime/TMP/TMP_DynamicFontAssetUtilities.cs
 0.1 kb	 0.0% Packages/com.unity.timeline/Runtime/Utilities/AnimationPreviewUtilities.cs
 0.1 kb	 0.0% Packages/com.unity.timeline/Runtime/Playables/TimeNotificationBehaviour.cs
 0.1 kb	 0.0% Packages/com.unity.timeline/Runtime/Playables/ActivationControlPlayable.cs
 0.1 kb	 0.0% Packages/com.unity.timeline/Runtime/Events/INotificationOptionProvider.cs
 0.1 kb	 0.0% Packages/com.unity.scriptablebuildpipeline/Runtime/Shared/BundleDetails.cs
 0.1 kb	 0.0% Packages/com.unity.render-pipelines.universal/Runtime/NoAllocUtils.cs
 0.1 kb	 0.0% Packages/com.unity.render-pipelines.universal/Runtime/2D/Light2D.cs
 0.1 kb	 0.0% Packages/com.unity.render-pipelines.universal/Runtime/2D/Clipper.cs
 0.1 kb	 0.0% Packages/com.unity.render-pipelines.core/Runtime/XR/XRSRPSettings.cs
 0.1 kb	 0.0% Packages/com.unity.render-pipelines.core/Runtime/Volume/VolumeProfile.cs
 0.1 kb	 0.0% Packages/com.unity.render-pipelines.core/Runtime/Volume/VolumeParameter.cs
 0.1 kb	 0.0% Packages/com.unity.render-pipelines.core/Runtime/Volume/VolumeManager.cs
 0.1 kb	 0.0% Packages/com.unity.render-pipelines.core/Runtime/Volume/VolumeDebugData.cs
 0.1 kb	 0.0% Packages/com.unity.render-pipelines.core/Runtime/Volume/VolumeComponent.cs
 0.1 kb	 0.0% Packages/com.unity.render-pipelines.core/Runtime/Volume/VolumeCollection.cs
 0.1 kb	 0.0% Packages/com.unity.render-pipelines.core/Runtime/Volume/KeyframeUtility.cs
 0.1 kb	 0.0% Packages/com.unity.render-pipelines.core/Runtime/Utilities/TileLayoutUtils.cs
 0.1 kb	 0.0% Packages/com.unity.render-pipelines.core/Runtime/Utilities/TextureGradient.cs
 0.1 kb	 0.0% Packages/com.unity.render-pipelines.core/Runtime/Utilities/ResourceReloader.cs
 0.1 kb	 0.0% Packages/com.unity.render-pipelines.core/Runtime/Utilities/LightUnitUtils.cs
 0.1 kb	 0.0% Packages/com.unity.render-pipelines.core/Runtime/Utilities/HaltonSequence.cs
 0.1 kb	 0.0% Packages/com.unity.render-pipelines.core/Runtime/Utilities/HDROutputUtils.cs
 0.1 kb	 0.0% Packages/com.unity.render-pipelines.core/Runtime/Utilities/GPUPrefixSum/GPUPrefixSum.Data.cs
 0.1 kb	 0.0% Packages/com.unity.render-pipelines.core/Runtime/Utilities/DelegateUtility.cs
 0.1 kb	 0.0% Packages/com.unity.render-pipelines.core/Runtime/Utilities/CoreMatrixUtils.cs
 0.1 kb	 0.0% Packages/com.unity.render-pipelines.core/Runtime/Utilities/ColorSpaceUtils.cs
 0.1 kb	 0.0% Packages/com.unity.render-pipelines.core/Runtime/Utilities/ArrayExtensions.cs
 0.1 kb	 0.0% Packages/com.unity.render-pipelines.core/Runtime/Textures/Texture2DAtlas.cs
 0.1 kb	 0.0% Packages/com.unity.render-pipelines.core/Runtime/Textures/RTHandleSystem.cs
 0.1 kb	 0.0% Packages/com.unity.render-pipelines.core/Runtime/RenderPipeline/IVolumetricCloud.cs
 0.1 kb	 0.0% Packages/com.unity.render-pipelines.core/Runtime/RenderPipeline/ICloudBackground.cs
 0.1 kb	 0.0% Packages/com.unity.render-pipelines.core/Runtime/RenderGraph/RenderGraphCompilationCache.cs
 0.1 kb	 0.0% Packages/com.unity.render-pipelines.core/Runtime/PostProcessing/LensFlareDataSRP.cs
 0.1 kb	 0.0% Packages/com.unity.render-pipelines.core/Runtime/Lighting/ProbeVolume/ProbeBrickPool.cs
 0.1 kb	 0.0% Packages/com.unity.render-pipelines.core/Runtime/Lighting/ProbeVolume/ProbeBrickIndex.cs
 0.1 kb	 0.0% Packages/com.unity.render-pipelines.core/Runtime/GPUDriven/InstanceData/InstanceType.cs
 0.1 kb	 0.0% Packages/com.unity.render-pipelines.core/Runtime/GPUDriven/InstanceData/InstanceData.cs
 0.1 kb	 0.0% Packages/com.unity.render-pipelines.core/Runtime/Debugging/ProfilingScope.cs
 0.1 kb	 0.0% Packages/com.unity.render-pipelines.core/Runtime/Debugging/FrameTiming/FrameTimeSample.cs
 0.1 kb	 0.0% Packages/com.unity.render-pipelines.core/Runtime/Debugging/DebugManager.UIState.cs
 0.1 kb	 0.0% Packages/com.unity.render-pipelines.core/Runtime/Debugging/DebugManager.Actions.cs
 0.1 kb	 0.0% Packages/com.unity.render-pipelines.core/Runtime/Debugging/DebugFrameTiming.cs
 0.1 kb	 0.0% Packages/com.unity.render-pipelines.core/Runtime/Common/SerializableEnum.cs
 0.1 kb	 0.0% Packages/com.unity.render-pipelines.core/Runtime/Common/ReloadAttribute.cs
 0.1 kb	 0.0% Packages/com.unity.render-pipelines.core/Runtime/Common/IAdditionalData.cs
 0.1 kb	 0.0% Packages/com.unity.render-pipelines.core/Runtime/Common/DynamicString.cs
 0.1 kb	 0.0% Packages/com.unity.render-pipelines.core/Runtime/Common/CoreUnsafeUtils.cs
 0.1 kb	 0.0% Packages/com.unity.render-pipelines.core/Runtime/Common/ContextContainer.cs
 0.1 kb	 0.0% Packages/com.unity.render-pipelines.core/Runtime/Common/ConstantBuffer.cs
 0.1 kb	 0.0% Packages/com.unity.render-pipelines.core/Runtime/Camera/CameraSwitcher.cs
 0.1 kb	 0.0% Packages/com.unity.inputsystem/InputSystem/Utilities/Comparers.cs
 0.1 kb	 0.0% Packages/com.unity.inputsystem/InputSystem/State/InputStateHistory.cs
 0.1 kb	 0.0% Packages/com.unity.inputsystem/InputSystem/State/InputStateBuffers.cs
 0.1 kb	 0.0% Packages/com.unity.inputsystem/InputSystem/State/IInputStateTypeInfo.cs
 0.1 kb	 0.0% Packages/com.unity.inputsystem/InputSystem/Plugins/iOS/InputSettingsiOSProvider.cs
 0.1 kb	 0.0% Packages/com.unity.inputsystem/InputSystem/Plugins/Users/InputUserSettings.cs
 0.1 kb	 0.0% Packages/com.unity.inputsystem/InputSystem/Plugins/PlayerInput/PlayerInputEditor.cs
 0.1 kb	 0.0% Packages/com.unity.inputsystem/InputSystem/Plugins/EnhancedTouch/TouchSimulation.cs
 0.1 kb	 0.0% Packages/com.unity.inputsystem/InputSystem/NativeInputRuntime.cs
 0.1 kb	 0.0% Packages/com.unity.inputsystem/InputSystem/Events/InputEventListener.cs
 0.1 kb	 0.0% Packages/com.unity.inputsystem/InputSystem/Events/IMECompositionEvent.cs
 0.1 kb	 0.0% Packages/com.unity.inputsystem/InputSystem/Events/IInputEventTypeInfo.cs
 0.1 kb	 0.0% Packages/com.unity.inputsystem/InputSystem/Events/DeviceRemoveEvent.cs
 0.1 kb	 0.0% Packages/com.unity.inputsystem/InputSystem/Editor/UITKAssetEditor/Views/MatchingControlPaths.cs
 0.1 kb	 0.0% Packages/com.unity.inputsystem/InputSystem/Editor/UITKAssetEditor/Views/IViewStateCollection.cs
 0.1 kb	 0.0% Packages/com.unity.inputsystem/InputSystem/Editor/UITKAssetEditor/Views/ControlSchemesView.cs
 0.1 kb	 0.0% Packages/com.unity.inputsystem/InputSystem/Editor/UITKAssetEditor/Views/ActionPropertiesView.cs
 0.1 kb	 0.0% Packages/com.unity.inputsystem/InputSystem/Editor/UITKAssetEditor/EnumerableExtensions.cs
 0.1 kb	 0.0% Packages/com.unity.inputsystem/InputSystem/Editor/PropertyDrawers/InputActionMapDrawer.cs
 0.1 kb	 0.0% Packages/com.unity.inputsystem/InputSystem/Editor/PropertyDrawers/InputActionDrawer.cs
 0.1 kb	 0.0% Packages/com.unity.inputsystem/InputSystem/Editor/Internal/InputEventTreeView.cs
 0.1 kb	 0.0% Packages/com.unity.inputsystem/InputSystem/Editor/Internal/InputControlTreeView.cs
 0.1 kb	 0.0% Packages/com.unity.inputsystem/InputSystem/Editor/Internal/BuildProviderHelpers.cs
 0.1 kb	 0.0% Packages/com.unity.inputsystem/InputSystem/Editor/Internal/AdvancedDropdown/MultiLevelDataSource.cs
 0.1 kb	 0.0% Packages/com.unity.inputsystem/InputSystem/Editor/Internal/AdvancedDropdown/CallbackDataSource.cs
 0.1 kb	 0.0% Packages/com.unity.inputsystem/InputSystem/Editor/Internal/AdvancedDropdown/AdvancedDropdownItem.cs
 0.1 kb	 0.0% Packages/com.unity.inputsystem/InputSystem/Editor/Internal/AdvancedDropdown/AdvancedDropdownGUI.cs
 0.1 kb	 0.0% Packages/com.unity.inputsystem/InputSystem/Editor/InputParameterEditor.cs
 0.1 kb	 0.0% Packages/com.unity.inputsystem/InputSystem/Editor/DeviceSimulator/InputSystemPlugin.cs
 0.1 kb	 0.0% Packages/com.unity.inputsystem/InputSystem/Editor/Debugger/InputDebuggerWindow.cs
 0.1 kb	 0.0% Packages/com.unity.inputsystem/InputSystem/Editor/ControlPicker/InputControlPicker.cs
 0.1 kb	 0.0% Packages/com.unity.inputsystem/InputSystem/Editor/BuildPipeline/LinkFileGenerator.cs
 0.1 kb	 0.0% Packages/com.unity.inputsystem/InputSystem/Editor/AssetImporter/InputActionImporter.cs
 0.1 kb	 0.0% Packages/com.unity.inputsystem/InputSystem/Editor/AssetEditor/PropertiesViewBase.cs
 0.1 kb	 0.0% Packages/com.unity.inputsystem/InputSystem/Editor/AssetEditor/InputActionTreeView.cs
 0.1 kb	 0.0% Packages/com.unity.inputsystem/InputSystem/Editor/Analytics/InputEditorAnalytics.cs
 0.1 kb	 0.0% Packages/com.unity.inputsystem/InputSystem/Editor/Analytics/InputBuildAnalytic.cs
 0.1 kb	 0.0% Packages/com.unity.inputsystem/InputSystem/Devices/InputDeviceMatcher.cs
 0.1 kb	 0.0% Packages/com.unity.inputsystem/InputSystem/Devices/InputDeviceBuilder.cs
 0.1 kb	 0.0% Packages/com.unity.inputsystem/InputSystem/Devices/ITextInputReceiver.cs
 0.1 kb	 0.0% Packages/com.unity.inputsystem/InputSystem/Devices/IEventPreProcessor.cs
 0.1 kb	 0.0% Packages/com.unity.inputsystem/InputSystem/Devices/ICustomDeviceReset.cs
 0.1 kb	 0.0% Packages/com.unity.inputsystem/InputSystem/Devices/Commands/RequestSyncCommand.cs
 0.1 kb	 0.0% Packages/com.unity.inputsystem/InputSystem/Devices/Commands/RequestResetCommand.cs
 0.1 kb	 0.0% Packages/com.unity.inputsystem/InputSystem/Devices/Commands/QueryUserIdCommand.cs
 0.1 kb	 0.0% Packages/com.unity.inputsystem/InputSystem/Devices/Commands/QueryKeyNameCommand.cs
 0.1 kb	 0.0% Packages/com.unity.inputsystem/InputSystem/Devices/Commands/InputDeviceCommand.cs
 0.1 kb	 0.0% Packages/com.unity.inputsystem/InputSystem/Devices/Commands/EnableDeviceCommand.cs
 0.1 kb	 0.0% Packages/com.unity.inputsystem/InputSystem/Devices/Commands/DisableDeviceCommand.cs
 0.1 kb	 0.0% Packages/com.unity.inputsystem/InputSystem/Controls/TouchPressControl.cs
 0.1 kb	 0.0% Packages/com.unity.inputsystem/InputSystem/Controls/TouchPhaseControl.cs
 0.1 kb	 0.0% Packages/com.unity.inputsystem/InputSystem/Controls/QuaternionControl.cs
 0.1 kb	 0.0% Packages/com.unity.inputsystem/InputSystem/Controls/InputControlLayout.cs
 0.1 kb	 0.0% Packages/com.unity.inputsystem/InputSystem/Controls/InputControlExtensions.cs
 0.1 kb	 0.0% Packages/com.unity.inputsystem/InputSystem/Actions/InputInteractionContext.cs
 0.1 kb	 0.0% Packages/com.unity.inputsystem/InputSystem/Actions/InputBindingComposite.cs
 0.1 kb	 0.0% Packages/com.unity.inputsystem/InputSystem/Actions/IInputActionCollection.cs
 0.1 kb	 0.0% Packages/com.unity.collections/Unity.Collections/NativeNotBurstCompatible.cs
 0.1 kb	 0.0% Packages/com.unity.addressables/Runtime/AssetLabelReference.cs
 0.1 kb	 0.0% Packages/com.nianticspatial.nsdk/Runtime/Utilities/Profiling/MockProfiler.cs
 0.1 kb	 0.0% Packages/com.nianticspatial.nsdk/Runtime/Utilities/Profiling/IProfiler.cs
 0.1 kb	 0.0% Packages/com.nianticspatial.nsdk/Runtime/Subsystems/XR/XRVps2Subsystem/XRVps2Subsystem.cs
 0.1 kb	 0.0% Packages/com.nianticspatial.nsdk/Runtime/Subsystems/XR/Common/XRGeolocation.cs
 0.1 kb	 0.0% Packages/com.nianticspatial.nsdk/Runtime/Subsystems/Vps2/Api/NativeApi.cs
 0.1 kb	 0.0% Packages/com.nianticspatial.nsdk/Runtime/Subsystems/SceneSegmentation/Api/MockApi.cs
 0.1 kb	 0.0% Packages/com.nianticspatial.nsdk/Runtime/Subsystems/Scanning/Api/NativeApi.cs
 0.1 kb	 0.0% Packages/com.nianticspatial.nsdk/Runtime/Subsystems/Occlusion/Api/NativeApi.cs
 0.1 kb	 0.0% Packages/com.nianticspatial.nsdk/Runtime/Sites/SitesClientManager.cs
 0.1 kb	 0.0% Packages/com.nianticspatial.nsdk/Runtime/Sites/OrganizationResult.cs
 0.1 kb	 0.0% Packages/com.nianticspatial.nsdk/Runtime/Plugins/ArCommonMetadata.cs
 0.1 kb	 0.0% Packages/com.nianticspatial.nsdk/Runtime/Plugins/ArClientEnvelope.cs
 0.1 kb	 0.0% Packages/com.nianticspatial.nsdk/Runtime/PlatformAdapterManager/DataSources/PlatformDataAcquirer.cs
 0.1 kb	 0.0% Packages/com.nianticspatial.nsdk/Runtime/PlatformAdapterManager/DataFormatConstants.cs
 0.1 kb	 0.0% Packages/com.nianticspatial.nsdk/Runtime/Auth/AuthGatewayAccess.cs
 0.1 kb	 0.0% Packages/com.nianticspatial.nsdk/Runtime/Auth/AuthBuildSettings.cs
 0.1 kb	 0.0% Packages/com.nianticspatial.nsdk/Runtime/ARFoundation/Overrides/PersistentAnchors/MeshDownload/GlobalPoseData.cs
 0.1 kb	 0.0% Packages/com.nianticspatial.nsdk/Runtime/ARFoundation/Overrides/PersistentAnchors/ARVps2AnchorPayload.cs
 0.1 kb	 0.0% Packages/com.nianticspatial.nsdk/Runtime/ARFoundation/Overrides/Occlusion/Extension/Features/Suppression.cs
 0.1 kb	 0.0% Packages/com.nianticspatial.nsdk/Runtime/ARFoundation/Overrides/Occlusion/Extension/Features/DebugView.cs
 0.1 kb	 0.0% Packages/com.nianticspatial.nsdk/Runtime/ARFoundation/Overrides/LocationAR/Components/TransformFixer.cs
 0.1 kb	 0.0% Packages/com.nianticspatial.nsdk/Runtime/API/NsdkGeolocationData.cs
 0.1 kb	 0.0% Packages/com.unity.xr.openxr/Runtime/Settings/PackageSettingsLocator.cs
 0.1 kb	 0.0% Packages/com.unity.xr.openxr/Runtime/OpenXRProjectValidation.cs
 0.1 kb	 0.0% Packages/com.unity.xr.openxr/Runtime/OpenXRLoaderNoPreInit.cs
 0.1 kb	 0.0% Packages/com.unity.xr.management/Runtime/XRManagerSettings.cs
 0.1 kb	 0.0% Packages/com.unity.xr.management/Runtime/XRGeneralSettings.cs
 0.1 kb	 0.0% Packages/com.unity.xr.legacyinputhelpers/Runtime/ArmModels/ArmModel.cs
 0.1 kb	 0.0% Packages/com.unity.xr.core-utils/Runtime/ScriptableSettingsBase.cs
 0.1 kb	 0.0% Packages/com.unity.xr.core-utils/Runtime/Extensions/MonoBehaviourExtensions.cs
 0.1 kb	 0.0% Packages/com.unity.xr.core-utils/Runtime/Datums/StringDatumProperty.cs
 0.1 kb	 0.0% Packages/com.unity.xr.core-utils/Runtime/Datums/FloatDatumProperty.cs
 0.1 kb	 0.0% Packages/com.unity.xr.core-utils/Runtime/Datums/AnimationCurveDatum.cs
 0.1 kb	 0.0% Packages/com.unity.xr.arfoundation/Runtime/ARSubsystems/Textures/XRCpuImage/AsyncConversionStatus.cs
 0.1 kb	 0.0% Packages/com.unity.xr.arfoundation/Runtime/ARFoundation/TrackingMode.cs
 0.1 kb	 0.0% Packages/com.unity.xr.arcore/Runtime/ManagedReferenceImage.cs
 0.1 kb	 0.0% Packages/com.unity.xr.arcore/Runtime/ArRecordingStatus.cs
 0.1 kb	 0.0% Packages/com.unity.xr.arcore/Runtime/ARCoreSessionSubsystem.cs
 0.1 kb	 0.0% Packages/com.unity.xr.arcore/Runtime/ARCoreRuntimeSettings.cs
 0.1 kb	 0.0% Packages/com.unity.xr.arcore/Runtime/ARCoreRaycastSubsystem.cs
 0.1 kb	 0.0% Packages/com.unity.xr.arcore/Runtime/ARCorePermissionManager.cs
 0.1 kb	 0.0% Packages/com.unity.xr.arcore/Runtime/ARCoreOcclusionSubsystem.cs
 0.1 kb	 0.0% Packages/com.unity.xr.arcore/Runtime/ARCoreLoaderConstants.cs
 0.1 kb	 0.0% Packages/com.unity.xr.arcore/Runtime/ARCoreCameraSubsystem.cs
 0.1 kb	 0.0% Packages/com.unity.xr.arcore/Runtime/ARCoreAnchorSubsystem.cs
 0.1 kb	 0.0% Packages/com.unity.ugui/Runtime/UGUI/EventSystem/InputModules/StandaloneInputModule.cs
 0.1 kb	 0.0% Packages/com.unity.rendering.light-transport/Runtime/UnifiedRayTracing/Compute/RadeonRays/StringIDs.cs
 0.1 kb	 0.0% Packages/com.unity.rendering.light-transport/Runtime/UnifiedRayTracing/Compute/RadeonRays/Common.cs
 0.1 kb	 0.0% Packages/com.unity.rendering.light-transport/Runtime/UnifiedRayTracing/Compute/RadeonRays/BvhCheck.cs
 0.1 kb	 0.0% Packages/com.unity.render-pipelines.universal/Runtime/StpUtils.cs
 0.1 kb	 0.0% Packages/com.unity.render-pipelines.universal/Runtime/Overrides/Vignette.cs
 0.1 kb	 0.0% Packages/com.unity.render-pipelines.universal/Runtime/Overrides/Bloom.cs
 0.1 kb	 0.0% Packages/com.unity.render-pipelines.core/Runtime/XR/XRView.cs
 0.1 kb	 0.0% Packages/com.unity.render-pipelines.core/Runtime/XR/XRSystem.cs
 0.1 kb	 0.0% Packages/com.unity.render-pipelines.core/Runtime/XR/XRPass.cs
 0.1 kb	 0.0% Packages/com.unity.render-pipelines.core/Runtime/XR/XRLayout.cs
 0.1 kb	 0.0% Packages/com.unity.render-pipelines.core/Runtime/GPUDriven/BatchLayers.cs
 0.1 kb	 0.0% Packages/com.unity.render-pipelines.core/Runtime/Debugging/DebugUI.Containers.cs
 0.1 kb	 0.0% Packages/com.unity.inputsystem/InputSystem/Utilities/StringHelpers.cs
 0.1 kb	 0.0% Packages/com.unity.inputsystem/InputSystem/Utilities/SpriteUtilities.cs
 0.1 kb	 0.0% Packages/com.unity.inputsystem/InputSystem/Utilities/PrimitiveValue.cs
 0.1 kb	 0.0% Packages/com.unity.inputsystem/InputSystem/Utilities/PredictiveParser.cs
 0.1 kb	 0.0% Packages/com.unity.inputsystem/InputSystem/Utilities/NumberHelpers.cs
 0.1 kb	 0.0% Packages/com.unity.inputsystem/InputSystem/Utilities/MemoryHelpers.cs
 0.1 kb	 0.0% Packages/com.unity.inputsystem/InputSystem/Utilities/InternedString.cs
 0.1 kb	 0.0% Packages/com.unity.inputsystem/InputSystem/Utilities/ExceptionHelpers.cs
 0.1 kb	 0.0% Packages/com.unity.inputsystem/InputSystem/Utilities/DelegateHelpers.cs
 0.1 kb	 0.0% Packages/com.unity.inputsystem/InputSystem/Plugins/iOS/iOSStepCounter.cs
 0.1 kb	 0.0% Packages/com.unity.inputsystem/InputSystem/Plugins/XR/TrackedPoseDriver.cs
 0.1 kb	 0.0% Packages/com.unity.inputsystem/InputSystem/Plugins/XR/Haptics/BufferedRumble.cs
 0.1 kb	 0.0% Packages/com.unity.inputsystem/InputSystem/Plugins/UI/VirtualMouseInput.cs
 0.1 kb	 0.0% Packages/com.unity.inputsystem/InputSystem/Plugins/UI/BaseInputOverride.cs
 0.1 kb	 0.0% Packages/com.unity.inputsystem/InputSystem/Plugins/DualShock/DualShockSupport.cs
 0.1 kb	 0.0% Packages/com.unity.inputsystem/InputSystem/Plugins/DualShock/DualShockGamepad.cs
 0.1 kb	 0.0% Packages/com.unity.inputsystem/InputSystem/Controls/Processors/ScaleProcessor.cs
 0.1 kb	 0.0% Packages/com.unity.inputsystem/InputSystem/Controls/Processors/InvertProcessor.cs
 0.1 kb	 0.0% Packages/com.unity.inputsystem/InputSystem/Controls/Processors/ClampProcessor.cs
 0.1 kb	 0.0% Packages/com.unity.inputsystem/InputSystem/Actions/Interactions/TapInteraction.cs
 0.1 kb	 0.0% Packages/com.unity.inputsystem/InputSystem/Actions/Interactions/PressInteraction.cs
 0.1 kb	 0.0% Packages/com.unity.inputsystem/InputSystem/Actions/Interactions/HoldInteraction.cs
 0.1 kb	 0.0% Packages/com.unity.inputsystem/InputSystem/Actions/InputActionTrace.cs
 0.1 kb	 0.0% Packages/com.unity.inputsystem/InputSystem/Actions/Composites/Vector3Composite.cs
 0.1 kb	 0.0% Packages/com.unity.inputsystem/InputSystem/Actions/Composites/Vector2Composite.cs
 0.1 kb	 0.0% Packages/com.unity.inputsystem/InputSystem/Actions/Composites/AxisComposite.cs
 0.1 kb	 0.0% Packages/com.unity.collections/Unity.Collections/UnsafeBitArray.cs
 0.1 kb	 0.0% Packages/com.unity.collections/Unity.Collections/UTF8ArrayUnsafeUtility.cs
 0.1 kb	 0.0% Packages/com.unity.collections/Unity.Collections/StreamCompressionModel.cs
 0.1 kb	 0.0% Packages/com.unity.collections/Unity.Collections/NativeArrayExtensions.cs
 0.1 kb	 0.0% Packages/com.unity.collections/Unity.Collections/FixedStringInternalMethods.cs
 0.1 kb	 0.0% Packages/com.unity.collections/Unity.Collections/FixedStringFormatMethods.gen.cs
 0.1 kb	 0.0% Packages/com.unity.cloud.gltfast/Runtime/Scripts/Newtonsoft/Schema/TextureExtensions.cs
 0.1 kb	 0.0% Packages/com.unity.cloud.gltfast/Runtime/Scripts/Newtonsoft/Schema/PbrMetallicRoughness.cs
 0.1 kb	 0.0% Packages/com.unity.cloud.gltfast/Runtime/Scripts/Newtonsoft/Schema/OcclusionTextureInfo.cs
 0.1 kb	 0.0% Packages/com.unity.cloud.gltfast/Runtime/Scripts/Newtonsoft/Schema/NormalTextureInfo.cs
 0.1 kb	 0.0% Packages/com.unity.cloud.gltfast/Runtime/Scripts/Newtonsoft/Schema/MaterialExtensions.cs
 0.1 kb	 0.0% Packages/com.unity.cloud.gltfast/Runtime/Scripts/Newtonsoft/Schema/CameraPerspective.cs
 0.1 kb	 0.0% Packages/com.unity.cloud.gltfast/Runtime/Scripts/Newtonsoft/Schema/CameraOrthographic.cs
 0.1 kb	 0.0% Packages/com.unity.cloud.gltfast/Runtime/Scripts/Newtonsoft/Schema/BufferViewExtensions.cs
 0.1 kb	 0.0% Packages/com.unity.cloud.gltfast/Runtime/Scripts/Newtonsoft/Schema/AccessorSparseValues.cs
 0.1 kb	 0.0% Packages/com.unity.cloud.gltfast/Runtime/Scripts/MaterialsVariants/MultiMaterialsVariantsSlotInstances.cs
 0.1 kb	 0.0% Packages/com.unity.cloud.gltfast/Runtime/Scripts/Export/StandardMaterialExportBase.cs
 0.1 kb	 0.0% Packages/com.unity.cloud.gltfast/Runtime/Scripts/Export/MetaMaterialExportBuiltIn.cs
 0.1 kb	 0.0% Packages/com.unity.cloud.gltfast/Runtime/Scripts/Export/GltfUnlitMaterialExporter.cs
 0.1 kb	 0.0% Packages/com.unity.cloud.gltfast/DocExamples/SimpleExport.cs
 0.1 kb	 0.0% Packages/com.unity.cloud.gltfast/DocExamples/ExtraData.cs
 0.1 kb	 0.0% Packages/com.unity.burst/Runtime/CompilerServices/SkipLocalsInitAttribute.cs
 0.1 kb	 0.0% Packages/com.unity.burst/Runtime/CompilerServices/IgnoreWarningAttribute.cs
 0.1 kb	 0.0% Packages/com.unity.animation.rigging/Runtime/Utils/QuaternionExt.cs
 0.1 kb	 0.0% Packages/com.unity.animation.rigging/Runtime/Utils/ConstraintsUtils.cs
 0.1 kb	 0.0% Packages/com.unity.animation.rigging/Runtime/Utils/AffineTransform.cs
 0.1 kb	 0.0% Packages/com.unity.animation.rigging/Runtime/Effectors/RigEffectorData.cs
 0.1 kb	 0.0% Packages/com.unity.animation.rigging/Runtime/AnimationRig/RigBuilderUtils.cs
 0.1 kb	 0.0% Packages/com.unity.animation.rigging/Runtime/AnimationRig/OverrideRigLayer.cs
 0.1 kb	 0.0% Packages/com.unity.animation.rigging/Runtime/AnimationRig/IRigConstraint.cs
 0.1 kb	 0.0% Packages/com.unity.animation.rigging/Runtime/AnimationRig/Constraints/TwistCorrection.cs
 0.1 kb	 0.0% Packages/com.unity.animation.rigging/Runtime/AnimationRig/Constraints/DampedTransform.cs
 0.1 kb	 0.0% Packages/com.unity.animation.rigging/Runtime/AnimationRig/Constraints/BlendConstraint.cs
 0.1 kb	 0.0% Packages/com.unity.addressables/Runtime/ResourceManager/ResourceProviders/WebRequestQueue.cs
 0.1 kb	 0.0% Packages/com.unity.addressables/Runtime/ResourceManager/ResourceProviders/IUpdateReceiver.cs
 0.1 kb	 0.0% Packages/com.unity.addressables/Runtime/ResourceManager/ResourceManager.cs
 0.1 kb	 0.0% Packages/com.unity.addressables/Runtime/AssetReferenceUIRestriction.cs
 0.1 kb	 0.0% Packages/com.nianticspatial.nsdk/Runtime/Utilities/SettingsUtils.cs
 0.1 kb	 0.0% Packages/com.nianticspatial.nsdk/Runtime/Utilities/PoseExtensions.cs
 0.1 kb	 0.0% Packages/com.nianticspatial.nsdk/Runtime/Utilities/NativeData.cs
 0.1 kb	 0.0% Packages/com.nianticspatial.nsdk/Runtime/Utilities/Logging/LogLevel.cs
 0.1 kb	 0.0% Packages/com.nianticspatial.nsdk/Runtime/Utilities/Http/HttpUtility.cs
 0.1 kb	 0.0% Packages/com.nianticspatial.nsdk/Runtime/Utilities/Http/HttpClient.cs
 0.1 kb	 0.0% Packages/com.nianticspatial.nsdk/Runtime/Utilities/Display/XRDisplayContext.cs
 0.1 kb	 0.0% Packages/com.nianticspatial.nsdk/Runtime/Utilities/Display/GameViewUtils.cs
 0.1 kb	 0.0% Packages/com.nianticspatial.nsdk/Runtime/Utilities/Device/FileTracker.cs
 0.1 kb	 0.0% Packages/com.nianticspatial.nsdk/Runtime/Utilities/BurstImageUtils.cs
 0.1 kb	 0.0% Packages/com.nianticspatial.nsdk/Runtime/Telemetry/TelemetryHelper.cs
 0.1 kb	 0.0% Packages/com.nianticspatial.nsdk/Runtime/Subsystems/Common/ExternalTexture/NsdkExternalTexture.cs
 0.1 kb	 0.0% Packages/com.nianticspatial.nsdk/Runtime/Subsystems/Camera/Api/NativeApi.cs
 0.1 kb	 0.0% Packages/com.nianticspatial.nsdk/Runtime/Sites/Api/NativeSitesApi.cs
 0.1 kb	 0.0% Packages/com.nianticspatial.nsdk/Runtime/PlatformAdapterManager/NativeFrameData.cs
 0.1 kb	 0.0% Packages/com.nianticspatial.nsdk/Runtime/NavigationMesh/NsdkNavMesh.cs
 0.1 kb	 0.0% Packages/com.nianticspatial.nsdk/Runtime/NavigationMesh/Internal/SpatialTree.cs
 0.1 kb	 0.0% Packages/com.nianticspatial.nsdk/Runtime/NavigationMesh/Internal/NavMeshModel.cs
 0.1 kb	 0.0% Packages/com.nianticspatial.nsdk/Runtime/Mapping/Maps/XRDeviceMapGraph.cs
 0.1 kb	 0.0% Packages/com.nianticspatial.nsdk/Runtime/Mapping/Data/MapSubGraph.cs
 0.1 kb	 0.0% Packages/com.nianticspatial.nsdk/Runtime/Loader/Settings/EndpointSettings.cs
 0.1 kb	 0.0% Packages/com.nianticspatial.nsdk/Runtime/Loader/PlaybackLoaderHelper.cs
 0.1 kb	 0.0% Packages/com.nianticspatial.nsdk/Runtime/Loader/NsdkLoaderHelper.cs
 0.1 kb	 0.0% Packages/com.nianticspatial.nsdk/Runtime/Loader/NsdkARKitLoader.cs
 0.1 kb	 0.0% Packages/com.nianticspatial.nsdk/Runtime/Loader/NsdkARCoreLoader.cs
 0.1 kb	 0.0% Packages/com.nianticspatial.nsdk/Runtime/Auth/Api/NativeAuthApi.cs
 0.1 kb	 0.0% Packages/com.nianticspatial.nsdk/Runtime/ARFoundation/Overrides/Common/RenderComponent.cs
 0.1 kb	 0.0% Packages/com.unity.xr.openxr/Runtime/NativeTypes/XR_EXT_spatial_persistence_operations/OpenXRNativeApi.cs
 0.1 kb	 0.0% Packages/com.unity.xr.openxr/Runtime/NativeTypes/XR_EXT_spatial_persistence/OpenXRNativeApi.cs
 0.1 kb	 0.0% Packages/com.unity.xr.openxr/Runtime/NativeTypes/XR_EXT_spatial_entity/OpenXRNativeApi.cs
 0.1 kb	 0.0% Packages/com.unity.xr.openxr/Runtime/NativeTypes/XR_EXT_spatial_anchor/OpenXRNativeApi.cs
 0.1 kb	 0.0% Packages/com.unity.xr.openxr/Runtime/NativeTypes/XR_EXT_future/OpenXRNativeApi.cs
 0.1 kb	 0.0% Packages/com.unity.xr.openxr/Runtime/NativeTypes/Core/XrQuaternionf.cs
 0.1 kb	 0.0% Packages/com.unity.xr.openxr/Runtime/NativeTypes/Core/PollEventRouter.cs
 0.1 kb	 0.0% Packages/com.unity.xr.core-utils/Runtime/Attributes/EnumDisplayAttribute.cs
 0.1 kb	 0.0% Packages/com.unity.xr.arfoundation/Runtime/ARSubsystems/XRResultStatus.cs
 0.1 kb	 0.0% Packages/com.unity.xr.arfoundation/Runtime/ARSubsystems/Textures/XRShaderKeywords.cs
 0.1 kb	 0.0% Packages/com.unity.xr.arfoundation/Runtime/ARSubsystems/Textures/ShaderKeywords.cs
 0.1 kb	 0.0% Packages/com.unity.xr.arfoundation/Runtime/ARSubsystems/SerializableGuid.cs
 0.1 kb	 0.0% Packages/com.unity.xr.arfoundation/Runtime/ARSubsystems/ScopedProfiler.cs
 0.1 kb	 0.0% Packages/com.unity.xr.arfoundation/Runtime/ARSubsystems/PointCloudSubsystem/XRPointCloudData.cs
 0.1 kb	 0.0% Packages/com.unity.xr.arfoundation/Runtime/ARSubsystems/PlaneTracking/XRPlaneSubsystem.cs
 0.1 kb	 0.0% Packages/com.unity.xr.arfoundation/Runtime/ARSubsystems/ParticipantSubsystem/XRParticipant.cs
 0.1 kb	 0.0% Packages/com.unity.xr.arfoundation/Runtime/ARSubsystems/OcclusionSubsystem/XROcclusionFrame.cs
 0.1 kb	 0.0% Packages/com.unity.xr.arfoundation/Runtime/ARSubsystems/OcclusionSubsystem/XRNearFarPlanes.cs
 0.1 kb	 0.0% Packages/com.unity.xr.arfoundation/Runtime/ARSubsystems/ObjectTrackingSubsystem/XRTrackedObject.cs
 0.1 kb	 0.0% Packages/com.unity.xr.arfoundation/Runtime/ARSubsystems/MarkerSubsystem/XRSpatialBuffer.cs
 0.1 kb	 0.0% Packages/com.unity.xr.arfoundation/Runtime/ARSubsystems/MarkerSubsystem/XRMarkerBuilder.cs
 0.1 kb	 0.0% Packages/com.unity.xr.arfoundation/Runtime/ARSubsystems/ImageTrackingSubsystem/XRTrackedImage.cs
 0.1 kb	 0.0% Packages/com.unity.xr.arfoundation/Runtime/ARSubsystems/ImageTrackingSubsystem/XRReferenceImage.cs
 0.1 kb	 0.0% Packages/com.unity.xr.arfoundation/Runtime/ARSubsystems/HumanBodySubsystem/XRHumanBodyJoint.cs
 0.1 kb	 0.0% Packages/com.unity.xr.arfoundation/Runtime/ARSubsystems/FaceSubsystem/XRFaceSubsystem.cs
 0.1 kb	 0.0% Packages/com.unity.xr.arfoundation/Runtime/ARSubsystems/FaceSubsystem/XRFaceBlendShape.cs
 0.1 kb	 0.0% Packages/com.unity.xr.arfoundation/Runtime/ARSubsystems/Configuration/Configuration.cs
 0.1 kb	 0.0% Packages/com.unity.xr.arfoundation/Runtime/ARSubsystems/CameraSubsystem/XRCameraParams.cs
 0.1 kb	 0.0% Packages/com.unity.xr.arfoundation/Runtime/ARSubsystems/CameraSubsystem/XRCameraFrame.cs
 0.1 kb	 0.0% Packages/com.unity.xr.arfoundation/Runtime/ARSubsystems/BoundingBoxSubsystem/XRBoundingBox.cs
 0.1 kb	 0.0% Packages/com.unity.xr.arfoundation/Runtime/ARSubsystems/AnchorSubsystem/XRAnchorBuilder.cs
 0.1 kb	 0.0% Packages/com.unity.xr.arfoundation/Runtime/ARSubsystems/ARRenderingUtils.cs
 0.1 kb	 0.0% Packages/com.unity.xr.arfoundation/Runtime/ARFoundation/TrackableSpawner/TrackableSpawner.cs
 0.1 kb	 0.0% Packages/com.unity.xr.arfoundation/Runtime/ARFoundation/TrackableSpawner/TrackableEntry.cs
 0.1 kb	 0.0% Packages/com.unity.xr.arfoundation/Runtime/ARFoundation/Textures/UpdatableCubemap.cs
 0.1 kb	 0.0% Packages/com.unity.xr.arfoundation/Runtime/ARFoundation/RenderingUtility.cs
 0.1 kb	 0.0% Packages/com.unity.xr.arfoundation/Runtime/ARFoundation/PoseExtensions.cs
 0.1 kb	 0.0% Packages/com.unity.xr.arfoundation/Runtime/ARFoundation/LoaderUtility.cs
 0.1 kb	 0.0% Packages/com.unity.xr.arfoundation/Runtime/ARFoundation/IXRMeshSubsystem.cs
 0.1 kb	 0.0% Packages/com.unity.xr.arfoundation/Runtime/ARFoundation/ARUpdateOrder.cs
 0.1 kb	 0.0% Packages/com.unity.xr.arfoundation/Runtime/ARFoundation/ARTrackedObject.cs
 0.1 kb	 0.0% Packages/com.unity.xr.arfoundation/Runtime/ARFoundation/ARTrackedImage.cs
 0.1 kb	 0.0% Packages/com.unity.xr.arfoundation/Runtime/ARFoundation/ARSessionOrigin.cs
 0.1 kb	 0.0% Packages/com.unity.xr.arfoundation/Runtime/ARFoundation/ARRaycastManager.cs
 0.1 kb	 0.0% Packages/com.unity.xr.arfoundation/Runtime/ARFoundation/ARPlaneManager.cs
 0.1 kb	 0.0% Packages/com.unity.xr.arfoundation/Runtime/ARFoundation/ARParticipant.cs
 0.1 kb	 0.0% Packages/com.unity.xr.arfoundation/Runtime/ARFoundation/ARNullTrackable.cs
 0.1 kb	 0.0% Packages/com.unity.xr.arfoundation/Runtime/ARFoundation/ARMeshManager.cs
 0.1 kb	 0.0% Packages/com.unity.xr.arfoundation/Runtime/ARFoundation/ARMarkerManager.cs
 0.1 kb	 0.0% Packages/com.unity.xr.arfoundation/Runtime/ARFoundation/ARInputManager.cs
 0.1 kb	 0.0% Packages/com.unity.xr.arfoundation/Runtime/ARFoundation/ARFaceManager.cs
 0.1 kb	 0.0% Packages/com.unity.xr.arfoundation/Runtime/ARFoundation/ARCameraManager.cs
 0.1 kb	 0.0% Packages/com.unity.xr.arfoundation/Runtime/ARFoundation/ARBoundingBox.cs
 0.1 kb	 0.0% Packages/com.unity.xr.arfoundation/Runtime/ARFoundation/ARAnchorManager.cs
 0.1 kb	 0.0% Packages/com.unity.xr.arcore/Runtime/ArPlaybackStatus.cs
 0.1 kb	 0.0% Packages/com.unity.ugui/Runtime/TMP/TMP_ScrollbarEventHandler.cs
 0.1 kb	 0.0% Packages/com.unity.ugui/Runtime/TMP/TMP_PackageResourceImporter.cs
 0.1 kb	 0.0% Packages/com.unity.timeline/Runtime/Utilities/TimelineCreateUtilities.cs
 0.1 kb	 0.0% Packages/com.unity.timeline/Runtime/Utilities/TimelineClipExtensions.cs
 0.1 kb	 0.0% Packages/com.unity.timeline/Runtime/Utilities/NotificationUtilities.cs
 0.1 kb	 0.0% Packages/com.unity.timeline/Runtime/Playables/PrefabControlPlayable.cs
 0.1 kb	 0.0% Packages/com.unity.timeline/Runtime/Playables/ParticleControlPlayable.cs
 0.1 kb	 0.0% Packages/com.unity.timeline/Runtime/Playables/DirectorControlPlayable.cs
 0.1 kb	 0.0% Packages/com.unity.timeline/Runtime/Events/Signals/CustomSignalEventDrawer.cs
 0.1 kb	 0.0% Packages/com.unity.timeline/Runtime/Attributes/TimelineHelpURLAttribute.cs
 0.1 kb	 0.0% Packages/com.unity.timeline/Runtime/Animation/AnimationPlayableAsset.cs
 0.1 kb	 0.0% Packages/com.unity.timeline/Runtime/Activation/ActivationPlayableAsset.cs
 0.1 kb	 0.0% Packages/com.unity.timeline/Runtime/Activation/ActivationMixerPlayable.cs
 0.1 kb	 0.0% Packages/com.unity.render-pipelines.core/Runtime/Volume/VolumeStack.cs
 0.1 kb	 0.0% Packages/com.unity.render-pipelines.core/Runtime/Utilities/TextureCurve.cs
 0.1 kb	 0.0% Packages/com.unity.render-pipelines.core/Runtime/Utilities/MeshGizmo.cs
 0.1 kb	 0.0% Packages/com.unity.render-pipelines.core/Runtime/Utilities/HashFNV1A32.cs
 0.1 kb	 0.0% Packages/com.unity.render-pipelines.core/Runtime/Utilities/HableCurve.cs
 0.1 kb	 0.0% Packages/com.unity.render-pipelines.core/Runtime/Utilities/GPUPrefixSum/GPUPrefixSum.cs
 0.1 kb	 0.0% Packages/com.unity.render-pipelines.core/Runtime/Utilities/CoreUtils.cs
 0.1 kb	 0.0% Packages/com.unity.render-pipelines.core/Runtime/Utilities/ColorUtils.cs
 0.1 kb	 0.0% Packages/com.unity.render-pipelines.core/Runtime/Textures/TextureXR.cs
 0.1 kb	 0.0% Packages/com.unity.render-pipelines.core/Runtime/Textures/RTHandles.cs
 0.1 kb	 0.0% Packages/com.unity.render-pipelines.core/Runtime/Stripping/IStripper.cs
 0.1 kb	 0.0% Packages/com.unity.render-pipelines.core/Runtime/ShaderLibrary/Sampling/Hammersley.cs
 0.1 kb	 0.0% Packages/com.unity.render-pipelines.core/Runtime/Lighting/ProbeVolume/ProbeVolume.cs
 0.1 kb	 0.0% Packages/com.unity.render-pipelines.core/Runtime/GPUDriven/FrustumPlanes.cs
 0.1 kb	 0.0% Packages/com.unity.render-pipelines.core/Runtime/Debugging/Prefabs/Scripts/UIFoldout.cs
 0.1 kb	 0.0% Packages/com.unity.render-pipelines.core/Runtime/Debugging/DebugUpdater.cs
 0.1 kb	 0.0% Packages/com.unity.render-pipelines.core/Runtime/Debugging/DebugUI.Panel.cs
 0.1 kb	 0.0% Packages/com.unity.render-pipelines.core/Runtime/Debugging/DebugUI.Fields.cs
 0.1 kb	 0.0% Packages/com.unity.render-pipelines.core/Runtime/Debugging/DebugShapes.cs
 0.1 kb	 0.0% Packages/com.unity.render-pipelines.core/Runtime/Debugging/DebugOverlay.cs
 0.1 kb	 0.0% Packages/com.unity.render-pipelines.core/Runtime/Debugging/DebugManager.cs
 0.1 kb	 0.0% Packages/com.unity.render-pipelines.core/Runtime/Camera/FreeCamera.cs
 0.1 kb	 0.0% Packages/com.unity.mathematics/Unity.Mathematics/PropertyAttributes.cs
 0.1 kb	 0.0% Packages/com.unity.inputsystem/InputSystem/State/InputStateBlock.cs
 0.1 kb	 0.0% Packages/com.unity.inputsystem/InputSystem/Plugins/iOS/iOSPostProcessBuild.cs
 0.1 kb	 0.0% Packages/com.unity.inputsystem/InputSystem/Plugins/XInput/XboxGamepadMacOS.cs
 0.1 kb	 0.0% Packages/com.unity.inputsystem/InputSystem/Plugins/XInput/XInputSupport.cs
 0.1 kb	 0.0% Packages/com.unity.inputsystem/InputSystem/Plugins/XInput/XInputController.cs
 0.1 kb	 0.0% Packages/com.unity.inputsystem/InputSystem/Plugins/XInput/IXboxOneRumble.cs
 0.1 kb	 0.0% Packages/com.unity.inputsystem/InputSystem/Plugins/WebGL/WebGLJoystick.cs
 0.1 kb	 0.0% Packages/com.unity.inputsystem/InputSystem/Plugins/UnityRemote/UnityRemoteSupport.cs
 0.1 kb	 0.0% Packages/com.unity.inputsystem/InputSystem/Plugins/Switch/SwitchSupportHID.cs
 0.1 kb	 0.0% Packages/com.unity.inputsystem/InputSystem/Plugins/PlayerInput/PlayerInputManager.cs
 0.1 kb	 0.0% Packages/com.unity.inputsystem/InputSystem/Plugins/PlayerInput/DefaultInputActions.cs
 0.1 kb	 0.0% Packages/com.unity.inputsystem/InputSystem/Plugins/OnScreen/OnScreenSupport.cs
 0.1 kb	 0.0% Packages/com.unity.inputsystem/InputSystem/Plugins/OnScreen/OnScreenStick.cs
 0.1 kb	 0.0% Packages/com.unity.inputsystem/InputSystem/Plugins/OnScreen/OnScreenControl.cs
 0.1 kb	 0.0% Packages/com.unity.inputsystem/InputSystem/Plugins/OnScreen/OnScreenButton.cs
 0.1 kb	 0.0% Packages/com.unity.inputsystem/InputSystem/Plugins/Linux/SDLDeviceBuilder.cs
 0.1 kb	 0.0% Packages/com.unity.inputsystem/InputSystem/Plugins/EnhancedTouch/TouchHistory.cs
 0.1 kb	 0.0% Packages/com.unity.inputsystem/InputSystem/Plugins/Android/AndroidSupport.cs
 0.1 kb	 0.0% Packages/com.unity.inputsystem/InputSystem/InputSystemObject.cs
 0.1 kb	 0.0% Packages/com.unity.inputsystem/InputSystem/InputManagerStateMonitors.cs
 0.1 kb	 0.0% Packages/com.unity.inputsystem/InputSystem/InputFeatureNames.cs
 0.1 kb	 0.0% Packages/com.unity.inputsystem/InputSystem/IInputRuntime.cs
 0.1 kb	 0.0% Packages/com.unity.inputsystem/InputSystem/IInputDiagnostics.cs
 0.1 kb	 0.0% Packages/com.unity.inputsystem/InputSystem/Events/InputEventTrace.cs
 0.1 kb	 0.0% Packages/com.unity.inputsystem/InputSystem/Events/InputEventStream.cs
 0.1 kb	 0.0% Packages/com.unity.inputsystem/InputSystem/Events/InputEventPtr.cs
 0.1 kb	 0.0% Packages/com.unity.inputsystem/InputSystem/Events/InputEventBuffer.cs
 0.1 kb	 0.0% Packages/com.unity.inputsystem/InputSystem/Events/DeviceResetEvent.cs
 0.1 kb	 0.0% Packages/com.unity.inputsystem/InputSystem/Events/DeltaStateEvent.cs
 0.1 kb	 0.0% Packages/com.unity.inputsystem/InputSystem/Editor/UITKAssetEditor/Views/PropertiesView.cs
 0.1 kb	 0.0% Packages/com.unity.inputsystem/InputSystem/Editor/UITKAssetEditor/Views/DropManipulator.cs
 0.1 kb	 0.0% Packages/com.unity.inputsystem/InputSystem/Editor/UITKAssetEditor/Views/CopyPasteHelper.cs
 0.1 kb	 0.0% Packages/com.unity.inputsystem/InputSystem/Editor/UITKAssetEditor/Views/ActionsTreeView.cs
 0.1 kb	 0.0% Packages/com.unity.inputsystem/InputSystem/Editor/UITKAssetEditor/Views/ActionMapsView.cs
 0.1 kb	 0.0% Packages/com.unity.inputsystem/InputSystem/Editor/UITKAssetEditor/StateContainer.cs
 0.1 kb	 0.0% Packages/com.unity.inputsystem/InputSystem/Editor/UITKAssetEditor/ExpressionUtils.cs
 0.1 kb	 0.0% Packages/com.unity.inputsystem/InputSystem/Editor/Internal/TreeViewHelpers.cs
 0.1 kb	 0.0% Packages/com.unity.inputsystem/InputSystem/Editor/Internal/InputStateWindow.cs
 0.1 kb	 0.0% Packages/com.unity.inputsystem/InputSystem/Editor/Internal/EditorHelpers.cs
 0.1 kb	 0.0% Packages/com.unity.inputsystem/InputSystem/Editor/Internal/AdvancedDropdown/AdvancedDropdown.cs
 0.1 kb	 0.0% Packages/com.unity.inputsystem/InputSystem/Editor/InputDiagnostics.cs
 0.1 kb	 0.0% Packages/com.unity.inputsystem/InputSystem/Devices/Haptics/IDualMotorRumble.cs
 0.1 kb	 0.0% Packages/com.unity.inputsystem/InputSystem/Devices/Haptics/DualMotorRumble.cs
 0.1 kb	 0.0% Packages/com.unity.inputsystem/InputSystem/Controls/Vector3Control.cs
 0.1 kb	 0.0% Packages/com.unity.inputsystem/InputSystem/Controls/Vector2Control.cs
 0.1 kb	 0.0% Packages/com.unity.inputsystem/InputSystem/Controls/IntegerControl.cs
 0.1 kb	 0.0% Packages/com.unity.inputsystem/InputSystem/Controls/DoubleControl.cs
 0.1 kb	 0.0% Packages/com.unity.inputsystem/InputSystem/Controls/ButtonControl.cs
 0.1 kb	 0.0% Packages/com.unity.inputsystem/InputSystem/Controls/AnyKeyControl.cs
 0.1 kb	 0.0% Packages/com.unity.inputsystem/InputSystem/Actions/InputControlScheme.cs
 0.1 kb	 0.0% Packages/com.unity.inputsystem/InputSystem/Actions/InputBindingResolver.cs
 0.1 kb	 0.0% Packages/com.unity.inputsystem/InputSystem/Actions/InputActionReference.cs
 0.1 kb	 0.0% Packages/com.unity.inputsystem/InputSystem/Actions/InputActionProperty.cs
 0.1 kb	 0.0% Packages/com.unity.inputsystem/InputSystem/Actions/IInputInteraction.cs
 0.1 kb	 0.0% Packages/com.unity.collections/Unity.Collections/UnsafeList.cs
 0.1 kb	 0.0% Packages/com.unity.collections/Unity.Collections/FixedStringParseMethods.cs
 0.1 kb	 0.0% Packages/com.unity.collections/Unity.Collections/FixedStringAppendMethods.cs
 0.1 kb	 0.0% Packages/com.unity.cloud.gltfast/Runtime/Scripts/Schema/MaterialsVariantsExtension.cs
 0.1 kb	 0.0% Packages/com.unity.cloud.gltfast/Runtime/Scripts/Material/UniveralRPMaterialGenerator.cs
 0.1 kb	 0.0% Packages/com.unity.cloud.gltfast/Runtime/Scripts/Material/ShaderGraphMaterialGenerator.cs
 0.1 kb	 0.0% Packages/com.unity.cloud.gltfast/Runtime/Scripts/Export/VertexAttributeUsage.cs
 0.1 kb	 0.0% Packages/com.unity.addressables/Runtime/IKeyEvaluator.cs
 0.1 kb	 0.0% Packages/com.unity.addressables/Runtime/AssetReference.cs
 0.1 kb	 0.0% Packages/com.unity.addressables/Runtime/AddressablesImpl.cs
 0.1 kb	 0.0% Packages/com.nianticspatial.nsdk/Runtime/Subsystems/XR/XRVps2Subsystem/XRVps2Pose.cs
 0.1 kb	 0.0% Packages/com.nianticspatial.nsdk/Runtime/Subsystems/XR/XRPersistentAnchor/XRVps2Anchor.cs
 0.1 kb	 0.0% Packages/com.nianticspatial.nsdk/Runtime/Subsystems/SceneSegmentation/Api/IApi.cs
 0.1 kb	 0.0% Packages/com.nianticspatial.nsdk/Runtime/Subsystems/Scanning/Api/MockApi.cs
 0.1 kb	 0.0% Packages/com.nianticspatial.nsdk/Runtime/Subsystems/DeviceMapping/Api/IApi.cs
 0.1 kb	 0.0% Packages/com.nianticspatial.nsdk/Runtime/Sites/SiteAssetsResult.cs
 0.1 kb	 0.0% Packages/com.nianticspatial.nsdk/Runtime/Sites/SiteAssetsInfo.cs
 0.1 kb	 0.0% Packages/com.nianticspatial.nsdk/Runtime/Sites/OrganizationInfo.cs
 0.1 kb	 0.0% Packages/com.nianticspatial.nsdk/Runtime/Sites/AssetTypedData.cs
 0.1 kb	 0.0% Packages/com.nianticspatial.nsdk/Runtime/PlatformAdapterManager/ImageConverter.cs
 0.1 kb	 0.0% Packages/com.nianticspatial.nsdk/Runtime/PlatformAdapterManager/DataSources/MockDataAcquirer.cs
 0.1 kb	 0.0% Packages/com.nianticspatial.nsdk/Runtime/Input/InputSpoofData.cs
 0.1 kb	 0.0% Packages/com.nianticspatial.nsdk/Runtime/Core/NsdkUnityContext.cs
 0.1 kb	 0.0% Packages/com.nianticspatial.nsdk/Runtime/Auth/AuthEnvironment.cs
 0.1 kb	 0.0% Packages/com.nianticspatial.nsdk/Runtime/Auth/AuthConstants.cs
 0.1 kb	 0.0% Packages/com.nianticspatial.nsdk/Runtime/ARFoundation/Overrides/Vps2/ARVps2Manager.cs
 0.1 kb	 0.0% Packages/com.nianticspatial.nsdk/Runtime/ARFoundation/Overrides/PersistentAnchors/MeshDownload/NodeToLoad.cs
 0.1 kb	 0.0% Packages/com.nianticspatial.nsdk/Runtime/ARFoundation/Overrides/LocationAR/ARLocation.cs
 0.1 kb	 0.0% Packages/com.nianticspatial.nsdk/Runtime/API/NsdkTransform.cs
 0.1 kb	 0.0% Packages/com.nianticspatial.nsdk/Runtime/API/NsdkStatusUtils.cs
 0.1 kb	 0.0% Packages/com.nianticspatial.nsdk/Runtime/API/NsdkExternUtils.cs
 0.1 kb	 0.0% Packages/com.unity.xr.openxr/Runtime/WaitForRestartFinish.cs
 0.1 kb	 0.0% Packages/com.unity.xr.openxr/Runtime/OpenXRUnityAPI.cs
 0.1 kb	 0.0% Packages/com.unity.xr.openxr/Runtime/OpenXRDiagnosticReport.cs
 0.1 kb	 0.0% Packages/com.unity.xr.openxr/Runtime/NativeTypes/Core/XrResult.cs
 0.1 kb	 0.0% Packages/com.unity.xr.openxr/Runtime/Features/SpaceWarpFeature.cs
 0.1 kb	 0.0% Packages/com.unity.xr.openxr/Runtime/Features/OpenXRFeature.cs
 0.1 kb	 0.0% Packages/com.unity.xr.management/Runtime/XRLoaderHelper.cs
 0.1 kb	 0.0% Packages/com.unity.xr.management/Runtime/IXRLoaderPreInit.cs
 0.1 kb	 0.0% Packages/com.unity.xr.core-utils/Runtime/SerializableGuidUtil.cs
 0.1 kb	 0.0% Packages/com.unity.xr.core-utils/Runtime/OnDestroyNotifier.cs
 0.1 kb	 0.0% Packages/com.unity.xr.core-utils/Runtime/Extensions/Vector3Extensions.cs
 0.1 kb	 0.0% Packages/com.unity.xr.core-utils/Runtime/Extensions/Vector2Extensions.cs
 0.1 kb	 0.0% Packages/com.unity.xr.core-utils/Runtime/Extensions/TransformExtensions.cs
 0.1 kb	 0.0% Packages/com.unity.xr.core-utils/Runtime/Extensions/StopwatchExtensions.cs
 0.1 kb	 0.0% Packages/com.unity.xr.core-utils/Runtime/Extensions/QuaternionExtensions.cs
 0.1 kb	 0.0% Packages/com.unity.xr.core-utils/Runtime/Extensions/LayerMaskExtensions.cs
 0.1 kb	 0.0% Packages/com.unity.xr.core-utils/Runtime/Extensions/HashSetExtensions.cs
 0.1 kb	 0.0% Packages/com.unity.xr.core-utils/Runtime/Extensions/GameObjectExtensions.cs
 0.1 kb	 0.0% Packages/com.unity.xr.core-utils/Runtime/Extensions/DictionaryExtensions.cs
 0.1 kb	 0.0% Packages/com.unity.xr.core-utils/Runtime/Extensions/CollectionExtensions.cs
 0.1 kb	 0.0% Packages/com.unity.xr.core-utils/Runtime/Datums/IntDatumProperty.cs
 0.1 kb	 0.0% Packages/com.unity.xr.core-utils/Runtime/Bindings/IEventBinding.cs
 0.1 kb	 0.0% Packages/com.unity.xr.core-utils/Runtime/Bindings/BindingsGroup.cs
 0.1 kb	 0.0% Packages/com.unity.xr.core-utils/Runtime/Attributes/ReadOnlyAttribute.cs
 0.1 kb	 0.0% Packages/com.unity.xr.arfoundation/Runtime/ARSubsystems/Textures/XRCpuImage/Transformation.cs
 0.1 kb	 0.0% Packages/com.unity.xr.arfoundation/Runtime/ARSubsystems/Textures/XRCpuImage/CpuImageFormat.cs
 0.1 kb	 0.0% Packages/com.unity.xr.arfoundation/Runtime/ARSubsystems/Textures/XRCpuImage/ConversionParams.cs
 0.1 kb	 0.0% Packages/com.unity.xr.arfoundation/Runtime/ARSubsystems/Textures/XRCpuImage/AsyncConversion.cs
 0.1 kb	 0.0% Packages/com.unity.xr.arfoundation/Runtime/ARSubsystems/Supported.cs
 0.1 kb	 0.0% Packages/com.unity.xr.arfoundation/Runtime/ARSubsystems/Configuration/Feature.cs
 0.1 kb	 0.0% Packages/com.unity.xr.arcore/Runtime/Input/InputLayoutLoader.cs
 0.1 kb	 0.0% Packages/com.unity.xr.arcore/Runtime/ArRecordingConfig.cs
 0.1 kb	 0.0% Packages/com.unity.xr.arcore/Runtime/ArCameraConfigFilter.cs
 0.1 kb	 0.0% Packages/com.unity.xr.arcore/Runtime/ARCorePlaneSubsystem.cs
 0.1 kb	 0.0% Packages/com.unity.xr.arcore/Runtime/ARCoreLoaderSettings.cs
 0.1 kb	 0.0% Packages/com.unity.xr.arcore/Runtime/ARCoreImageDatabase.cs
 0.1 kb	 0.0% Packages/com.unity.xr.arcore/Runtime/ARCoreFaceSubsystem.cs
 0.1 kb	 0.0% Packages/com.unity.xr.arcore/Runtime/ARCoreFaceRegionData.cs
 0.1 kb	 0.0% Packages/com.unity.xr.arcore/Runtime/ARCoreCpuImageApi.cs
 0.1 kb	 0.0% Packages/com.unity.ugui/Runtime/UGUI/UI/Core/Utility/ReflectionMethodsCache.cs
 0.1 kb	 0.0% Packages/com.unity.ugui/Runtime/UGUI/UI/Core/MultipleDisplayUtilities.cs
 0.1 kb	 0.0% Packages/com.unity.ugui/Runtime/UGUI/UI/Core/Layout/HorizontalLayoutGroup.cs
 0.1 kb	 0.0% Packages/com.unity.ugui/Runtime/UGUI/UI/Core/IGraphicEnabledDisabled.cs
 0.1 kb	 0.0% Packages/com.unity.ugui/Runtime/UGUI/UI/Core/GraphicRebuildTracker.cs
 0.1 kb	 0.0% Packages/com.unity.ugui/Runtime/UGUI/UI/Core/Culling/RectangularVertexClipper.cs
 0.1 kb	 0.0% Packages/com.unity.ugui/Runtime/UGUI/EventSystem/UIElements/PanelEventHandler.cs
 0.1 kb	 0.0% Packages/com.unity.ugui/Runtime/UGUI/EventSystem/Raycasters/Physics2DRaycaster.cs
 0.1 kb	 0.0% Packages/com.unity.ugui/Runtime/UGUI/EventSystem/InputModules/PointerInputModule.cs
 0.1 kb	 0.0% Packages/com.unity.timeline/Runtime/TimelinePlayable_Animation.cs
 0.1 kb	 0.0% Packages/com.unity.timeline/Runtime/TimelineAttributes.cs
 0.1 kb	 0.0% Packages/com.unity.timeline/Runtime/Playables/BasicScriptPlayable.cs
 0.1 kb	 0.0% Packages/com.unity.rendering.light-transport/Runtime/UnifiedRayTracing/Compute/RadeonRays/Scan.cs
 0.1 kb	 0.0% Packages/com.unity.render-pipelines.core/ShaderLibrary/DummyShaderLibrary.cs
 0.1 kb	 0.0% Packages/com.unity.render-pipelines.core/Runtime/Utilities/GPUSort/GPUSort.Data.cs
 0.1 kb	 0.0% Packages/com.unity.render-pipelines.core/Runtime/Utilities/BitArray.cs
 0.1 kb	 0.0% Packages/com.unity.render-pipelines.core/Runtime/Inputs/InputRegistering.cs
 0.1 kb	 0.0% Packages/com.unity.inputsystem/InputSystem/Utilities/TypeTable.cs
 0.1 kb	 0.0% Packages/com.unity.inputsystem/InputSystem/Utilities/TypeHelpers.cs
 0.1 kb	 0.0% Packages/com.unity.inputsystem/InputSystem/Utilities/Substring.cs
 0.1 kb	 0.0% Packages/com.unity.inputsystem/InputSystem/Utilities/SavedState.cs
 0.1 kb	 0.0% Packages/com.unity.inputsystem/InputSystem/Utilities/Observables/Observable.cs
 0.1 kb	 0.0% Packages/com.unity.inputsystem/InputSystem/Utilities/NamedValue.cs
 0.1 kb	 0.0% Packages/com.unity.inputsystem/InputSystem/Utilities/MiscHelpers.cs
 0.1 kb	 0.0% Packages/com.unity.inputsystem/InputSystem/Utilities/JsonParser.cs
 0.1 kb	 0.0% Packages/com.unity.inputsystem/InputSystem/Utilities/ArrayHelpers.cs
 0.1 kb	 0.0% Packages/com.unity.inputsystem/InputSystem/Plugins/iOS/InputSettingsiOS.cs
 0.1 kb	 0.0% Packages/com.unity.inputsystem/InputSystem/Plugins/XR/XRLayoutBuilder.cs
 0.1 kb	 0.0% Packages/com.unity.inputsystem/InputSystem/Plugins/UI/NavigationModel.cs
 0.1 kb	 0.0% Packages/com.unity.inputsystem/InputSystem/InputUpdateType.cs
 0.1 kb	 0.0% Packages/com.unity.collections/Unity.Collections/UnsafeText.cs
 0.1 kb	 0.0% Packages/com.unity.collections/Unity.Collections/UnsafeStream.cs
 0.1 kb	 0.0% Packages/com.unity.collections/Unity.Collections/RewindableAllocator.cs
 0.1 kb	 0.0% Packages/com.unity.collections/Unity.Collections/FixedStringMethods.cs
 0.1 kb	 0.0% Packages/com.unity.collections/Unity.Collections/AutoFreeAllocator.cs
 0.1 kb	 0.0% Packages/com.unity.cloud.gltfast/Runtime/Scripts/UninterruptedDefaultDeferAgent.cs
 0.1 kb	 0.0% Packages/com.unity.cloud.gltfast/Runtime/Scripts/Newtonsoft/Schema/UnclassifiedData.cs
 0.1 kb	 0.0% Packages/com.unity.cloud.gltfast/Runtime/Scripts/Newtonsoft/Schema/RootExtensions.cs
 0.1 kb	 0.0% Packages/com.unity.cloud.gltfast/Runtime/Scripts/Newtonsoft/Schema/NodeExtensions.cs
 0.1 kb	 0.0% Packages/com.unity.cloud.gltfast/Runtime/Scripts/Newtonsoft/Schema/MeshPrimitive.cs
 0.1 kb	 0.0% Packages/com.unity.cloud.gltfast/Runtime/Scripts/Newtonsoft/Schema/AnimationSampler.cs
 0.1 kb	 0.0% Packages/com.unity.cloud.gltfast/Runtime/Scripts/Newtonsoft/Schema/AnimationChannel.cs
 0.1 kb	 0.0% Packages/com.unity.cloud.gltfast/Runtime/Scripts/Newtonsoft/Schema/AccessorSparse.cs
 0.1 kb	 0.0% Packages/com.unity.cloud.gltfast/Runtime/Scripts/MaterialsVariants/MaterialsVariantsSlotInstances.cs
 0.1 kb	 0.0% Packages/com.unity.cloud.gltfast/Runtime/Scripts/MaterialsVariants/IMaterialsVariantsSlotInstance.cs
 0.1 kb	 0.0% Packages/com.unity.cloud.gltfast/Runtime/Scripts/Loading/CustomHeaderDownloadProvider.cs
 0.1 kb	 0.0% Packages/com.unity.cloud.gltfast/Runtime/Scripts/Export/StandardMaterialExport.cs
 0.1 kb	 0.0% Packages/com.unity.cloud.gltfast/Runtime/Scripts/Export/MeshMaterialCombination.cs
 0.1 kb	 0.0% Packages/com.unity.cloud.gltfast/Runtime/Scripts/Export/GameObjectExportSettings.cs
 0.1 kb	 0.0% Packages/com.unity.burst/Runtime/CompilerServices/AssumeRangeAttribute.cs
 0.1 kb	 0.0% Packages/com.unity.animation.rigging/Runtime/Utils/Vector3Bool.cs
 0.1 kb	 0.0% Packages/com.unity.animation.rigging/Runtime/Utils/BoneRenderer.cs
 0.1 kb	 0.0% Packages/com.unity.animation.rigging/Runtime/AnimationRig/RigTransform.cs
 0.1 kb	 0.0% Packages/com.unity.animation.rigging/Runtime/AnimationRig/RigBuilder.cs
 0.1 kb	 0.0% Packages/com.unity.animation.rigging/Runtime/AnimationRig/IRigLayer.cs
 0.1 kb	 0.0% Packages/com.unity.addressables/Runtime/ResourceManager/Util/MonoBehaviourCallbackHooks.cs
 0.1 kb	 0.0% Packages/com.nianticspatial.nsdk/Runtime/Utilities/Display/CameraMath.cs
 0.1 kb	 0.0% Packages/com.nianticspatial.nsdk/Runtime/Utilities/Display/AffineMath.cs
 0.1 kb	 0.0% Packages/com.nianticspatial.nsdk/Runtime/Subsystems/Lightship/InputReaderImpl.cs
 0.1 kb	 0.0% Packages/com.nianticspatial.nsdk/Runtime/Subsystems/Lightship/IInputReaderImpl.cs
 0.1 kb	 0.0% Packages/com.nianticspatial.nsdk/Runtime/Settings/User/PrivacyData.cs
 0.1 kb	 0.0% Packages/com.nianticspatial.nsdk/Runtime/ScanManagement/ScanStore.cs
 0.1 kb	 0.0% Packages/com.nianticspatial.nsdk/Runtime/ScanManagement/ScanPaths.cs
 0.1 kb	 0.0% Packages/com.nianticspatial.nsdk/Runtime/ScanManagement/API/NativeSqcApi.cs
 0.1 kb	 0.0% Packages/com.nianticspatial.nsdk/Runtime/ScanManagement/API/MockSqcApi.cs
 0.1 kb	 0.0% Packages/com.nianticspatial.nsdk/Runtime/PlatformAdapterManager/DataFormat.cs
 0.1 kb	 0.0% Packages/com.nianticspatial.nsdk/Runtime/NavigationMesh/Internal/Waypoint.cs
 0.1 kb	 0.0% Packages/com.nianticspatial.nsdk/Runtime/NavigationMesh/Internal/Utils.cs
 0.1 kb	 0.0% Packages/com.nianticspatial.nsdk/Runtime/NavigationMesh/Internal/Surface.cs
 0.1 kb	 0.0% Packages/com.nianticspatial.nsdk/Runtime/NavigationMesh/Internal/Quad.cs
 0.1 kb	 0.0% Packages/com.nianticspatial.nsdk/Runtime/NavigationMesh/Internal/GridNode.cs
 0.1 kb	 0.0% Packages/com.nianticspatial.nsdk/Runtime/NavigationMesh/Internal/Bounds.cs
 0.1 kb	 0.0% Packages/com.nianticspatial.nsdk/Runtime/Mapping/Maps/XRDeviceMap.cs
 0.1 kb	 0.0% Packages/com.nianticspatial.nsdk/Runtime/Mapping/Data/MapNode.cs
 0.1 kb	 0.0% Packages/com.nianticspatial.nsdk/Runtime/Loader/Settings/TestSettings.cs
 0.1 kb	 0.0% Packages/com.nianticspatial.nsdk/Runtime/Loader/Settings/NsdkSettings.cs
 0.1 kb	 0.0% Packages/com.nianticspatial.nsdk/Runtime/Loader/INsdkLoader.cs
 0.1 kb	 0.0% Packages/com.nianticspatial.nsdk/Runtime/Input/NsdkInputDevice.cs
 0.1 kb	 0.0% Packages/com.nianticspatial.nsdk/Runtime/Input/LocationService.cs
 0.1 kb	 0.0% Packages/com.nianticspatial.nsdk/Runtime/Auth/AuthSettings.cs
 0.1 kb	 0.0% Assets/Gibi/AssetRuntime/Runtime/ConnectivityPolicy.cs
 0.1 kb	 0.0% Packages/com.unity.xr.openxr/Runtime/input/HapticControl.cs
 0.1 kb	 0.0% Packages/com.unity.xr.openxr/Runtime/NativeTypes/XR_VERSION_1_1/XrExtent3Df.cs
 0.1 kb	 0.0% Packages/com.unity.xr.openxr/Runtime/NativeTypes/Core/XrVector3f.cs
 0.1 kb	 0.0% Packages/com.unity.xr.openxr/Runtime/NativeTypes/Core/XrVector2f.cs
 0.1 kb	 0.0% Packages/com.unity.xr.openxr/Runtime/NativeTypes/Core/XrExtent2Df.cs
 0.1 kb	 0.0% Packages/com.unity.xr.core-utils/Runtime/GUI/ScreenGUIUtils.cs
 0.1 kb	 0.0% Packages/com.unity.xr.core-utils/Runtime/Extensions/UnityEventExtensions.cs
 0.1 kb	 0.0% Packages/com.unity.xr.arfoundation/Runtime/ARSubsystems/TrackingSubsystem/ITrackable.cs
 0.1 kb	 0.0% Packages/com.unity.xr.arfoundation/Runtime/ARSubsystems/TrackableId.cs
 0.1 kb	 0.0% Packages/com.unity.xr.arfoundation/Runtime/ARSubsystems/Textures/XRCpuImage/XRCpuImage.cs
 0.1 kb	 0.0% Packages/com.unity.xr.arfoundation/Runtime/ARSubsystems/RaycastSubsystem/XRRaycastHit.cs
 0.1 kb	 0.0% Packages/com.unity.xr.arfoundation/Runtime/ARSubsystems/RaycastSubsystem/XRRaycast.cs
 0.1 kb	 0.0% Packages/com.unity.xr.arfoundation/Runtime/ARSubsystems/PointCloudSubsystem/XRPointCloud.cs
 0.1 kb	 0.0% Packages/com.unity.xr.arfoundation/Runtime/ARSubsystems/PlaneTracking/BoundedPlane.cs
 0.1 kb	 0.0% Packages/com.unity.xr.arfoundation/Runtime/ARSubsystems/HumanBodySubsystem/XRHumanBody.cs
 0.1 kb	 0.0% Packages/com.unity.xr.arfoundation/Runtime/ARSubsystems/HelpUrls.cs
 0.1 kb	 0.0% Packages/com.unity.xr.arfoundation/Runtime/ARSubsystems/HashCodeUtil.cs
 0.1 kb	 0.0% Packages/com.unity.xr.arfoundation/Runtime/ARSubsystems/FaceSubsystem/XRFaceMesh.cs
 0.1 kb	 0.0% Packages/com.unity.xr.arfoundation/Runtime/ARFoundation/TrackableSpawner/TrackableKey.cs
 0.1 kb	 0.0% Packages/com.unity.xr.arfoundation/Runtime/ARFoundation/ToolButton.cs
 0.1 kb	 0.0% Packages/com.unity.xr.arfoundation/Runtime/ARFoundation/MeshQueue.cs
 0.1 kb	 0.0% Packages/com.unity.xr.arfoundation/Runtime/ARFoundation/IRaycaster.cs
 0.1 kb	 0.0% Packages/com.unity.xr.arfoundation/Runtime/ARFoundation/HelpUrls.cs
 0.1 kb	 0.0% Packages/com.unity.xr.arfoundation/Runtime/ARFoundation/HashCodeUtil.cs
 0.1 kb	 0.0% Packages/com.unity.xr.arfoundation/Runtime/ARFoundation/DebugSlider.cs
 0.1 kb	 0.0% Packages/com.unity.xr.arfoundation/Runtime/ARFoundation/ARTrackable.cs
 0.1 kb	 0.0% Packages/com.unity.xr.arfoundation/Runtime/ARFoundation/ARSession.cs
 0.1 kb	 0.0% Packages/com.unity.xr.arfoundation/Runtime/ARFoundation/ARRaycastHit.cs
 0.1 kb	 0.0% Packages/com.unity.xr.arfoundation/Runtime/ARFoundation/ARRaycast.cs
 0.1 kb	 0.0% Packages/com.unity.xr.arfoundation/Runtime/ARFoundation/ARPoseDriver.cs
 0.1 kb	 0.0% Packages/com.unity.xr.arfoundation/Runtime/ARFoundation/ARPointCloud.cs
 0.1 kb	 0.0% Packages/com.unity.xr.arfoundation/Runtime/ARFoundation/ARHumanBody.cs
 0.1 kb	 0.0% Packages/com.unity.xr.arfoundation/Runtime/ARFoundation/ARDebugMenu.cs
 0.1 kb	 0.0% Packages/com.unity.xr.arcore/Runtime/ImageConversionJobs.cs
 0.1 kb	 0.0% Packages/com.unity.ugui/Runtime/UGUI/UI/Animation/CoroutineTween.cs
 0.1 kb	 0.0% Packages/com.unity.ugui/Runtime/UGUI/EventSystem/EventInterfaces.cs
 0.1 kb	 0.0% Packages/com.unity.ugui/Runtime/TMP/TMPro_ExtensionMethods.cs
 0.1 kb	 0.0% Packages/com.unity.ugui/Runtime/TMP/TMP_TextParsingUtilities.cs
 0.1 kb	 0.0% Packages/com.unity.ugui/Runtime/TMP/TMP_TextElement_Legacy.cs
 0.1 kb	 0.0% Packages/com.unity.ugui/Runtime/TMP/TMP_FontAssetUtilities.cs
 0.1 kb	 0.0% Packages/com.unity.ugui/Runtime/TMP/MaterialReferenceManager.cs
 0.1 kb	 0.0% Packages/com.unity.ugui/Runtime/TMP/FontFeatureCommonGSUB.cs
 0.1 kb	 0.0% Packages/com.unity.timeline/Runtime/Utilities/IPropertyCollector.cs
 0.1 kb	 0.0% Packages/com.unity.timeline/Runtime/Utilities/AnimatorBindingCache.cs
 0.1 kb	 0.0% Packages/com.unity.timeline/Runtime/Playables/TimeControlPlayable.cs
 0.1 kb	 0.0% Packages/com.unity.timeline/Runtime/Extensions/SelectionExtensions.cs
 0.1 kb	 0.0% Packages/com.unity.timeline/Runtime/Evaluation/ScheduleRuntimeClip.cs
 0.1 kb	 0.0% Packages/com.unity.timeline/Runtime/Evaluation/InfiniteRuntimeClip.cs
 0.1 kb	 0.0% Packages/com.unity.timeline/Runtime/Control/ControlPlayableAsset.cs
 0.1 kb	 0.0% Packages/com.unity.timeline/Runtime/Audio/AudioPlayableAsset.cs
 0.1 kb	 0.0% Packages/com.unity.timeline/Runtime/Audio/AudioMixerProperties.cs
 0.1 kb	 0.0% Packages/com.unity.timeline/Runtime/Audio/AudioClipProperties.cs
 0.1 kb	 0.0% Packages/com.unity.timeline/Runtime/Attributes/TrackColorAttribute.cs
 0.1 kb	 0.0% Packages/com.unity.render-pipelines.universal/Runtime/2D/Shadows/ShadowProvider/VertexDictionary.cs
 0.1 kb	 0.0% Packages/com.unity.render-pipelines.core/Runtime/Volume/Volume.cs
 0.1 kb	 0.0% Packages/com.unity.render-pipelines.core/Runtime/Volume/IVolume.cs
 0.1 kb	 0.0% Packages/com.unity.render-pipelines.core/Runtime/Utilities/GPUSort/GPUSort.cs
 0.1 kb	 0.0% Packages/com.unity.render-pipelines.core/Runtime/Utilities/FSRUtils.cs
 0.1 kb	 0.0% Packages/com.unity.render-pipelines.core/Runtime/Utilities/Blitter.cs
 0.1 kb	 0.0% Packages/com.unity.render-pipelines.core/Runtime/Textures/RTHandle.cs
 0.1 kb	 0.0% Packages/com.unity.render-pipelines.core/Runtime/Debugging/DebugUI.cs
 0.1 kb	 0.0% Packages/com.unity.inputsystem/InputSystem/Utilities/DynamicBitfield.cs
 0.1 kb	 0.0% Packages/com.unity.inputsystem/InputSystem/State/InputState.cs
 0.1 kb	 0.0% Packages/com.unity.inputsystem/InputSystem/Plugins/WebGL/WebGLSupport.cs
 0.1 kb	 0.0% Packages/com.unity.inputsystem/InputSystem/Plugins/WebGL/WebGLGamepad.cs
 0.1 kb	 0.0% Packages/com.unity.inputsystem/InputSystem/Plugins/Users/InputUser.cs
 0.1 kb	 0.0% Packages/com.unity.inputsystem/InputSystem/Plugins/Linux/LinuxSupport.cs
 0.1 kb	 0.0% Packages/com.unity.inputsystem/InputSystem/Plugins/EnhancedTouch/Touch.cs
 0.1 kb	 0.0% Packages/com.unity.inputsystem/InputSystem/Plugins/EnhancedTouch/Finger.cs
 0.1 kb	 0.0% Packages/com.unity.inputsystem/InputSystem/InputSettings.cs
 0.1 kb	 0.0% Packages/com.unity.inputsystem/InputSystem/InputMetrics.cs
 0.1 kb	 0.0% Packages/com.unity.inputsystem/InputSystem/InputExtensions.cs
 0.1 kb	 0.0% Packages/com.unity.inputsystem/InputSystem/InputAnalytics.cs
 0.1 kb	 0.0% Packages/com.unity.inputsystem/InputSystem/Events/TextEvent.cs
 0.1 kb	 0.0% Packages/com.unity.inputsystem/InputSystem/Events/StateEvent.cs
 0.1 kb	 0.0% Packages/com.unity.inputsystem/InputSystem/Events/InputEvent.cs
 0.1 kb	 0.0% Packages/com.unity.inputsystem/InputSystem/Events/ActionEvent.cs
 0.1 kb	 0.0% Packages/com.unity.inputsystem/InputSystem/Editor/UITKAssetEditor/Views/Selectors.cs
 0.1 kb	 0.0% Packages/com.unity.inputsystem/InputSystem/Editor/UITKAssetEditor/Views/ContextMenu.cs
 0.1 kb	 0.0% Packages/com.unity.inputsystem/InputSystem/Editor/Internal/GUIHelpers.cs
 0.1 kb	 0.0% Packages/com.unity.inputsystem/InputSystem/Devices/TrackedDevice.cs
 0.1 kb	 0.0% Packages/com.unity.inputsystem/InputSystem/Devices/Remote/InputRemoting.cs
 0.1 kb	 0.0% Packages/com.unity.inputsystem/InputSystem/Devices/Precompiled/FastTouchscreen.cs
 0.1 kb	 0.0% Packages/com.unity.inputsystem/InputSystem/Devices/Precompiled/FastMouse.partial.cs
 0.1 kb	 0.0% Packages/com.unity.inputsystem/InputSystem/Devices/IEventMerger.cs
 0.1 kb	 0.0% Packages/com.unity.inputsystem/InputSystem/Controls/TouchControl.cs
 0.1 kb	 0.0% Packages/com.unity.inputsystem/InputSystem/Controls/StickControl.cs
 0.1 kb	 0.0% Packages/com.unity.inputsystem/InputSystem/Controls/KeyControl.cs
 0.1 kb	 0.0% Packages/com.unity.inputsystem/InputSystem/Controls/InputProcessor.cs
 0.1 kb	 0.0% Packages/com.unity.inputsystem/InputSystem/Controls/InputControlPath.cs
 0.1 kb	 0.0% Packages/com.unity.inputsystem/InputSystem/Controls/DpadControl.cs
 0.1 kb	 0.0% Packages/com.unity.inputsystem/InputSystem/Controls/DeltaControl.cs
 0.1 kb	 0.0% Packages/com.unity.inputsystem/InputSystem/Controls/AxisControl.cs
 0.1 kb	 0.0% Packages/com.unity.inputsystem/InputSystem/Actions/InputActionState.cs
 0.1 kb	 0.0% Packages/com.unity.inputsystem/InputSystem/Actions/InputActionMap.cs
 0.1 kb	 0.0% Packages/com.unity.inputsystem/InputSystem/Actions/InputActionAsset.cs
 0.1 kb	 0.0% Packages/com.unity.collections/Unity.Collections/UnsafeQueue.cs
 0.1 kb	 0.0% Packages/com.unity.collections/Unity.Collections/NativeHashMap.cs
 0.1 kb	 0.0% Packages/com.unity.collections/Unity.Collections/FixedStringFormat.gen.cs
 0.1 kb	 0.0% Packages/com.unity.collections/Unity.Collections/FixedString.gen.cs
 0.1 kb	 0.0% Packages/com.unity.cloud.gltfast/Runtime/Scripts/Newtonsoft/Schema/GltfAnimation.cs
 0.1 kb	 0.0% Packages/com.unity.cloud.gltfast/Runtime/Scripts/Material/BuiltInMaterialGenerator.cs
 0.1 kb	 0.0% Packages/com.unity.addressables/Runtime/Addressables.cs
 0.1 kb	 0.0% Packages/com.nianticspatial.nsdk/Runtime/Utilities/CollectionExtensions.cs
 0.1 kb	 0.0% Packages/com.nianticspatial.nsdk/Runtime/Subsystems/Vps2/Api/IApi.cs
 0.1 kb	 0.0% Packages/com.nianticspatial.nsdk/Runtime/Subsystems/Scanning/Api/IApi.cs
 0.1 kb	 0.0% Packages/com.nianticspatial.nsdk/Runtime/Subsystems/Occlusion/Api/IApi.cs
 0.1 kb	 0.0% Packages/com.nianticspatial.nsdk/Runtime/Sites/UserResult.cs
 0.1 kb	 0.0% Packages/com.nianticspatial.nsdk/Runtime/Sites/SitesClient.cs
 0.1 kb	 0.0% Packages/com.nianticspatial.nsdk/Runtime/Sites/SiteResult.cs
 0.1 kb	 0.0% Packages/com.nianticspatial.nsdk/Runtime/Sites/AssetResult.cs
 0.1 kb	 0.0% Packages/com.nianticspatial.nsdk/Runtime/Sites/AssetInfo.cs
 0.1 kb	 0.0% Packages/com.nianticspatial.nsdk/Runtime/PlatformAdapterManager/NsdkCpuImage.cs
 0.1 kb	 0.0% Packages/com.nianticspatial.nsdk/Runtime/PlatformAdapterManager/API/NativeApi.cs
 0.1 kb	 0.0% Packages/com.nianticspatial.nsdk/Runtime/PackageInfo.cs
 0.1 kb	 0.0% Packages/com.nianticspatial.nsdk/Runtime/Core/NsdkPlugin.cs
 0.1 kb	 0.0% Packages/com.nianticspatial.nsdk/Runtime/Auth/AuthClient.cs
 0.1 kb	 0.0% Packages/com.nianticspatial.nsdk/Runtime/ARFoundation/Overrides/PersistentAnchors/ARVps2Anchor.cs
 0.1 kb	 0.0% Packages/com.nianticspatial.nsdk/Runtime/API/NsdkString.cs
 0.1 kb	 0.0% Packages/com.nianticspatial.nsdk/Runtime/API/NsdkMatrix.cs
 0.1 kb	 0.0% Packages/com.nianticspatial.nsdk/Runtime/API/NsdkBuffer.cs
 0.1 kb	 0.0% Packages/com.unity.xr.openxr/Runtime/Settings/OpenXRSettings.cs
 0.1 kb	 0.0% Packages/com.unity.xr.openxr/Runtime/Settings/IPackageSettings.cs
 0.1 kb	 0.0% Packages/com.unity.xr.openxr/Runtime/OpenXRUtility.cs
 0.1 kb	 0.0% Packages/com.unity.xr.openxr/Runtime/OpenXRRuntime.cs
 0.1 kb	 0.0% Packages/com.unity.xr.openxr/Runtime/OpenXRRestarter.cs
 0.1 kb	 0.0% Packages/com.unity.xr.openxr/Runtime/OpenXRLoaderBase.cs
 0.1 kb	 0.0% Packages/com.unity.xr.openxr/Runtime/OpenXRApiVersion.cs
 0.1 kb	 0.0% Packages/com.unity.xr.openxr/Runtime/OpenXRAnalytics.cs
 0.1 kb	 0.0% Packages/com.unity.xr.core-utils/Runtime/XRLoggingUtils.cs
 0.1 kb	 0.0% Packages/com.unity.xr.core-utils/Runtime/UnityObjectUtils.cs
 0.1 kb	 0.0% Packages/com.unity.xr.core-utils/Runtime/SerializableGuid.cs
 0.1 kb	 0.0% Packages/com.unity.xr.core-utils/Runtime/ReflectionUtils.cs
 0.1 kb	 0.0% Packages/com.unity.xr.core-utils/Runtime/NativeArrayUtils.cs
 0.1 kb	 0.0% Packages/com.unity.xr.core-utils/Runtime/MaterialUtils.cs
 0.1 kb	 0.0% Packages/com.unity.xr.core-utils/Runtime/GeometryUtils.cs
 0.1 kb	 0.0% Packages/com.unity.xr.core-utils/Runtime/GameObjectUtils.cs
 0.1 kb	 0.0% Packages/com.unity.xr.core-utils/Runtime/Extensions/TypeExtensions.cs
 0.1 kb	 0.0% Packages/com.unity.xr.core-utils/Runtime/Extensions/StringExtensions.cs
 0.1 kb	 0.0% Packages/com.unity.xr.core-utils/Runtime/Extensions/PoseExtensions.cs
 0.1 kb	 0.0% Packages/com.unity.xr.core-utils/Runtime/Extensions/ListExtensions.cs
 0.1 kb	 0.0% Packages/com.unity.xr.core-utils/Runtime/Extensions/GuidExtensions.cs
 0.1 kb	 0.0% Packages/com.unity.xr.core-utils/Runtime/Extensions/CameraExtensions.cs
 0.1 kb	 0.0% Packages/com.unity.xr.core-utils/Runtime/Extensions/BoundsExtensions.cs
 0.1 kb	 0.0% Packages/com.unity.xr.core-utils/Runtime/Datums/StringDatum.cs
 0.1 kb	 0.0% Packages/com.unity.xr.core-utils/Runtime/Datums/FloatDatum.cs
 0.1 kb	 0.0% Packages/com.unity.xr.core-utils/Runtime/ComponentUtils.cs
 0.1 kb	 0.0% Packages/com.unity.xr.core-utils/Runtime/Bindings/EventBinding.cs
 0.1 kb	 0.0% Packages/com.unity.xr.arfoundation/Runtime/ARSubsystems/Textures/XRCpuImage/Plane.cs
 0.1 kb	 0.0% Packages/com.unity.xr.arfoundation/Runtime/ARFoundation/Assert.cs
 0.1 kb	 0.0% Packages/com.unity.xr.arcore/Runtime/StringExtensions.cs
 0.1 kb	 0.0% Packages/com.unity.xr.arcore/Runtime/ArCameraConfig.cs
 0.1 kb	 0.0% Packages/com.unity.ugui/Runtime/UGUI/UI/Core/SetPropertyUtility.cs
 0.1 kb	 0.0% Packages/com.unity.ugui/Runtime/UGUI/UI/Core/MaterialModifiers/IMaterialModifier.cs
 0.1 kb	 0.0% Packages/com.unity.ugui/Runtime/UGUI/UI/Core/Layout/VerticalLayoutGroup.cs
 0.1 kb	 0.0% Packages/com.unity.ugui/Runtime/UGUI/UI/Core/Layout/ContentSizeFitter.cs
 0.1 kb	 0.0% Packages/com.unity.ugui/Runtime/UGUI/UI/Core/Layout/AspectRatioFitter.cs
 0.1 kb	 0.0% Packages/com.unity.ugui/Runtime/UGUI/UI/Core/FontUpdateTracker.cs
 0.1 kb	 0.0% Packages/com.unity.ugui/Runtime/UGUI/UI/Core/CanvasUpdateRegistry.cs
 0.1 kb	 0.0% Packages/com.unity.ugui/Runtime/UGUI/UI/Core/AnimationTriggers.cs
 0.1 kb	 0.0% Packages/com.unity.ugui/Runtime/UGUI/EventSystem/UIElements/PanelRaycaster.cs
 0.1 kb	 0.0% Packages/com.unity.ugui/Runtime/UGUI/EventSystem/Raycasters/PhysicsRaycaster.cs
 0.1 kb	 0.0% Packages/com.unity.ugui/Runtime/UGUI/EventSystem/Raycasters/BaseRaycaster.cs
 0.1 kb	 0.0% Packages/com.unity.ugui/Runtime/UGUI/EventSystem/RaycasterManager.cs
 0.1 kb	 0.0% Packages/com.unity.ugui/Runtime/UGUI/EventSystem/RaycastResult.cs
 0.1 kb	 0.0% Packages/com.unity.ugui/Runtime/UGUI/EventSystem/InputModules/TouchInputModule.cs
 0.1 kb	 0.0% Packages/com.unity.ugui/Runtime/UGUI/EventSystem/InputModules/BaseInputModule.cs
 0.1 kb	 0.0% Packages/com.unity.ugui/Runtime/UGUI/EventSystem/ExecuteEvents.cs
 0.1 kb	 0.0% Packages/com.unity.ugui/Runtime/UGUI/EventSystem/EventData/PointerEventData.cs
 0.1 kb	 0.0% Packages/com.unity.ugui/Runtime/UGUI/EventSystem/EventData/BaseEventData.cs
 0.1 kb	 0.0% Packages/com.unity.ugui/Runtime/UGUI/EventSystem/EventData/AxisEventData.cs
 0.1 kb	 0.0% Packages/com.unity.ugui/Runtime/TMP/TMP_TextProcessingStack.cs
 0.1 kb	 0.0% Packages/com.unity.ugui/Runtime/TMP/TMP_FontFeaturesCommon.cs
 0.1 kb	 0.0% Packages/com.unity.timeline/Runtime/Extensions/TrackExtensions.cs
 0.1 kb	 0.0% Packages/com.unity.timeline/Runtime/ClipCaps.cs
 0.1 kb	 0.0% Packages/com.unity.render-pipelines.core/Runtime/Lights/LightAnchor.cs
 0.1 kb	 0.0% Packages/com.unity.render-pipelines.core/Runtime/GPUDriven/AABB.cs
 0.1 kb	 0.0% Packages/com.unity.mathematics/Unity.Mathematics/rigid_transform.cs
 0.1 kb	 0.0% Packages/com.unity.mathematics/Unity.Mathematics/math_unity_conversion.cs
 0.1 kb	 0.0% Packages/com.unity.mathematics/Unity.Mathematics/affine_transform.cs
 0.1 kb	 0.0% Packages/com.unity.mathematics/Unity.Mathematics/Geometry/MinMaxAABB.cs
 0.1 kb	 0.0% Packages/com.unity.inputsystem/InputSystem/Utilities/FourCC.cs
 0.1 kb	 0.0% Packages/com.unity.inputsystem/InputSystem/Plugins/iOS/iOSSupport.cs
 0.1 kb	 0.0% Packages/com.unity.inputsystem/InputSystem/Plugins/XR/XRSupport.cs
 0.1 kb	 0.0% Packages/com.unity.inputsystem/InputSystem/Plugins/XR/GenericXRDevice.cs
 0.1 kb	 0.0% Packages/com.unity.inputsystem/InputSystem/Plugins/XR/Devices/WindowsMR.cs
 0.1 kb	 0.0% Packages/com.unity.inputsystem/InputSystem/Plugins/XR/Controls/PoseControl.cs
 0.1 kb	 0.0% Packages/com.unity.inputsystem/InputSystem/Plugins/UI/PointerModel.cs
 0.1 kb	 0.0% Packages/com.unity.inputsystem/InputSystem/Plugins/OSX/OSXSupport.cs
 0.1 kb	 0.0% Packages/com.unity.inputsystem/InputSystem/Plugins/HID/HIDSupport.cs
 0.1 kb	 0.0% Packages/com.unity.inputsystem/InputSystem/Plugins/HID/HIDParser.cs
 0.1 kb	 0.0% Packages/com.unity.collections/Unity.Collections/xxHash3.StreamingState.cs
 0.1 kb	 0.0% Packages/com.unity.collections/Unity.Collections/NativeSort.cs
 0.1 kb	 0.0% Packages/com.unity.collections/Unity.Collections/NativeBitArray.cs
 0.1 kb	 0.0% Packages/com.unity.collections/Unity.Collections/ListExtensions.cs
 0.1 kb	 0.0% Packages/com.unity.collections/Unity.Collections/Jobs/IJobParallelForDefer.cs
 0.1 kb	 0.0% Packages/com.unity.collections/Unity.Collections/Jobs/IJobParallelForBatch.cs
 0.1 kb	 0.0% Packages/com.unity.collections/Unity.Collections/FixedStringUtils.cs
 0.1 kb	 0.0% Packages/com.unity.collections/Unity.Collections/DataStreamWriter.cs
 0.1 kb	 0.0% Packages/com.unity.collections/Unity.Collections/DataStreamReader.cs
 0.1 kb	 0.0% Packages/com.unity.collections/Unity.Collections/ConcurrentMask.cs
 0.1 kb	 0.0% Packages/com.unity.collections/Unity.Collections/CollectionHelper.cs
 0.1 kb	 0.0% Packages/com.unity.collections/Unity.Collections/AllocatorManager.cs
 0.1 kb	 0.0% Packages/com.unity.cloud.gltfast/Runtime/Scripts/VertexBufferGeneratorBase.cs
 0.1 kb	 0.0% Packages/com.unity.cloud.gltfast/Runtime/Scripts/TimeBudgetPerFrameDeferAgent.cs
 0.1 kb	 0.0% Packages/com.unity.cloud.gltfast/Runtime/Scripts/Schema/TextureInfoExtensions.cs
 0.1 kb	 0.0% Packages/com.unity.cloud.gltfast/Runtime/Scripts/Schema/PbrSpecularGlossiness.cs
 0.1 kb	 0.0% Packages/com.unity.cloud.gltfast/Runtime/Scripts/Schema/MaterialPbrMetallicRoughness.cs
 0.1 kb	 0.0% Packages/com.unity.cloud.gltfast/Runtime/Scripts/Schema/AnimationChannelTarget.cs
 0.1 kb	 0.0% Packages/com.unity.cloud.gltfast/Runtime/Scripts/Schema/AccessorSparseIndices.cs
 0.1 kb	 0.0% Packages/com.unity.cloud.gltfast/Runtime/Scripts/Newtonsoft/Schema/TextureInfo.cs
 0.1 kb	 0.0% Packages/com.unity.cloud.gltfast/Runtime/Scripts/Newtonsoft/Schema/MeshExtras.cs
 0.1 kb	 0.0% Packages/com.unity.cloud.gltfast/Runtime/Scripts/Newtonsoft/Schema/IJsonObject.cs
 0.1 kb	 0.0% Packages/com.unity.cloud.gltfast/Runtime/Scripts/Newtonsoft/Schema/BufferView.cs
 0.1 kb	 0.0% Packages/com.unity.cloud.gltfast/Runtime/Scripts/MaterialsVariants/MaterialsVariantsComponent.cs
 0.1 kb	 0.0% Packages/com.unity.cloud.gltfast/Runtime/Scripts/Loading/DefaultDownloadProvider.cs
 0.1 kb	 0.0% Packages/com.unity.cloud.gltfast/Runtime/Scripts/IMaterialsVariantsProvider.cs
 0.1 kb	 0.0% Packages/com.unity.cloud.gltfast/Runtime/Scripts/GameObjectBoundsInstantiator.cs
 0.1 kb	 0.0% Packages/com.unity.cloud.gltfast/Runtime/Scripts/Export/NormalImageExport.cs
 0.1 kb	 0.0% Packages/com.unity.cloud.gltfast/Runtime/Scripts/Export/MaterialExportBase.cs
 0.1 kb	 0.0% Packages/com.unity.cloud.gltfast/Runtime/Scripts/Export/LitMaterialExport.cs
 0.1 kb	 0.0% Packages/com.unity.cloud.gltfast/Runtime/Scripts/Export/KhrLightsPunctual.cs
 0.1 kb	 0.0% Packages/com.unity.cloud.gltfast/Runtime/Scripts/Export/GltfMaterialExporter.cs
 0.1 kb	 0.0% Packages/com.unity.cloud.gltfast/Runtime/Scripts/Export/DracoExportSettings.cs
 0.1 kb	 0.0% Packages/com.unity.cloud.gltfast/Runtime/Scripts/CancellationTokenExtension.cs
 0.1 kb	 0.0% Packages/com.unity.burst/Runtime/SafeStringArrayHelper.cs
 0.1 kb	 0.0% Packages/com.unity.burst/Runtime/Editor/BurstEditorOptions.cs
 0.1 kb	 0.0% Packages/com.unity.burst/Runtime/Editor/BurstCompileTarget.cs
 0.1 kb	 0.0% Packages/com.unity.burst/Runtime/Editor/BurstAssemblyDisable.cs
 0.1 kb	 0.0% Packages/com.unity.burst/Runtime/BurstCompileAttribute.cs
 0.1 kb	 0.0% Packages/com.unity.animation.rigging/Runtime/AnimationRig/RigUtils.cs
 0.1 kb	 0.0% Packages/com.unity.animation.rigging/Runtime/AnimationRig/RigLayer.cs
 0.1 kb	 0.0% Packages/com.nianticspatial.nsdk/Runtime/Utilities/Profiling/CustomProcessingOptions.cs
 0.1 kb	 0.0% Packages/com.nianticspatial.nsdk/Runtime/Utilities/MatrixUtils.cs
 0.1 kb	 0.0% Packages/com.nianticspatial.nsdk/Runtime/Utilities/Logging/Log.cs
 0.1 kb	 0.0% Packages/com.nianticspatial.nsdk/Runtime/Utilities/Logging/IApi.cs
 0.1 kb	 0.0% Packages/com.nianticspatial.nsdk/Runtime/Utilities/LatLng.cs
 0.1 kb	 0.0% Packages/com.nianticspatial.nsdk/Runtime/Subsystems/Lightship/InputReader.cs
 0.1 kb	 0.0% Packages/com.nianticspatial.nsdk/Runtime/Settings/User/Metadata.cs
 0.1 kb	 0.0% Packages/com.nianticspatial.nsdk/Runtime/ScanManagement/API/ISqcApi.cs
 0.1 kb	 0.0% Packages/com.nianticspatial.nsdk/Runtime/NavigationMesh/Internal/Path.cs
 0.1 kb	 0.0% Assets/Gibi/Gameplay/Runtime/TrainingStateMachine.cs
 0.1 kb	 0.0% Assets/Gibi/Gameplay/Runtime/PlacementController.cs
 0.1 kb	 0.0% Assets/Gibi/AssetRuntime/Runtime/PresetCatalog.cs
 0.1 kb	 0.0% Assets/Gibi/AssetRuntime/Runtime/PetAssetLoader.cs
 0.1 kb	 0.0% Assets/Gibi/AssetRuntime/Runtime/JsonFlattener.cs
 0.1 kb	 0.0% Assets/Gibi/AssetRuntime/Runtime/Ed25519Verifier.cs
 0.1 kb	 0.0% Assets/Gibi/AssetRuntime/Runtime/AssetVerifier.cs
 0.1 kb	 0.0% Packages/com.unity.xr.openxr/Runtime/input/PoseControl.cs
 0.1 kb	 0.0% Packages/com.unity.xr.openxr/Runtime/input/OpenXRInput.cs
 0.1 kb	 0.0% Packages/com.unity.xr.openxr/Runtime/input/OpenXRHmd.cs
 0.1 kb	 0.0% Packages/com.unity.xr.openxr/Runtime/input/OpenXRDevice.cs
 0.1 kb	 0.0% Packages/com.unity.xr.openxr/Runtime/NativeTypes/XR_VERSION_1_1/XrUuid.cs
 0.1 kb	 0.0% Packages/com.unity.xr.openxr/Runtime/NativeTypes/XR_VERSION_1_1/XrBoxf.cs
 0.1 kb	 0.0% Packages/com.unity.xr.openxr/Runtime/NativeTypes/Core/XrPosef.cs
 0.1 kb	 0.0% Packages/com.unity.xr.openxr/Runtime/NativeTypes/Core/XrFovf.cs
 0.1 kb	 0.0% Packages/com.unity.xr.arfoundation/Runtime/ARSubsystems/Textures/XRCpuImage/Api.cs
 0.1 kb	 0.0% Packages/com.unity.xr.arfoundation/Runtime/ARSubsystems/OcclusionSubsystem/XRFov.cs
 0.1 kb	 0.0% Packages/com.unity.xr.arfoundation/Runtime/ARSubsystems/MarkerSubsystem/XRMarker.cs
 0.1 kb	 0.0% Packages/com.unity.xr.arfoundation/Runtime/ARSubsystems/GuidUtil.cs
 0.1 kb	 0.0% Packages/com.unity.xr.arfoundation/Runtime/ARSubsystems/FaceSubsystem/XRFace.cs
 0.1 kb	 0.0% Packages/com.unity.xr.arfoundation/Runtime/ARSubsystems/AnchorSubsystem/XRAnchor.cs
 0.1 kb	 0.0% Packages/com.unity.xr.arfoundation/Runtime/ARFoundation/ARPlane.cs
 0.1 kb	 0.0% Packages/com.unity.xr.arfoundation/Runtime/ARFoundation/ARMarker.cs
 0.1 kb	 0.0% Packages/com.unity.xr.arfoundation/Runtime/ARFoundation/ARFace.cs
 0.1 kb	 0.0% Packages/com.unity.xr.arfoundation/Runtime/ARFoundation/ARAnchor.cs
 0.1 kb	 0.0% Packages/com.unity.ugui/Runtime/TMP/TMPro_EventManager.cs
 0.1 kb	 0.0% Packages/com.unity.ugui/Runtime/TMP/TMP_UpdateRegistery.cs
 0.1 kb	 0.0% Packages/com.unity.ugui/Runtime/TMP/TMP_UpdateManager.cs
 0.1 kb	 0.0% Packages/com.unity.ugui/Runtime/TMP/TMP_TextUtilities.cs
 0.1 kb	 0.0% Packages/com.unity.ugui/Runtime/TMP/TMP_TextProcessingCommon.cs
 0.1 kb	 0.0% Packages/com.unity.ugui/Runtime/TMP/TMP_SpriteCharacter.cs
 0.1 kb	 0.0% Packages/com.unity.ugui/Runtime/TMP/TMP_SpriteAnimator.cs
 0.1 kb	 0.0% Packages/com.unity.ugui/Runtime/TMP/TMP_SelectionCaret.cs
 0.1 kb	 0.0% Packages/com.unity.ugui/Runtime/TMP/TMP_ResourcesManager.cs
 0.1 kb	 0.0% Packages/com.unity.ugui/Runtime/TMP/TMP_MaterialManager.cs
 0.1 kb	 0.0% Packages/com.unity.ugui/Runtime/TMP/TMP_InputValidator.cs
 0.1 kb	 0.0% Packages/com.unity.ugui/Runtime/TMP/TMP_FontFeatureTable.cs
 0.1 kb	 0.0% Packages/com.unity.ugui/Runtime/TMP/TMP_DefaultControls.cs
 0.1 kb	 0.0% Packages/com.unity.ugui/Runtime/TMP/TMP_Compatibility.cs
 0.1 kb	 0.0% Packages/com.unity.ugui/Runtime/TMP/TMP_ColorGradient.cs
 0.1 kb	 0.0% Packages/com.unity.ugui/Runtime/TMP/TMP_CharacterInfo.cs
 0.1 kb	 0.0% Packages/com.unity.ugui/Runtime/TMP/ITextPreProcessor.cs
 0.1 kb	 0.0% Packages/com.unity.ugui/Runtime/TMP/FontFeatureCommonGPOS.cs
 0.1 kb	 0.0% Packages/com.unity.timeline/Runtime/Utilities/WeightUtility.cs
 0.1 kb	 0.0% Packages/com.unity.timeline/Runtime/Utilities/IPropertyPreview.cs
 0.1 kb	 0.0% Packages/com.unity.timeline/Runtime/Utilities/Extrapolation.cs
 0.1 kb	 0.0% Packages/com.unity.timeline/Runtime/TimelinePlayable.cs
 0.1 kb	 0.0% Packages/com.unity.timeline/Runtime/TimelineAsset.cs
 0.1 kb	 0.0% Packages/com.unity.timeline/Runtime/Scripting/PlayableTrack.cs
 0.1 kb	 0.0% Packages/com.unity.timeline/Runtime/Events/Signals/SignalReceiver.cs
 0.1 kb	 0.0% Packages/com.unity.timeline/Runtime/Events/Signals/SignalEmitter.cs
 0.1 kb	 0.0% Packages/com.unity.timeline/Runtime/Evaluation/RuntimeElement.cs
 0.1 kb	 0.0% Packages/com.unity.timeline/Runtime/Evaluation/RuntimeClipBase.cs
 0.1 kb	 0.0% Packages/com.unity.timeline/Runtime/CurveEditUtility.cs
 0.1 kb	 0.0% Packages/com.unity.timeline/Runtime/Animation/AnimationTrack.cs
 0.1 kb	 0.0% Packages/com.unity.timeline/Runtime/Activation/ActivationTrack.cs
 0.1 kb	 0.0% Packages/com.unity.render-pipelines.core/Runtime/STP/STP.cs
 0.1 kb	 0.0% Packages/com.unity.mathematics/Unity.Mathematics/double4x4.gen.cs
 0.1 kb	 0.0% Packages/com.unity.mathematics/Unity.Mathematics/double4x3.gen.cs
 0.1 kb	 0.0% Packages/com.unity.mathematics/Unity.Mathematics/double4x2.gen.cs
 0.1 kb	 0.0% Packages/com.unity.mathematics/Unity.Mathematics/double3x4.gen.cs
 0.1 kb	 0.0% Packages/com.unity.mathematics/Unity.Mathematics/double3x3.gen.cs
 0.1 kb	 0.0% Packages/com.unity.mathematics/Unity.Mathematics/double3x2.gen.cs
 0.1 kb	 0.0% Packages/com.unity.mathematics/Unity.Mathematics/double2x4.gen.cs
 0.1 kb	 0.0% Packages/com.unity.mathematics/Unity.Mathematics/double2x3.gen.cs
 0.1 kb	 0.0% Packages/com.unity.mathematics/Unity.Mathematics/double2x2.gen.cs
 0.1 kb	 0.0% Packages/com.unity.inputsystem/InputSystem/Plugins/PlayerInput/PlayerInput.cs
 0.1 kb	 0.0% Packages/com.unity.inputsystem/InputSystem/Plugins/PlayerInput/InputValue.cs
 0.1 kb	 0.0% Packages/com.unity.inputsystem/InputSystem/InputSystem.cs
 0.1 kb	 0.0% Packages/com.unity.inputsystem/InputSystem/InputManager.cs
 0.1 kb	 0.0% Packages/com.unity.inputsystem/InputSystem/Editor/UITKAssetEditor/Commands/Commands.cs
 0.1 kb	 0.0% Packages/com.unity.inputsystem/InputSystem/Editor/Dialog.cs
 0.1 kb	 0.0% Packages/com.unity.inputsystem/InputSystem/Devices/Touchscreen.cs
 0.1 kb	 0.0% Packages/com.unity.inputsystem/InputSystem/Devices/Precompiled/FastMouse.cs
 0.1 kb	 0.0% Packages/com.unity.inputsystem/InputSystem/Devices/Precompiled/FastKeyboard.cs
 0.1 kb	 0.0% Packages/com.unity.inputsystem/InputSystem/Devices/InputDevice.cs
 0.1 kb	 0.0% Packages/com.unity.inputsystem/InputSystem/Devices/Haptics/IHaptics.cs
 0.1 kb	 0.0% Packages/com.unity.inputsystem/InputSystem/Controls/InputControl.cs
 0.1 kb	 0.0% Packages/com.unity.inputsystem/InputSystem/Controls/CommonUsages.cs
 0.1 kb	 0.0% Packages/com.unity.inputsystem/InputSystem/AssemblyInfo.cs
 0.1 kb	 0.0% Packages/com.unity.inputsystem/InputSystem/Actions/InputBinding.cs
 0.1 kb	 0.0% Packages/com.unity.inputsystem/InputSystem/Actions/InputAction.cs
 0.1 kb	 0.0% Packages/com.unity.collections/Unity.Collections/NativeText.gen.cs
 0.1 kb	 0.0% Packages/com.unity.collections/Unity.Collections/FixedList.gen.cs
 0.1 kb	 0.0% Packages/com.unity.cloud.gltfast/Runtime/Scripts/VertexBufferTexCoords.cs
 0.1 kb	 0.0% Packages/com.unity.cloud.gltfast/Runtime/Scripts/Schema/FakeSchema/MaterialExtension.cs
 0.1 kb	 0.0% Packages/com.unity.cloud.gltfast/Runtime/Scripts/Newtonsoft/Schema/GltfCamera.cs
 0.1 kb	 0.0% Packages/com.unity.cloud.gltfast/Runtime/Scripts/Material/MaterialGenerator.cs
 0.1 kb	 0.0% Packages/com.unity.cloud.gltfast/Runtime/Scripts/Material/IMaterialGenerator.cs
 0.1 kb	 0.0% Packages/com.unity.addressables/Runtime/Initialization/PackedPlayModeBuildLogs.cs
 0.1 kb	 0.0% Packages/com.nianticspatial.nsdk/Runtime/Sites/UserInfo.cs
 0.1 kb	 0.0% Packages/com.nianticspatial.nsdk/Runtime/Sites/SiteInfo.cs
 0.1 kb	 0.0% Packages/com.nianticspatial.nsdk/Runtime/Plugins/MathTypes.cs
 0.1 kb	 0.0% Packages/com.nianticspatial.nsdk/Runtime/Plugins/ManagedPoseData.cs
 0.1 kb	 0.0% Packages/com.nianticspatial.nsdk/Runtime/PlatformAdapterManager/API/MockApi.cs
 0.1 kb	 0.0% Packages/com.nianticspatial.nsdk/Runtime/Auth/AuthInfo.cs
 0.1 kb	 0.0% Packages/com.unity.xr.openxr/Runtime/OpenXRLoader.cs
 0.1 kb	 0.0% Packages/com.unity.xr.openxr/Runtime/Constants.cs
 0.1 kb	 0.0% Packages/com.unity.xr.management/Runtime/XRLoader.cs
 0.1 kb	 0.0% Packages/com.unity.xr.core-utils/Runtime/UndoBlock.cs
 0.1 kb	 0.0% Packages/com.unity.xr.core-utils/Runtime/TextureUtils.cs
 0.1 kb	 0.0% Packages/com.unity.xr.core-utils/Runtime/MathUtility.cs
 0.1 kb	 0.0% Packages/com.unity.xr.core-utils/Runtime/HashCodeUtil.cs
 0.1 kb	 0.0% Packages/com.unity.xr.core-utils/Runtime/DebugDraw.cs
 0.1 kb	 0.0% Packages/com.unity.xr.core-utils/Runtime/Datums/IntDatum.cs
 0.1 kb	 0.0% Packages/com.unity.xr.core-utils/Runtime/BoundsUtils.cs
 0.1 kb	 0.0% Packages/com.unity.xr.arcore/Runtime/NativeView.cs
 0.1 kb	 0.0% Packages/com.unity.xr.arcore/Runtime/NativeObject.cs
 0.1 kb	 0.0% Packages/com.unity.xr.arcore/Runtime/HashCodeUtil.cs
 0.1 kb	 0.0% Packages/com.unity.xr.arcore/Runtime/Constants.cs
 0.1 kb	 0.0% Packages/com.unity.xr.arcore/Runtime/ArSession.cs
 0.1 kb	 0.0% Packages/com.unity.xr.arcore/Runtime/ArPrestoApi.cs
 0.1 kb	 0.0% Packages/com.unity.xr.arcore/Runtime/ARCoreLoader.cs
 0.1 kb	 0.0% Packages/com.unity.ugui/Runtime/UGUI/UI/Core/VertexModifiers/PositionAsUV1.cs
 0.1 kb	 0.0% Packages/com.unity.ugui/Runtime/UGUI/UI/Core/VertexModifiers/IMeshModifier.cs
 0.1 kb	 0.0% Packages/com.unity.ugui/Runtime/UGUI/UI/Core/VertexModifiers/BaseMeshEffect.cs
 0.1 kb	 0.0% Packages/com.unity.ugui/Runtime/UGUI/UI/Core/StencilMaterial.cs
 0.1 kb	 0.0% Packages/com.unity.ugui/Runtime/UGUI/UI/Core/MaskableGraphic.cs
 0.1 kb	 0.0% Packages/com.unity.ugui/Runtime/UGUI/UI/Core/MaskUtilities.cs
 0.1 kb	 0.0% Packages/com.unity.ugui/Runtime/UGUI/UI/Core/Layout/LayoutUtility.cs
 0.1 kb	 0.0% Packages/com.unity.ugui/Runtime/UGUI/UI/Core/Layout/LayoutRebuilder.cs
 0.1 kb	 0.0% Packages/com.unity.ugui/Runtime/UGUI/UI/Core/Layout/LayoutElement.cs
 0.1 kb	 0.0% Packages/com.unity.ugui/Runtime/UGUI/UI/Core/Layout/ILayoutElement.cs
 0.1 kb	 0.0% Packages/com.unity.ugui/Runtime/UGUI/UI/Core/Layout/GridLayoutGroup.cs
 0.1 kb	 0.0% Packages/com.unity.ugui/Runtime/UGUI/UI/Core/GraphicRegistry.cs
 0.1 kb	 0.0% Packages/com.unity.ugui/Runtime/UGUI/UI/Core/GraphicRaycaster.cs
 0.1 kb	 0.0% Packages/com.unity.ugui/Runtime/UGUI/UI/Core/DefaultControls.cs
 0.1 kb	 0.0% Packages/com.unity.ugui/Runtime/UGUI/UI/Core/Culling/ClipperRegistry.cs
 0.1 kb	 0.0% Packages/com.unity.ugui/Runtime/UGUI/EventSystem/UIBehaviour.cs
 0.1 kb	 0.0% Packages/com.unity.ugui/Runtime/UGUI/EventSystem/InputModules/BaseInput.cs
 0.1 kb	 0.0% Packages/com.unity.ugui/Runtime/UGUI/EventSystem/EventTrigger.cs
 0.1 kb	 0.0% Packages/com.unity.ugui/Runtime/UGUI/EventSystem/EventSystem.cs
 0.1 kb	 0.0% Packages/com.unity.ugui/Runtime/TMP/TMPro_MeshUtilities.cs
 0.1 kb	 0.0% Packages/com.unity.ugui/Runtime/TMP/TMP_ShaderUtilities.cs
 0.1 kb	 0.0% Packages/com.unity.ugui/Runtime/TMP/TMP_RichTextTagsCommon.cs
 0.1 kb	 0.0% Packages/com.unity.ugui/Runtime/TMP/TMP_FontAssetCommon.cs
 0.1 kb	 0.0% Packages/com.unity.mathematics/Unity.Mathematics/quaternion.cs
 0.1 kb	 0.0% Packages/com.unity.mathematics/Unity.Mathematics/Noise/classicnoise4D.cs
 0.1 kb	 0.0% Packages/com.unity.mathematics/Unity.Mathematics/Noise/classicnoise3D.cs
 0.1 kb	 0.0% Packages/com.unity.mathematics/Unity.Mathematics/Noise/classicnoise2D.cs
 0.1 kb	 0.0% Packages/com.unity.mathematics/Unity.Mathematics/Noise/cellular2x2x2.cs
 0.1 kb	 0.0% Packages/com.unity.mathematics/Unity.Mathematics/Geometry/Plane.cs
 0.1 kb	 0.0% Packages/com.unity.inputsystem/InputSystem/Plugins/XR/Devices/Oculus.cs
 0.1 kb	 0.0% Packages/com.unity.collections/Unity.Collections/UIntFloat.cs
 0.1 kb	 0.0% Packages/com.unity.collections/Unity.Collections/NativeStream.cs
 0.1 kb	 0.0% Packages/com.unity.collections/Unity.Collections/Jobs/EarlyInitHelpers.cs
 0.1 kb	 0.0% Packages/com.unity.cloud.gltfast/Runtime/Scripts/VertexBufferDescriptor.cs
 0.1 kb	 0.0% Packages/com.unity.cloud.gltfast/Runtime/Scripts/UninterruptedDeferAgent.cs
 0.1 kb	 0.0% Packages/com.unity.cloud.gltfast/Runtime/Scripts/Schema/TextureExtensions.cs
 0.1 kb	 0.0% Packages/com.unity.cloud.gltfast/Runtime/Scripts/Schema/OcclusionTextureInfo.cs
 0.1 kb	 0.0% Packages/com.unity.cloud.gltfast/Runtime/Scripts/Schema/NormalTextureInfo.cs
 0.1 kb	 0.0% Packages/com.unity.cloud.gltfast/Runtime/Scripts/Schema/NodeLightsPunctual.cs
 0.1 kb	 0.0% Packages/com.unity.cloud.gltfast/Runtime/Scripts/Schema/MeshGpuInstancing.cs
 0.1 kb	 0.0% Packages/com.unity.cloud.gltfast/Runtime/Scripts/Schema/MaterialExtensions.cs
 0.1 kb	 0.0% Packages/com.unity.cloud.gltfast/Runtime/Scripts/Schema/BufferViewExtensions.cs
 0.1 kb	 0.0% Packages/com.unity.cloud.gltfast/Runtime/Scripts/Schema/AccessorSparseValues.cs
 0.1 kb	 0.0% Packages/com.unity.cloud.gltfast/Runtime/Scripts/Newtonsoft/Schema/Texture.cs
 0.1 kb	 0.0% Packages/com.unity.cloud.gltfast/Runtime/Scripts/Newtonsoft/Schema/Scene.cs
 0.1 kb	 0.0% Packages/com.unity.cloud.gltfast/Runtime/Scripts/Newtonsoft/Schema/Sampler.cs
 0.1 kb	 0.0% Packages/com.unity.cloud.gltfast/Runtime/Scripts/Newtonsoft/Schema/Material.cs
 0.1 kb	 0.0% Packages/com.unity.cloud.gltfast/Runtime/Scripts/Newtonsoft/Schema/Image.cs
 0.1 kb	 0.0% Packages/com.unity.cloud.gltfast/Runtime/Scripts/Newtonsoft/Schema/Buffer.cs
 0.1 kb	 0.0% Packages/com.unity.cloud.gltfast/Runtime/Scripts/Newtonsoft/Schema/Asset.cs
 0.1 kb	 0.0% Packages/com.unity.cloud.gltfast/Runtime/Scripts/Newtonsoft/Schema/Accessor.cs
 0.1 kb	 0.0% Packages/com.unity.cloud.gltfast/Runtime/Scripts/Newtonsoft/GltfImport.cs
 0.1 kb	 0.0% Packages/com.unity.cloud.gltfast/Runtime/Scripts/NativeArrayExtensions.cs
 0.1 kb	 0.0% Packages/com.unity.cloud.gltfast/Runtime/Scripts/MorphTargetsGenerator.cs
 0.1 kb	 0.0% Packages/com.unity.cloud.gltfast/Runtime/Scripts/MaterialsVariants/MaterialsVariantsControl.cs
 0.1 kb	 0.0% Packages/com.unity.cloud.gltfast/Runtime/Scripts/MaterialsVariants/IMaterialsVariantsSlot.cs
 0.1 kb	 0.0% Packages/com.unity.cloud.gltfast/Runtime/Scripts/Loading/IDownloadProvider.cs
 0.1 kb	 0.0% Packages/com.unity.cloud.gltfast/Runtime/Scripts/LightPunctualExtension.cs
 0.1 kb	 0.0% Packages/com.unity.cloud.gltfast/Runtime/Scripts/InstantiationSettings.cs
 0.1 kb	 0.0% Packages/com.unity.cloud.gltfast/Runtime/Scripts/ImportAddons/ImportAddonRegistry.cs
 0.1 kb	 0.0% Packages/com.unity.cloud.gltfast/Runtime/Scripts/ImportAddons/ImportAddonInstance.cs
 0.1 kb	 0.0% Packages/com.unity.cloud.gltfast/Runtime/Scripts/ImageFormatExtensions.cs
 0.1 kb	 0.0% Packages/com.unity.cloud.gltfast/Runtime/Scripts/GltfJsonUtilityParser.cs
 0.1 kb	 0.0% Packages/com.unity.cloud.gltfast/Runtime/Scripts/GameObjectSceneInstance.cs
 0.1 kb	 0.0% Packages/com.unity.cloud.gltfast/Runtime/Scripts/GameObjectInstantiator.cs
 0.1 kb	 0.0% Packages/com.unity.cloud.gltfast/Runtime/Scripts/Export/TextureComparer.cs
 0.1 kb	 0.0% Packages/com.unity.cloud.gltfast/Runtime/Scripts/Export/OrmImageExport.cs
 0.1 kb	 0.0% Packages/com.unity.cloud.gltfast/Runtime/Scripts/Export/MaterialExport.cs
 0.1 kb	 0.0% Packages/com.unity.cloud.gltfast/Runtime/Scripts/Export/ImageExportBase.cs
 0.1 kb	 0.0% Packages/com.unity.cloud.gltfast/Runtime/Scripts/Export/IMaterialExport.cs
 0.1 kb	 0.0% Packages/com.unity.cloud.gltfast/Runtime/Scripts/Export/IGltfWritable.cs
 0.1 kb	 0.0% Packages/com.unity.cloud.gltfast/Runtime/Scripts/Export/GameObjectExport.cs
 0.1 kb	 0.0% Packages/com.unity.cloud.gltfast/Runtime/Scripts/Export/ExportSettings.cs
 0.1 kb	 0.0% Packages/com.unity.burst/Runtime/Intrinsics/SimdDebugViews.cs
 0.1 kb	 0.0% Packages/com.unity.burst/Runtime/Editor/BurstReflection.cs
 0.1 kb	 0.0% Packages/com.unity.burst/Runtime/BurstCompilerOptions.cs
 0.1 kb	 0.0% Packages/com.unity.animation.rigging/Runtime/AnimationRig/Rig.cs
 0.1 kb	 0.0% Packages/com.nianticspatial.nsdk/Runtime/Input/Input.cs
 0.1 kb	 0.0% Packages/com.nianticspatial.nsdk/Runtime/Input/Compass.cs
 0.1 kb	 0.0% Assets/Gibi/Spatial/Runtime/SurfaceAcceptance.cs
 0.1 kb	 0.0% Assets/Gibi/Spatial/Runtime/AnchorEligibility.cs
 0.1 kb	 0.0% Assets/Gibi/Spatial/Runtime/ARWorldAnchorHost.cs
 0.1 kb	 0.0% Assets/Gibi/Pets/Runtime/SandboxDemoDirector.cs
 0.1 kb	 0.0% Assets/Gibi/Pets/Runtime/RedirectionPolicy.cs
 0.1 kb	 0.0% Assets/Gibi/Pets/Runtime/PetAnimationProfile.cs
 0.1 kb	 0.0% Assets/Gibi/Pets/Runtime/LocalFirstBehavior.cs
 0.1 kb	 0.0% Assets/Gibi/Pets/Runtime/EngagementEstimator.cs
 0.1 kb	 0.0% Assets/Gibi/Pets/Runtime/DeterministicMotion.cs
 0.1 kb	 0.0% Assets/Gibi/Pets/Runtime/BehaviorModifiers.cs
 0.1 kb	 0.0% Assets/Gibi/Pets/Runtime/AffordanceRegistry.cs
 0.1 kb	 0.0% Assets/Gibi/Gameplay/Runtime/PlayerSafetyGate.cs
 0.1 kb	 0.0% Assets/Gibi/Gameplay/Runtime/P0SessionDriver.cs
 0.1 kb	 0.0% Assets/Gibi/AssetRuntime/Runtime/PetManifest.cs
 0.1 kb	 0.0% Packages/com.unity.ugui/Runtime/TMP/TextMeshProUGUI.cs
 0.1 kb	 0.0% Packages/com.unity.ugui/Runtime/TMP/TextContainer.cs
 0.1 kb	 0.0% Packages/com.unity.ugui/Runtime/TMP/TMP_TextElement.cs
 0.1 kb	 0.0% Packages/com.unity.ugui/Runtime/TMP/TMP_SubMeshUI.cs
 0.1 kb	 0.0% Packages/com.unity.ugui/Runtime/TMP/TMP_StyleSheet.cs
 0.1 kb	 0.0% Packages/com.unity.ugui/Runtime/TMP/TMP_SpriteGlyph.cs
 0.1 kb	 0.0% Packages/com.unity.ugui/Runtime/TMP/TMP_SpriteAsset.cs
 0.1 kb	 0.0% Packages/com.unity.ugui/Runtime/TMP/TMP_InputField.cs
 0.1 kb	 0.0% Packages/com.unity.ugui/Runtime/TMP/TMP_FontAsset.cs
 0.1 kb	 0.0% Packages/com.unity.ugui/Runtime/TMP/TMP_CoroutineTween.cs
 0.1 kb	 0.0% Packages/com.unity.ugui/Runtime/TMP/TMP_Character.cs
 0.1 kb	 0.0% Packages/com.unity.timeline/Runtime/Utilities/TimelineUndo.cs
 0.1 kb	 0.0% Packages/com.unity.timeline/Runtime/Utilities/TimeUtility.cs
 0.1 kb	 0.0% Packages/com.unity.timeline/Runtime/Utilities/HashUtility.cs
 0.1 kb	 0.0% Packages/com.unity.timeline/Runtime/Utilities/BlendUtility.cs
 0.1 kb	 0.0% Packages/com.unity.timeline/Runtime/TrackAsset.cs
 0.1 kb	 0.0% Packages/com.unity.timeline/Runtime/TimelineClip.cs
 0.1 kb	 0.0% Packages/com.unity.timeline/Runtime/Playables/ITimeControl.cs
 0.1 kb	 0.0% Packages/com.unity.timeline/Runtime/ILayerable.cs
 0.1 kb	 0.0% Packages/com.unity.timeline/Runtime/GroupTrack.cs
 0.1 kb	 0.0% Packages/com.unity.timeline/Runtime/Events/Signals/SignalAsset.cs
 0.1 kb	 0.0% Packages/com.unity.timeline/Runtime/Events/SignalTrack.cs
 0.1 kb	 0.0% Packages/com.unity.timeline/Runtime/Events/MarkerTrack.cs
 0.1 kb	 0.0% Packages/com.unity.timeline/Runtime/Events/MarkerList.cs
 0.1 kb	 0.0% Packages/com.unity.timeline/Runtime/Evaluation/RuntimeClip.cs
 0.1 kb	 0.0% Packages/com.unity.timeline/Runtime/Evaluation/IntervalTree.cs
 0.1 kb	 0.0% Packages/com.unity.timeline/Runtime/DiscreteTime.cs
 0.1 kb	 0.0% Packages/com.unity.timeline/Runtime/Control/ControlTrack.cs
 0.1 kb	 0.0% Packages/com.unity.timeline/Runtime/Audio/AudioTrack.cs
 0.1 kb	 0.0% Packages/com.unity.timeline/Runtime/AssetUpgrade/ClipUpgrade.cs
 0.1 kb	 0.0% Packages/com.unity.timeline/Runtime/Animation/ICurvesOwner.cs
 0.1 kb	 0.0% Packages/com.unity.render-pipelines.universal/Shaders/Shaders.cs
 0.1 kb	 0.0% Packages/com.unity.mathematics/Unity.Mathematics/uint4x4.gen.cs
 0.1 kb	 0.0% Packages/com.unity.mathematics/Unity.Mathematics/uint4x3.gen.cs
 0.1 kb	 0.0% Packages/com.unity.mathematics/Unity.Mathematics/uint4x2.gen.cs
 0.1 kb	 0.0% Packages/com.unity.mathematics/Unity.Mathematics/uint4.gen.cs
 0.1 kb	 0.0% Packages/com.unity.mathematics/Unity.Mathematics/uint3x4.gen.cs
 0.1 kb	 0.0% Packages/com.unity.mathematics/Unity.Mathematics/uint3x3.gen.cs
 0.1 kb	 0.0% Packages/com.unity.mathematics/Unity.Mathematics/uint3x2.gen.cs
 0.1 kb	 0.0% Packages/com.unity.mathematics/Unity.Mathematics/uint3.gen.cs
 0.1 kb	 0.0% Packages/com.unity.mathematics/Unity.Mathematics/uint2x4.gen.cs
 0.1 kb	 0.0% Packages/com.unity.mathematics/Unity.Mathematics/uint2x3.gen.cs
 0.1 kb	 0.0% Packages/com.unity.mathematics/Unity.Mathematics/uint2x2.gen.cs
 0.1 kb	 0.0% Packages/com.unity.mathematics/Unity.Mathematics/uint2.gen.cs
 0.1 kb	 0.0% Packages/com.unity.mathematics/Unity.Mathematics/int4x4.gen.cs
 0.1 kb	 0.0% Packages/com.unity.mathematics/Unity.Mathematics/int4x3.gen.cs
 0.1 kb	 0.0% Packages/com.unity.mathematics/Unity.Mathematics/int4x2.gen.cs
 0.1 kb	 0.0% Packages/com.unity.mathematics/Unity.Mathematics/int3x4.gen.cs
 0.1 kb	 0.0% Packages/com.unity.mathematics/Unity.Mathematics/int3x3.gen.cs
 0.1 kb	 0.0% Packages/com.unity.mathematics/Unity.Mathematics/int3x2.gen.cs
 0.1 kb	 0.0% Packages/com.unity.mathematics/Unity.Mathematics/int2x4.gen.cs
 0.1 kb	 0.0% Packages/com.unity.mathematics/Unity.Mathematics/int2x3.gen.cs
 0.1 kb	 0.0% Packages/com.unity.mathematics/Unity.Mathematics/int2x2.gen.cs
 0.1 kb	 0.0% Packages/com.unity.mathematics/Unity.Mathematics/half4.gen.cs
 0.1 kb	 0.0% Packages/com.unity.mathematics/Unity.Mathematics/half3.gen.cs
 0.1 kb	 0.0% Packages/com.unity.mathematics/Unity.Mathematics/half2.gen.cs
 0.1 kb	 0.0% Packages/com.unity.mathematics/Unity.Mathematics/float4x4.gen.cs
 0.1 kb	 0.0% Packages/com.unity.mathematics/Unity.Mathematics/float4x3.gen.cs
 0.1 kb	 0.0% Packages/com.unity.mathematics/Unity.Mathematics/float4x2.gen.cs
 0.1 kb	 0.0% Packages/com.unity.mathematics/Unity.Mathematics/float4.gen.cs
 0.1 kb	 0.0% Packages/com.unity.mathematics/Unity.Mathematics/float3x4.gen.cs
 0.1 kb	 0.0% Packages/com.unity.mathematics/Unity.Mathematics/float3x3.gen.cs
 0.1 kb	 0.0% Packages/com.unity.mathematics/Unity.Mathematics/float3x2.gen.cs
 0.1 kb	 0.0% Packages/com.unity.mathematics/Unity.Mathematics/float3.gen.cs
 0.1 kb	 0.0% Packages/com.unity.mathematics/Unity.Mathematics/float2x4.gen.cs
 0.1 kb	 0.0% Packages/com.unity.mathematics/Unity.Mathematics/float2x3.gen.cs
 0.1 kb	 0.0% Packages/com.unity.mathematics/Unity.Mathematics/float2x2.gen.cs
 0.1 kb	 0.0% Packages/com.unity.mathematics/Unity.Mathematics/float2.gen.cs
 0.1 kb	 0.0% Packages/com.unity.mathematics/Unity.Mathematics/double4.gen.cs
 0.1 kb	 0.0% Packages/com.unity.mathematics/Unity.Mathematics/double3.gen.cs
 0.1 kb	 0.0% Packages/com.unity.mathematics/Unity.Mathematics/double2.gen.cs
 0.1 kb	 0.0% Packages/com.unity.mathematics/Unity.Mathematics/bool4x4.gen.cs
 0.1 kb	 0.0% Packages/com.unity.mathematics/Unity.Mathematics/bool4x3.gen.cs
 0.1 kb	 0.0% Packages/com.unity.mathematics/Unity.Mathematics/bool4x2.gen.cs
 0.1 kb	 0.0% Packages/com.unity.mathematics/Unity.Mathematics/bool4.gen.cs
 0.1 kb	 0.0% Packages/com.unity.mathematics/Unity.Mathematics/bool3x4.gen.cs
 0.1 kb	 0.0% Packages/com.unity.mathematics/Unity.Mathematics/bool3x3.gen.cs
 0.1 kb	 0.0% Packages/com.unity.mathematics/Unity.Mathematics/bool3x2.gen.cs
 0.1 kb	 0.0% Packages/com.unity.mathematics/Unity.Mathematics/bool3.gen.cs
 0.1 kb	 0.0% Packages/com.unity.mathematics/Unity.Mathematics/bool2x4.gen.cs
 0.1 kb	 0.0% Packages/com.unity.mathematics/Unity.Mathematics/bool2x3.gen.cs
 0.1 kb	 0.0% Packages/com.unity.mathematics/Unity.Mathematics/bool2x2.gen.cs
 0.1 kb	 0.0% Packages/com.unity.mathematics/Unity.Mathematics/bool2.gen.cs
 0.1 kb	 0.0% Packages/com.unity.mathematics/Unity.Mathematics/Noise/psrdnoise2D.cs
 0.1 kb	 0.0% Packages/com.unity.mathematics/Unity.Mathematics/Noise/noise3Dgrad.cs
 0.1 kb	 0.0% Packages/com.unity.mathematics/Unity.Mathematics/Noise/cellular3D.cs
 0.1 kb	 0.0% Packages/com.unity.mathematics/Unity.Mathematics/Noise/cellular2x2.cs
 0.1 kb	 0.0% Packages/com.unity.mathematics/Unity.Mathematics/Noise/cellular2D.cs
 0.1 kb	 0.0% Packages/com.unity.inputsystem/InputSystem/Plugins/XR/Devices/GoogleVR.cs
 0.1 kb	 0.0% Packages/com.unity.inputsystem/InputSystem/Editor/DownloadableSample.cs
 0.1 kb	 0.0% Packages/com.unity.inputsystem/InputSystem/Devices/Sensor.cs
 0.1 kb	 0.0% Packages/com.unity.inputsystem/InputSystem/Devices/Pointer.cs
 0.1 kb	 0.0% Packages/com.unity.inputsystem/InputSystem/Devices/Mouse.cs
 0.1 kb	 0.0% Packages/com.unity.inputsystem/InputSystem/Devices/Keyboard.cs
 0.1 kb	 0.0% Packages/com.unity.inputsystem/InputSystem/Devices/Joystick.cs
 0.1 kb	 0.0% Packages/com.unity.inputsystem/InputSystem/Devices/Gamepad.cs
 0.1 kb	 0.0% Packages/com.unity.collections/Unity.Collections/xxHash3.AVX2.cs
 0.1 kb	 0.0% Packages/com.unity.cloud.gltfast/Runtime/Scripts/TextureDownload.cs
 0.1 kb	 0.0% Packages/com.unity.cloud.gltfast/Runtime/Scripts/Schema/FakeSchema/MeshPrimitive.cs
 0.1 kb	 0.0% Packages/com.unity.cloud.gltfast/Runtime/Scripts/Material/MaterialProperty.cs
 0.1 kb	 0.0% Packages/com.unity.burst/Runtime/Intrinsics/Arm/NEON_AArch64_rdma.cs
 0.1 kb	 0.0% Packages/com.unity.burst/Runtime/Intrinsics/Arm/NEON_AArch64_dotprod.cs
 0.1 kb	 0.0% Packages/com.unity.burst/Runtime/Intrinsics/Arm/NEON_AArch64_crypto.cs
 0.1 kb	 0.0% Packages/com.nianticspatial.nsdk/Runtime/PlatformAdapterManager/API/IApi.cs
 0.1 kb	 0.0% Packages/com.unity.xr.core-utils/Runtime/XROrigin.cs
 0.1 kb	 0.0% Packages/com.unity.xr.core-utils/Runtime/GuidUtil.cs
 0.1 kb	 0.0% Packages/com.unity.xr.arcore/Runtime/RcoApi.cs
 0.1 kb	 0.0% Packages/com.unity.xr.arcore/Runtime/ArString.cs
 0.1 kb	 0.0% Packages/com.unity.xr.arcore/Runtime/ArConfig.cs
 0.1 kb	 0.0% Packages/com.unity.xr.arcore/Runtime/ARCoreApi.cs
 0.1 kb	 0.0% Packages/com.unity.ugui/Runtime/UGUI/UI/Core/Utility/VertexHelper.cs
 0.1 kb	 0.0% Packages/com.unity.ugui/Runtime/UGUI/UI/Core/ToggleGroup.cs
 0.1 kb	 0.0% Packages/com.unity.ugui/Runtime/UGUI/UI/Core/SpriteState.cs
 0.1 kb	 0.0% Packages/com.unity.ugui/Runtime/UGUI/UI/Core/Selectable.cs
 0.1 kb	 0.0% Packages/com.unity.ugui/Runtime/UGUI/UI/Core/Scrollbar.cs
 0.1 kb	 0.0% Packages/com.unity.ugui/Runtime/UGUI/UI/Core/ScrollRect.cs
 0.1 kb	 0.0% Packages/com.unity.ugui/Runtime/UGUI/UI/Core/RectMask2D.cs
 0.1 kb	 0.0% Packages/com.unity.ugui/Runtime/UGUI/UI/Core/Navigation.cs
 0.1 kb	 0.0% Packages/com.unity.ugui/Runtime/UGUI/UI/Core/Layout/LayoutGroup.cs
 0.1 kb	 0.0% Packages/com.unity.ugui/Runtime/UGUI/UI/Core/Layout/CanvasScaler.cs
 0.1 kb	 0.0% Packages/com.unity.ugui/Runtime/UGUI/UI/Core/InputField.cs
 0.1 kb	 0.0% Packages/com.unity.ugui/Runtime/UGUI/UI/Core/IMaskable.cs
 0.1 kb	 0.0% Packages/com.unity.ugui/Runtime/UGUI/UI/Core/ColorBlock.cs
 0.1 kb	 0.0% Packages/com.unity.mathematics/Unity.Mathematics/random.cs
 0.1 kb	 0.0% Packages/com.unity.mathematics/Unity.Mathematics/matrix.gen.cs
 0.1 kb	 0.0% Packages/com.unity.mathematics/Unity.Mathematics/matrix.cs
 0.1 kb	 0.0% Packages/com.unity.mathematics/Unity.Mathematics/Noise/noise4D.cs
 0.1 kb	 0.0% Packages/com.unity.mathematics/Unity.Mathematics/Noise/noise3D.cs
 0.1 kb	 0.0% Packages/com.unity.mathematics/Unity.Mathematics/Noise/noise2D.cs
 0.1 kb	 0.0% Packages/com.unity.mathematics/Unity.Mathematics/Noise/common.cs
 0.1 kb	 0.0% Packages/com.unity.inputsystem/InputSystem/Plugins/XR/Devices/OpenVR.cs
 0.1 kb	 0.0% Packages/com.unity.inputsystem/InputSystem/Plugins/HID/HID.cs
 0.1 kb	 0.0% Packages/com.unity.collections/Unity.Collections/xxHash3.cs
 0.1 kb	 0.0% Packages/com.unity.collections/Unity.Collections/Unicode.cs
 0.1 kb	 0.0% Packages/com.unity.collections/Unity.Collections/Memory.cs
 0.1 kb	 0.0% Packages/com.unity.collections/Unity.Collections/Jobs/IJobFilter.cs
 0.1 kb	 0.0% Packages/com.unity.collections/Unity.Collections/BitField.cs
 0.1 kb	 0.0% Packages/com.unity.cloud.gltfast/Runtime/Scripts/VertexBufferColors.cs
 0.1 kb	 0.0% Packages/com.unity.cloud.gltfast/Runtime/Scripts/VertexBufferBones.cs
 0.1 kb	 0.0% Packages/com.unity.cloud.gltfast/Runtime/Scripts/SubMeshAssignment.cs
 0.1 kb	 0.0% Packages/com.unity.cloud.gltfast/Runtime/Scripts/Schema/TextureTransform.cs
 0.1 kb	 0.0% Packages/com.unity.cloud.gltfast/Runtime/Scripts/Schema/RootExtensions.cs
 0.1 kb	 0.0% Packages/com.unity.cloud.gltfast/Runtime/Scripts/Schema/MeshPrimitive.cs
 0.1 kb	 0.0% Packages/com.unity.cloud.gltfast/Runtime/Scripts/Schema/MaterialUnlit.cs
 0.1 kb	 0.0% Packages/com.unity.cloud.gltfast/Runtime/Scripts/Schema/MaterialTransmission.cs
 0.1 kb	 0.0% Packages/com.unity.cloud.gltfast/Runtime/Scripts/Schema/MaterialSpecular.cs
 0.1 kb	 0.0% Packages/com.unity.cloud.gltfast/Runtime/Scripts/Schema/MaterialClearCoat.cs
 0.1 kb	 0.0% Packages/com.unity.cloud.gltfast/Runtime/Scripts/Schema/LightsPunctual.cs
 0.1 kb	 0.0% Packages/com.unity.cloud.gltfast/Runtime/Scripts/Schema/LightPunctual.cs
 0.1 kb	 0.0% Packages/com.unity.cloud.gltfast/Runtime/Scripts/Schema/AnimationSampler.cs
 0.1 kb	 0.0% Packages/com.unity.cloud.gltfast/Runtime/Scripts/Schema/AnimationChannel.cs
 0.1 kb	 0.0% Packages/com.unity.cloud.gltfast/Runtime/Scripts/Schema/AccessorSparse.cs
 0.1 kb	 0.0% Packages/com.unity.cloud.gltfast/Runtime/Scripts/RenderPipelineUtils.cs
 0.1 kb	 0.0% Packages/com.unity.cloud.gltfast/Runtime/Scripts/PrimitivesComparer.cs
 0.1 kb	 0.0% Packages/com.unity.cloud.gltfast/Runtime/Scripts/PrimitiveComparer.cs
 0.1 kb	 0.0% Packages/com.unity.cloud.gltfast/Runtime/Scripts/Newtonsoft/Schema/Skin.cs
 0.1 kb	 0.0% Packages/com.unity.cloud.gltfast/Runtime/Scripts/Newtonsoft/Schema/Root.cs
 0.1 kb	 0.0% Packages/com.unity.cloud.gltfast/Runtime/Scripts/Newtonsoft/Schema/Node.cs
 0.1 kb	 0.0% Packages/com.unity.cloud.gltfast/Runtime/Scripts/Newtonsoft/Schema/Mesh.cs
 0.1 kb	 0.0% Packages/com.unity.cloud.gltfast/Runtime/Scripts/MeshGeneratorBase.cs
 0.1 kb	 0.0% Packages/com.unity.cloud.gltfast/Runtime/Scripts/Logging/ConsoleLogger.cs
 0.1 kb	 0.0% Packages/com.unity.cloud.gltfast/Runtime/Scripts/Logging/CollectingLogger.cs
 0.1 kb	 0.0% Packages/com.unity.cloud.gltfast/Runtime/Scripts/Loading/ITextureDownload.cs
 0.1 kb	 0.0% Packages/com.unity.cloud.gltfast/Runtime/Scripts/Loading/INativeDownload.cs
 0.1 kb	 0.0% Packages/com.unity.cloud.gltfast/Runtime/Scripts/IMaterialProvider.cs
 0.1 kb	 0.0% Packages/com.unity.cloud.gltfast/Runtime/Scripts/Export/ImageExport.cs
 0.1 kb	 0.0% Packages/com.unity.cloud.gltfast/Runtime/Scripts/Export/IMeshData.cs
 0.1 kb	 0.0% Packages/com.unity.cloud.gltfast/Runtime/Scripts/Export/GltfWriter.cs
 0.1 kb	 0.0% Packages/com.unity.cloud.gltfast/Runtime/Scripts/Export/ExportJobs.cs
 0.1 kb	 0.0% Packages/com.unity.cloud.gltfast/Runtime/Scripts/Export/Constants.cs
 0.1 kb	 0.0% Packages/com.unity.cloud.gltfast/Runtime/Scripts/DontDestroyOnLoad.cs
 0.1 kb	 0.0% Packages/com.unity.cloud.gltfast/Runtime/Scripts/DefaultDeferAgent.cs
 0.1 kb	 0.0% Packages/com.unity.burst/Runtime/NoAliasAttribute.cs
 0.1 kb	 0.0% Packages/com.unity.burst/Runtime/FunctionPointer.cs
 0.1 kb	 0.0% Packages/com.unity.burst/Runtime/Editor/BurstLoader.cs
 0.1 kb	 0.0% Packages/com.unity.burst/Runtime/CompilerServices/Constant.cs
 0.1 kb	 0.0% Packages/com.unity.burst/Runtime/CompilerServices/Aliasing.cs
 0.1 kb	 0.0% Packages/com.unity.burst/Runtime/BurstString.Float.cs
 0.1 kb	 0.0% Packages/com.unity.burst/Runtime/BurstCompiler.cs
 0.1 kb	 0.0% Assets/Gibi/Spatial/Runtime/ISurfaceProbe.cs
 0.1 kb	 0.0% Assets/Gibi/Spatial/Runtime/ARSurfaceProbe.cs
 0.1 kb	 0.0% Assets/Gibi/Spatial/Runtime/ARSessionDriver.cs
 0.1 kb	 0.0% Assets/Gibi/Pets/Runtime/SandboxBoundary.cs
 0.1 kb	 0.0% Assets/Gibi/Pets/Runtime/RestAffordance.cs
 0.1 kb	 0.0% Assets/Gibi/Pets/Runtime/PetController.cs
 0.1 kb	 0.0% Assets/Gibi/Pets/Runtime/PetBiometrics.cs
 0.1 kb	 0.0% Assets/Gibi/Pets/Runtime/LookAtConstraints.cs
 0.1 kb	 0.0% Assets/Gibi/Pets/Runtime/IntentCatalog.cs
 0.1 kb	 0.0% Assets/Gibi/Pets/Runtime/FetchSequence.cs
 0.1 kb	 0.0% Assets/Gibi/Pets/Runtime/BehaviorArbiter.cs
 0.1 kb	 0.0% Assets/Gibi/Core/Runtime/ServiceContainer.cs
 0.1 kb	 0.0% Assets/Gibi/Core/Runtime/MonotonicClock.cs
 0.1 kb	 0.0% Assets/Gibi/Core/Runtime/GibiBootstrap.cs
 0.1 kb	 0.0% Assets/Gibi/Core/Runtime/AnchorLocalPose.cs
 0.1 kb	 0.0% Packages/com.unity.ugui/Runtime/UGUI/UI/Core/Culling/IClipRegion.cs
 0.1 kb	 0.0% Packages/com.unity.ugui/Runtime/TMP/TextMeshPro.cs
 0.1 kb	 0.0% Packages/com.unity.ugui/Runtime/TMP/TMP_TextInfo.cs
 0.1 kb	 0.0% Packages/com.unity.ugui/Runtime/TMP/TMP_SubMesh.cs
 0.1 kb	 0.0% Packages/com.unity.ugui/Runtime/TMP/TMP_Style.cs
 0.1 kb	 0.0% Packages/com.unity.ugui/Runtime/TMP/TMP_Sprite.cs
 0.1 kb	 0.0% Packages/com.unity.ugui/Runtime/TMP/TMP_Settings.cs
 0.1 kb	 0.0% Packages/com.unity.ugui/Runtime/TMP/TMP_MeshInfo.cs
 0.1 kb	 0.0% Packages/com.unity.ugui/Runtime/TMP/TMP_LineInfo.cs
 0.1 kb	 0.0% Packages/com.unity.ugui/Runtime/TMP/TMP_Dropdown.cs
 0.1 kb	 0.0% Packages/com.unity.ugui/Runtime/TMP/TMP_Asset.cs
 0.1 kb	 0.0% Packages/com.unity.ugui/Runtime/TMP/FastAction.cs
 0.1 kb	 0.0% Packages/com.unity.timeline/Runtime/ObjectId.cs
 0.1 kb	 0.0% Packages/com.unity.timeline/Runtime/Events/Marker.cs
 0.1 kb	 0.0% Packages/com.unity.timeline/Runtime/Events/IMarker.cs
 0.1 kb	 0.0% Packages/com.unity.mathematics/Unity.Mathematics/int4.gen.cs
 0.1 kb	 0.0% Packages/com.unity.mathematics/Unity.Mathematics/int3.gen.cs
 0.1 kb	 0.0% Packages/com.unity.mathematics/Unity.Mathematics/int2.gen.cs
 0.1 kb	 0.0% Packages/com.unity.inputsystem/InputSystem/Devices/Pen.cs
 0.1 kb	 0.0% Packages/com.unity.cloud.gltfast/Runtime/Scripts/VertexStructs.cs
 0.1 kb	 0.0% Packages/com.unity.cloud.gltfast/Runtime/Scripts/Schema/GltfAnimation.cs
 0.1 kb	 0.0% Packages/com.unity.cloud.gltfast/Runtime/Scripts/Schema/FakeSchema/NamedObject.cs
 0.1 kb	 0.0% Packages/com.unity.cloud.gltfast/Runtime/Scripts/Material/Constants.cs
 0.1 kb	 0.0% Packages/com.unity.burst/Runtime/Intrinsics/Common.cs
 0.1 kb	 0.0% Packages/com.unity.burst/Runtime/Intrinsics/Arm/NEON_ctor.cs
 0.1 kb	 0.0% Packages/com.unity.burst/Runtime/Intrinsics/Arm/NEON_AArch64.cs
 0.1 kb	 0.0% Assets/Gibi/Pets/Runtime/CareContext.cs
 0.1 kb	 0.0% Packages/com.unity.ugui/Runtime/UGUI/UI/Core/VertexModifiers/Shadow.cs
 0.1 kb	 0.0% Packages/com.unity.ugui/Runtime/UGUI/UI/Core/VertexModifiers/Outline.cs
 0.1 kb	 0.0% Packages/com.unity.ugui/Runtime/UGUI/UI/Core/Toggle.cs
 0.1 kb	 0.0% Packages/com.unity.ugui/Runtime/UGUI/UI/Core/Slider.cs
 0.1 kb	 0.0% Packages/com.unity.ugui/Runtime/UGUI/UI/Core/RawImage.cs
 0.1 kb	 0.0% Packages/com.unity.ugui/Runtime/UGUI/UI/Core/Image.cs
 0.1 kb	 0.0% Packages/com.unity.ugui/Runtime/UGUI/UI/Core/IMask.cs
 0.1 kb	 0.0% Packages/com.unity.ugui/Runtime/UGUI/UI/Core/Graphic.cs
 0.1 kb	 0.0% Packages/com.unity.ugui/Runtime/UGUI/UI/Core/FontData.cs
 0.1 kb	 0.0% Packages/com.unity.ugui/Runtime/UGUI/UI/Core/Dropdown.cs
 0.1 kb	 0.0% Packages/com.unity.ugui/Runtime/UGUI/UI/Core/Culling/Clipping.cs
 0.1 kb	 0.0% Packages/com.unity.ugui/Runtime/UGUI/UI/Core/Button.cs
 0.1 kb	 0.0% Packages/com.unity.mathematics/Unity.Mathematics/svd.cs
 0.1 kb	 0.0% Packages/com.unity.mathematics/Unity.Mathematics/math.cs
 0.1 kb	 0.0% Packages/com.unity.mathematics/Unity.Mathematics/half.cs
 0.1 kb	 0.0% Packages/com.unity.cloud.gltfast/Runtime/Scripts/StreamExtension.cs
 0.1 kb	 0.0% Packages/com.unity.cloud.gltfast/Runtime/Scripts/Schema/TextureInfo.cs
 0.1 kb	 0.0% Packages/com.unity.cloud.gltfast/Runtime/Scripts/Schema/SpotLight.cs
 0.1 kb	 0.0% Packages/com.unity.cloud.gltfast/Runtime/Scripts/Schema/NamedObject.cs
 0.1 kb	 0.0% Packages/com.unity.cloud.gltfast/Runtime/Scripts/Schema/MaterialSheen.cs
 0.1 kb	 0.0% Packages/com.unity.cloud.gltfast/Runtime/Scripts/Schema/MaterialIor.cs
 0.1 kb	 0.0% Packages/com.unity.cloud.gltfast/Runtime/Scripts/Schema/JsonWriter.cs
 0.1 kb	 0.0% Packages/com.unity.cloud.gltfast/Runtime/Scripts/Schema/IBufferView.cs
 0.1 kb	 0.0% Packages/com.unity.cloud.gltfast/Runtime/Scripts/Schema/Constants.cs
 0.1 kb	 0.0% Packages/com.unity.cloud.gltfast/Runtime/Scripts/Schema/BufferView.cs
 0.1 kb	 0.0% Packages/com.unity.cloud.gltfast/Runtime/Scripts/RootExtension.cs
 0.1 kb	 0.0% Packages/com.unity.cloud.gltfast/Runtime/Scripts/NodeExtension.cs
 0.1 kb	 0.0% Packages/com.unity.cloud.gltfast/Runtime/Scripts/MeshGenerator.cs
 0.1 kb	 0.0% Packages/com.unity.cloud.gltfast/Runtime/Scripts/MeshAssignment.cs
 0.1 kb	 0.0% Packages/com.unity.cloud.gltfast/Runtime/Scripts/Logging/LogMessages.cs
 0.1 kb	 0.0% Packages/com.unity.cloud.gltfast/Runtime/Scripts/Logging/ICodeLogger.cs
 0.1 kb	 0.0% Packages/com.unity.cloud.gltfast/Runtime/Scripts/Loading/IDownload.cs
 0.1 kb	 0.0% Packages/com.unity.cloud.gltfast/Runtime/Scripts/ImportSettings.cs
 0.1 kb	 0.0% Packages/com.unity.cloud.gltfast/Runtime/Scripts/ImportContext.cs
 0.1 kb	 0.0% Packages/com.unity.cloud.gltfast/Runtime/Scripts/ImportAddons/ImportAddon.cs
 0.1 kb	 0.0% Packages/com.unity.cloud.gltfast/Runtime/Scripts/IInstantiator.cs
 0.1 kb	 0.0% Packages/com.unity.cloud.gltfast/Runtime/Scripts/IGltfReadable.cs
 0.1 kb	 0.0% Packages/com.unity.cloud.gltfast/Runtime/Scripts/GltfBoundsAsset.cs
 0.1 kb	 0.0% Packages/com.unity.cloud.gltfast/Runtime/Scripts/GltfAssetBase.cs
 0.1 kb	 0.0% Packages/com.unity.cloud.gltfast/Runtime/Scripts/AnimationUtils.cs
 0.1 kb	 0.0% Packages/com.unity.burst/Runtime/SharedStatic.cs
 0.1 kb	 0.0% Packages/com.unity.burst/Runtime/Intrinsics/x86/Ssse3.cs
 0.1 kb	 0.0% Packages/com.unity.burst/Runtime/Intrinsics/x86/Sse4_2.cs
 0.1 kb	 0.0% Packages/com.unity.burst/Runtime/Intrinsics/x86/Sse4_1.cs
 0.1 kb	 0.0% Packages/com.unity.burst/Runtime/Intrinsics/x86/Popcnt.cs
 0.1 kb	 0.0% Packages/com.unity.burst/Runtime/Intrinsics/x86/Common.cs
 0.1 kb	 0.0% Packages/com.unity.burst/Runtime/CompilerServices/Hint.cs
 0.1 kb	 0.0% Packages/com.unity.burst/Runtime/BurstString.cs
 0.1 kb	 0.0% Packages/com.unity.burst/Runtime/BurstRuntime.cs
 0.1 kb	 0.0% Assets/Gibi/UI/Runtime/PlacementRing.cs
 0.1 kb	 0.0% Assets/Gibi/Pets/Runtime/PetSpawner.cs
 0.1 kb	 0.0% Assets/Gibi/Pets/Runtime/PetAnimator.cs
 0.1 kb	 0.0% Assets/Gibi/Pets/Runtime/IntentPolicy.cs
 0.1 kb	 0.0% Assets/Gibi/Pets/Runtime/ClipResolver.cs
 0.1 kb	 0.0% Assets/Gibi/Pets/Runtime/Affordance.cs
 0.1 kb	 0.0% Assets/Gibi/Gameplay/Runtime/GateCrossing.cs
 0.1 kb	 0.0% Assets/Gibi/Core/Runtime/GeoPosition.cs
 0.1 kb	 0.0% Assets/Gibi/Core/Runtime/DeviceTier.cs
 0.1 kb	 0.0% Assets/Gibi/Core/Runtime/AppLifecycle.cs
 0.1 kb	 0.0% Assets/Gibi/Core/Runtime/AgeAssurance.cs
 0.1 kb	 0.0% Packages/com.unity.ugui/Runtime/TMP/TMP_Text.cs
 0.1 kb	 0.0% Packages/com.unity.inputsystem/InputSystem/Plugins/UI/UISupport.cs
 0.1 kb	 0.0% Packages/com.unity.cloud.gltfast/Runtime/Scripts/Schema/GltfCamera.cs
 0.1 kb	 0.0% Packages/com.unity.cloud.gltfast/Runtime/Scripts/Schema/FakeSchema/Material.cs
 0.1 kb	 0.0% Packages/com.unity.cloud.gltfast/Runtime/Scripts/Extensions.cs
 0.1 kb	 0.0% Packages/com.unity.burst/Runtime/Intrinsics/x86/Sse3.cs
 0.1 kb	 0.0% Packages/com.unity.burst/Runtime/Intrinsics/x86/Sse2.cs
 0.1 kb	 0.0% Packages/com.unity.burst/Runtime/Intrinsics/x86/Sse.cs
 0.1 kb	 0.0% Packages/com.unity.burst/Runtime/Intrinsics/x86/Fma.cs
 0.1 kb	 0.0% Packages/com.unity.burst/Runtime/Intrinsics/x86/F16C.cs
 0.1 kb	 0.0% Packages/com.unity.burst/Runtime/Intrinsics/x86/Csr.cs
 0.1 kb	 0.0% Packages/com.unity.burst/Runtime/Intrinsics/x86/Bmi2.cs
 0.1 kb	 0.0% Packages/com.unity.burst/Runtime/Intrinsics/x86/Bmi1.cs
 0.1 kb	 0.0% Packages/com.unity.burst/Runtime/Intrinsics/x86/Avx2.cs
 0.1 kb	 0.0% Packages/com.unity.burst/Runtime/Intrinsics/x86/Avx.cs
 0.1 kb	 0.0% Packages/com.unity.burst/Runtime/Intrinsics/v64.cs
 0.1 kb	 0.0% Packages/com.unity.burst/Runtime/Intrinsics/v256.cs
 0.1 kb	 0.0% Packages/com.unity.burst/Runtime/Intrinsics/v128.cs
 0.1 kb	 0.0% Packages/com.unity.burst/Runtime/Intrinsics/Arm/NEON.cs
 0.1 kb	 0.0% Assets/XR/Settings/AuthBuildSettings.asset
 0.1 kb	 0.0% Packages/com.unity.ugui/Runtime/UGUI/UI/Core/Text.cs
 0.1 kb	 0.0% Packages/com.unity.ugui/Runtime/UGUI/UI/Core/Misc.cs
 0.1 kb	 0.0% Packages/com.unity.ugui/Runtime/UGUI/UI/Core/Mask.cs
 0.1 kb	 0.0% Packages/com.unity.cloud.gltfast/Runtime/Scripts/UvTransform.cs
 0.1 kb	 0.0% Packages/com.unity.cloud.gltfast/Runtime/Scripts/UriHelper.cs
 0.1 kb	 0.0% Packages/com.unity.cloud.gltfast/Runtime/Scripts/Schema/Texture.cs
 0.1 kb	 0.0% Packages/com.unity.cloud.gltfast/Runtime/Scripts/Schema/Scene.cs
 0.1 kb	 0.0% Packages/com.unity.cloud.gltfast/Runtime/Scripts/Schema/Sampler.cs
 0.1 kb	 0.0% Packages/com.unity.cloud.gltfast/Runtime/Scripts/Schema/Material.cs
 0.1 kb	 0.0% Packages/com.unity.cloud.gltfast/Runtime/Scripts/Schema/Image.cs
 0.1 kb	 0.0% Packages/com.unity.cloud.gltfast/Runtime/Scripts/Schema/Buffer.cs
 0.1 kb	 0.0% Packages/com.unity.cloud.gltfast/Runtime/Scripts/Schema/Asset.cs
 0.1 kb	 0.0% Packages/com.unity.cloud.gltfast/Runtime/Scripts/Schema/Accessor.cs
 0.1 kb	 0.0% Packages/com.unity.cloud.gltfast/Runtime/Scripts/SamplerKey.cs
 0.1 kb	 0.0% Packages/com.unity.cloud.gltfast/Runtime/Scripts/PrimitiveSet.cs
 0.1 kb	 0.0% Packages/com.unity.cloud.gltfast/Runtime/Scripts/MeshSubset.cs
 0.1 kb	 0.0% Packages/com.unity.cloud.gltfast/Runtime/Scripts/MeshResult.cs
 0.1 kb	 0.0% Packages/com.unity.cloud.gltfast/Runtime/Scripts/MeshOrder.cs
 0.1 kb	 0.0% Packages/com.unity.cloud.gltfast/Runtime/Scripts/MeshComparer.cs
 0.1 kb	 0.0% Packages/com.unity.cloud.gltfast/Runtime/Scripts/Mathematics.cs
 0.1 kb	 0.0% Packages/com.unity.cloud.gltfast/Runtime/Scripts/Jobs.cs
 0.1 kb	 0.0% Packages/com.unity.cloud.gltfast/Runtime/Scripts/IndicesData.cs
 0.1 kb	 0.0% Packages/com.unity.cloud.gltfast/Runtime/Scripts/IGltfBuffers.cs
 0.1 kb	 0.0% Packages/com.unity.cloud.gltfast/Runtime/Scripts/IDeferAgent.cs
 0.1 kb	 0.0% Packages/com.unity.cloud.gltfast/Runtime/Scripts/GltfImport.cs
 0.1 kb	 0.0% Packages/com.unity.cloud.gltfast/Runtime/Scripts/GltfGlobals.cs
 0.1 kb	 0.0% Packages/com.unity.cloud.gltfast/Runtime/Scripts/GltfAsset.cs
 0.1 kb	 0.0% Packages/com.unity.cloud.gltfast/Runtime/Scripts/GlbBinChunk.cs
 0.1 kb	 0.0% Assets/Gibi/UI/Runtime/TapToPlace.cs
 0.1 kb	 0.0% Assets/Gibi/Pets/Runtime/FetchToy.cs
 0.1 kb	 0.0% Assets/Gibi/Core/Runtime/GibiId.cs
 0.1 kb	 0.0% Packages/com.unity.cloud.gltfast/Runtime/Scripts/Schema/FakeSchema/Root.cs
 0.1 kb	 0.0% Packages/com.unity.cloud.gltfast/Runtime/Scripts/Schema/FakeSchema/Mesh.cs
 0.1 kb	 0.0% Packages/com.unity.cloud.gltfast/Runtime/Scripts/ushort3.cs
 0.1 kb	 0.0% Packages/com.unity.cloud.gltfast/Runtime/Scripts/short4.cs
 0.1 kb	 0.0% Packages/com.unity.cloud.gltfast/Runtime/Scripts/short3.cs
 0.1 kb	 0.0% Packages/com.unity.cloud.gltfast/Runtime/Scripts/sbyte4.cs
 0.1 kb	 0.0% Packages/com.unity.cloud.gltfast/Runtime/Scripts/sbyte3.cs
 0.1 kb	 0.0% Packages/com.unity.cloud.gltfast/Runtime/Scripts/byte3.cs
 0.1 kb	 0.0% Packages/com.unity.cloud.gltfast/Runtime/Scripts/Schema/Skin.cs
 0.1 kb	 0.0% Packages/com.unity.cloud.gltfast/Runtime/Scripts/Schema/Root.cs
 0.1 kb	 0.0% Packages/com.unity.cloud.gltfast/Runtime/Scripts/Schema/Node.cs
 0.1 kb	 0.0% Packages/com.unity.cloud.gltfast/Runtime/Scripts/Schema/Mesh.cs
 0.1 kb	 0.0% Packages/com.unity.cloud.gltfast/Runtime/Scripts/DataUri.cs
 0.1 kb	 0.0% Assets/XR/Resources/ARCoreRuntimeSettings.asset
 0.1 kb	 0.0% Assets/Resources/PerformanceTestRunSettings.json
 0.0 kb	 0.0% Assets/XR/Loaders/NsdkARCoreLoader.asset
-------------------------------------------------------------------------------
Unloading 2 Unused Serialized files (Serialized files now loaded: 0)
Unloading 2109 unused Assets / (1.1 MB). Loaded Objects now: 7763.
Memory consumption went from 311.1 MB to 310.0 MB.
Total: 36.107875 ms (FindLiveObjects: 0.847500 ms CreateObjectMapping: 0.164708 ms MarkObjects: 27.741500 ms  DeleteObjects: 7.353834 ms)

Build Finished, Result: Success.
Launching external process: /Applications/Unity/Hub/Editor/6000.0.74f1/Unity.app/Contents/il2cpp/build/deploy/Analytics
##utp:{"type":"PlayerBuildInfo","version":2,"phase":"Immediate","time":1785780875506,"processId":8938,"steps":[{"description":"Preprocess Player","duration":2196},{"description":"Prepare For Build","duration":6675},{"description":"ProducePlayerScriptAssemblies","duration":16096},{"description":"Verify Build setup","duration":37},{"description":"Prepare assets for target platform","duration":4},{"description":"Prepare splash screen","duration":0},{"description":"Building scenes","duration":712},{"description":"Build scripts DLLs","duration":12},{"description":"Build GlobalGameManagers file","duration":85},{"description":"Writing asset files","duration":416},{"description":"Building Resources/unity_builtin_extra","duration":57},{"description":"Write data build dirty tracking information","duration":130},{"description":"Postprocess built player","duration":127758}],"duration":154178}
Unloading 0 Unused Serialized files (Serialized files now loaded: 0)
Loaded scene 'Temp/__Backupscenes/0.backup'
	Deserialize:            1.906 ms
	Integration:            362.041 ms
	Integration of assets:  0.001 ms
	Thread Wait Time:       0.004 ms
	Total Operation Time:   363.952 ms
Unloading 0 unused Assets / (62.0 MB). Loaded Objects now: 7767.
Memory consumption went from 309.1 MB to 247.1 MB.
Total: 11.101375 ms (FindLiveObjects: 0.231375 ms CreateObjectMapping: 0.124000 ms MarkObjects: 9.710458 ms  DeleteObjects: 1.035167 ms)

[GibiWorld] Build Succeeded -- 1494 MB, 155s, output Builds/GibiWorld-c09b9a4.apk
UnityEngine.Debug:ExtractStackTraceNoAlloc (byte*,int,string)
UnityEngine.StackTraceUtility:ExtractStackTrace () (at /Users/bokken/build/output/unity/unity/Runtime/Export/Scripting/StackTrace.cs:35)
UnityEngine.DebugLogHandler:Internal_Log (UnityEngine.LogType,UnityEngine.LogOption,string,UnityEngine.Object)
UnityEngine.DebugLogHandler:LogFormat (UnityEngine.LogType,UnityEngine.Object,string,object[])
UnityEngine.Logger:Log (UnityEngine.LogType,object)
UnityEngine.Debug:Log (object)
Gibi.Editor.AndroidBuild:Build (bool) (at Assets/Gibi/Editor/AndroidBuild.cs:77)
Gibi.Editor.AndroidBuild:BuildDevForCI () (at Assets/Gibi/Editor/AndroidBuild.cs:23)

(Filename: Assets/Gibi/Editor/AndroidBuild.cs Line: 77)

Thread 0x310987000 may have been prematurely finalized
Starting: /Applications/Unity/Hub/Editor/6000.0.74f1/PlaybackEngines/AndroidPlayer/OpenJDK/bin/java -classpath "/Applications/Unity/Hub/Editor/6000.0.74f1/PlaybackEngines/AndroidPlayer/Tools/gradle/lib/gradle-launcher-8.13.jar" org.gradle.launcher.GradleMain "-Dorg.gradle.jvmargs=-Xmx4096m" "--stop" 
WorkingDir: 
Killing ADB server in 0.042939 seconds.
Start importing ProjectSettings/ProjectSettings.asset using Guid(00000000000000004000000000000000) (LibraryAssetImporter) -> (artifact id: 'cca61640a0de54922e524bf092ee6018') in 0.024864208 seconds
Start importing Packages/com.unity.xr.arkit/Tests/Editor/Assets/TestReferenceImageLibrary.asset using Guid(e140c899c3d924dff8f41e493d33d3a7) (NativeFormatImporter) -> (artifact id: '5a09e49ce0735eecabf96c02a4dc2662') in 0.001707083 seconds
Start importing Packages/com.unity.xr.arcore/Tests/Editor/Assets/TestReferenceImageLibrary.asset using Guid(c33765148919746ecbe8e10cceb19107) (NativeFormatImporter) -> (artifact id: '02a1e77c9622db66b2d31429ab9963b6') in 0.00126075 seconds
The following asset(s) located in immutable packages were unexpectedly altered. Making changes to immutable packages isn't recommended because the changes can be lost without any warning during Package Manager operations.
  Packages/com.unity.xr.arcore/Tests/Editor/Assets/TestReferenceImageLibrary.asset
  Packages/com.unity.xr.arkit/Tests/Editor/Assets/TestReferenceImageLibrary.asset
Refreshing native plugins compatible for Editor in 3.19 ms, found 10 plugins.
Preloading 0 native plugins for Editor in 0.00 ms.
Asset Pipeline Refresh (id=8ba213961b6d74ac2ab3951c56b9340d): Total: 0.080 seconds - Initiated by StopAssetImportingV2(NoUpdateAssetOptions)
Thread 0x310c07000 may have been prematurely finalized
Input System module state changed to: ShutdownInProgress.
Input System polling thread exited.
Input System module state changed to: Shutdown.
[Physics::Module] Cleanup current backned.
[Physics::Module] Id: 0xf2b8ea05
[Licensing::IpcConnector] LicenseClient-robert-notifications channel disconnected successfully.
[Licensing::IpcConnector] LicenseClient-robert channel disconnected successfully.
Thread 0x17049b000 may have been prematurely finalized
Thread 0x170527000 may have been prematurely finalized
Thread 0x1707e3000 may have been prematurely finalized
Thread 0x1706cb000 may have been prematurely finalized
Thread 0x1705b3000 may have been prematurely finalized
Thread 0x170757000 may have been prematurely finalized
Thread 0x17063f000 may have been prematurely finalized
AcceleratorClientConnectionCallback - disconnected - :0
Cleanup mono
[40m[32minfo[39m[22m[49m: Microsoft.Hosting.Lifetime[0]
      Application is shutting down...
[40m[32minfo[39m[22m[49m: Unity.ILPP.Runner.PostProcessingAssemblyLoadContext[0]
      ALC ILPP context 3 is unloading
debugger-agent: Unable to listen on 44
[usbmuxd] Stop listen thread
[usbmuxd] Error: 
[usbmuxd] Listen thread exiting
[Package Manager] Server process was shutdown
Checking for leaked weakptr:
  Found no leaked weakptrs.
##utp:{"type":"MemoryLeaks","version":2,"phase":"Immediate","time":1785780878995,"processId":8938,"allocatedMemory":11204867,"memoryLabels":[{"Default":23613},{"Permanent":15320},{"Thread":1088712},{"Manager":29358},{"VertexData":8},{"Geometry":408},{"VFX":-104},{"Texture":160},{"Shader":78564},{"Material":24},{"GfxDevice":38520},{"Animation":408},{"Audio":4600},{"FontEngine":272},{"Physics":2113},{"Serialization":-64},{"Input":9488},{"JobScheduler":33216},{"TextLib":160},{"Mono":32},{"MonoCode":504},{"ScriptingNativeRuntime":155032},{"BaseObject":1620616},{"Resource":912},{"Renderer":3456},{"Transform":4654},{"File":9595},{"WebCam":32},{"Culling":32},{"Terrain":11298},{"Wind":24},{"String":16928},{"DynamicArray":115100},{"HashMap":108150},{"Utility":2675032},{"PoolAlloc":1808},{"AI":72},{"TypeTree":5005},{"ScriptManager":512},{"RuntimeInitializeOnLoadManager":64},{"SpriteAtlas":112},{"GI":7280},{"Director":8192},{"CloudService":9864},{"WebRequest":776},{"VR":46025},{"SceneManager":504},{"Video":2112},{"LazyScriptCache":32},{"Camera":17},{"Secure":9625},{"SerializationCache":1576},{"APIUpdating":10320},{"Subsystems":-96},{"VirtualTexturing":57504},{"StaticSafetyDebugInfo":278528},{"Baselib":16},{"Analytics":368},{"Hierarchy":384},{"CoreStats":12456},{"Identifiers":12384},{"Gui":104},{"EditorUtility":29310},{"VersionControl":4},{"Undo":955},{"AssetDatabase":4621954},{"EditorGi":328},{"UnityConnect":24792},{"Upm":1804},{"DrivenProperties":72},{"LocalIPC":149},{"ProfilerEditor":9738},{"CoreBusinessMetrics":3020},{"Licensing":960},{"AssetReference":32},{"IPCStream":32}]}
